,age,gender,total_trips,days_since_last_trip,trips_30d,completed_trips_30d,cancelled_trips_30d,total_fare_30d,total_distance_30d,promo_used_trips_30d,total_events_30d,city_Barcelona,city_Berlin,city_London,city_Milan,income_level_low,income_level_medium,signup_channel_Organic,signup_channel_Partnership,signup_channel_Referral,persona_Casual Rider,persona_Commuter,persona_Tourist,Cluster_1,Cluster_2,Cluster_3
0,-0.9230769230769232,2,1.1578947368421053,0.2083333333333333,0.25,0.3333333333333333,0.0,0.1944353449642302,1.363936530876476e-16,0.0,-0.1538461538461538,0,0,1,0,0,0,0,0,0,0,0,1,0,0,1
1,0.6923076923076923,2,0.5789473684210527,1.2083333333333333,-0.5,-0.6666666666666666,0.0,-0.6057083681168304,-0.6488146655149246,0.0,0.1153846153846153,0,0,1,0,0,0,0,1,0,0,0,0,0,0,0
2,-0.4615384615384615,1,0.3157894736842105,-0.4583333333333333,0.5,0.3333333333333333,1.0,0.5398116935952577,0.5117573663499377,1.0,-1.0384615384615383,0,0,1,0,0,0,0,0,0,0,0,0,0,0,1
3,0.4615384615384615,0,0.1578947368421052,-0.3333333333333333,0.0,0.0,0.0,-0.1134910654845561,-0.0798541126787599,0.0,0.6153846153846154,1,0,0,0,1,0,0,0,0,0,0,0,1,0,0
4,-0.6153846153846154,1,-0.5789473684210527,0.75,1.75,1.6666666666666667,2.0,1.5920873268310214,1.8178328054515789,0.0,0.6153846153846154,0,0,0,0,0,1,0,0,1,0,0,1,1,0,0
5,-0.1153846153846153,0,-0.5263157894736842,-0.5833333333333334,0.0,0.0,0.0,0.3161687783331398,0.0130530761109511,0.0,-0.1153846153846153,0,0,1,0,0,0,0,0,1,0,0,1,0,0,1
6,-0.0384615384615384,1,0.2105263157894736,-0.125,0.5,0.3333333333333333,1.0,0.1612545306605518,0.5489970246664749,0.0,-0.9615384615384616,0,0,1,0,0,0,1,0,0,0,0,1,0,0,1
7,-0.8846153846153846,2,0.4736842105263157,1.5416666666666667,0.25,0.3333333333333333,0.0,0.4017625986706541,0.3651022171033689,2.0,-0.6153846153846154,0,0,1,0,0,0,1,0,0,0,1,0,0,0,1
8,-0.0384615384615384,0,0.8947368421052632,-0.4583333333333333,0.25,0.3333333333333333,0.0,0.99415637251276,0.0330166042806412,1.0,0.0,0,0,1,0,0,0,1,0,0,1,0,0,0,0,1
9,-0.4615384615384615,2,-1.105263157894737,1.4166666666666667,-0.5,-0.6666666666666666,0.0,-0.6057083681168304,-0.6488146655149246,0.0,-0.4615384615384615,0,0,0,0,0,1,0,0,1,0,0,1,0,0,0
10,-0.5769230769230769,0,0.2105263157894736,-0.375,1.75,1.6666666666666667,2.0,1.992116914818299,2.025914195220271,5.0,-1.0769230769230769,0,1,0,0,0,1,1,0,0,1,0,0,0,1,0
11,0.9230769230769232,1,-0.1578947368421052,0.0833333333333333,0.0,-0.3333333333333333,1.0,-0.1732165312311773,0.1136385449659276,0.0,-0.0384615384615384,0,0,0,0,0,1,0,0,1,0,1,0,0,0,1
12,-0.8076923076923077,1,-0.4210526315789473,0.9166666666666666,0.75,1.0,0.0,0.3537877907283929,0.4081005854688551,2.0,0.6538461538461539,0,0,0,0,0,1,0,0,0,0,0,1,1,0,0
13,-0.6153846153846154,0,0.1578947368421052,-0.5833333333333334,-0.25,-0.3333333333333333,0.0,-0.425221645726121,-0.4837316441117189,0.0,0.0,1,0,0,0,1,0,0,0,0,0,1,0,0,0,1
14,0.0769230769230769,2,-0.2631578947368421,-0.5833333333333334,2.75,3.0,2.0,2.7363816004987696,3.0782224781648915,0.0,0.5,0,0,0,1,0,1,1,0,0,1,0,0,0,1,0
15,0.2307692307692307,1,0.0526315789473684,0.2916666666666667,0.0,0.0,0.0,0.0395210972916424,0.0011517420097898,1.0,-0.8076923076923077,0,0,0,1,0,1,0,0,1,0,0,0,0,0,1
16,0.9615384615384616,2,0.5789473684210527,0.125,0.25,0.3333333333333333,0.0,0.6114146228059981,0.3666378731164219,0.0,0.7692307692307693,0,1,0,0,0,1,0,0,1,1,0,0,1,0,0
17,0.1538461538461538,2,-0.7894736842105263,-0.125,1.5,0.6666666666666666,4.0,0.9757695518476645,1.2730588348210004,2.0,-0.2692307692307692,0,0,0,1,0,1,0,0,1,0,0,1,0,1,0
18,0.8846153846153846,0,-0.4210526315789473,0.0,-0.25,-0.3333333333333333,0.0,-0.405355425697167,-0.4353584797005471,0.0,1.5769230769230769,0,0,0,1,0,1,0,0,1,0,0,1,1,0,0
19,0.1538461538461538,1,0.0526315789473684,0.625,0.25,0.3333333333333333,0.0,0.2236006467088648,0.4230732315961226,0.0,0.0384615384615384,0,1,0,0,0,1,0,0,0,0,0,1,0,0,1
20,0.5769230769230769,2,-0.5263157894736842,0.875,-0.5,-0.6666666666666666,0.0,-0.6057083681168304,-0.6488146655149246,0.0,0.4230769230769231,0,0,0,0,0,1,0,0,0,0,1,0,0,0,0
21,0.9230769230769232,2,-0.6842105263157895,-0.4583333333333333,0.25,0.3333333333333333,0.0,-0.0864391914025762,0.3961992513676937,0.0,0.0,0,0,0,1,0,1,1,0,0,0,0,0,0,0,1
22,-0.0769230769230769,0,0.1052631578947368,-0.125,3.25,4.0,1.0,4.582376126721123,4.097898070832134,5.0,-0.5384615384615384,0,0,1,0,0,0,0,0,1,0,1,0,0,1,0
23,-0.7692307692307693,2,0.4210526315789473,0.0,0.0,0.0,0.0,0.418035991673095,-0.1481908052596218,0.0,0.9615384615384616,0,0,1,0,0,0,0,0,1,1,0,0,1,0,0
24,0.3846153846153846,1,-0.3684210526315789,-0.2916666666666667,-0.25,-0.3333333333333333,0.0,-0.2855240772246468,-0.3923601113350609,0.0,-0.0384615384615384,1,0,0,0,1,0,0,1,0,0,0,1,0,0,1
25,0.7692307692307693,0,-0.3157894736842105,2.083333333333333,0.5,0.6666666666666666,0.0,0.277493052106559,0.3731644111718976,1.0,0.1923076923076923,0,1,0,0,0,1,1,0,0,1,0,0,1,0,0
26,-0.6923076923076923,1,-1.105263157894737,-0.5833333333333334,-0.5,-0.6666666666666666,0.0,-0.6057083681168304,-0.6488146655149246,0.0,-0.5384615384615384,1,0,0,0,1,0,0,0,1,0,1,0,0,0,0
27,0.3846153846153846,1,-0.4736842105263157,-0.3333333333333333,1.0,1.3333333333333333,0.0,1.074677966459903,0.9793646223245992,1.0,0.0384615384615384,0,0,0,1,0,1,0,0,1,0,1,0,0,0,1
28,-0.4230769230769231,1,0.6842105263157895,-0.375,4.75,5.333333333333333,3.0,6.17154692337768,4.917938381802476,6.0,1.1153846153846154,0,0,1,0,0,0,1,0,0,0,0,0,0,1,0
29,-0.3076923076923077,2,-0.5789473684210527,0.5416666666666666,0.25,0.3333333333333333,0.0,0.3117305802415647,-0.1213168250311929,0.0,0.5,0,1,0,0,0,1,0,0,0,1,0,0,1,0,0
30,0.4230769230769231,0,-0.1578947368421052,1.0,-0.25,-0.3333333333333333,0.0,-0.2891169042511597,-0.3409156348977828,0.0,1.6923076923076923,0,0,0,1,0,1,0,1,0,0,1,0,1,0,0
31,-0.7307692307692307,2,1.5263157894736843,0.1666666666666666,0.0,-0.3333333333333333,1.0,-0.0834803926748597,0.0318648622708514,0.0,-0.9615384615384616,0,0,1,0,0,0,1,0,0,1,0,0,0,0,1
32,0.8076923076923077,1,-1.105263157894737,-0.4583333333333333,0.25,0.3333333333333333,0.0,-0.0439592953832173,0.1470390632498321,0.0,0.4230769230769231,1,0,0,0,1,0,0,0,1,0,0,0,1,0,0
33,-0.7307692307692307,1,0.0526315789473684,-0.5,1.0,0.6666666666666666,2.0,0.6387201082074966,1.1670985699203378,0.0,-0.6153846153846154,0,0,0,0,0,1,0,0,0,0,1,0,0,0,1
34,-0.5384615384615384,0,0.3157894736842105,0.0833333333333333,0.5,0.3333333333333333,1.0,0.1430790527617216,-0.0710240906037047,0.0,-0.8461538461538461,1,0,0,0,1,0,0,0,0,1,0,0,0,0,1
35,-0.7307692307692307,1,-1.105263157894737,1.4583333333333333,0.25,-0.3333333333333333,2.0,-0.3332030052941364,0.0790862846722335,0.0,-0.3846153846153846,0,0,0,1,0,1,0,0,1,0,0,0,0,0,1
36,0.2307692307692307,0,-0.9473684210526316,1.4583333333333333,0.0,0.0,0.0,-0.1246922320966259,0.0510605624340148,0.0,0.8846153846153846,1,0,0,0,1,0,0,1,0,0,1,0,1,0,0
37,-0.9615384615384616,0,-1.0,-0.5833333333333334,-0.25,-0.3333333333333333,0.0,-0.4533302336394282,-0.5378635185718399,1.0,0.1153846153846153,1,0,0,0,1,0,0,1,0,0,0,1,0,0,1
38,0.6538461538461539,2,-0.3157894736842105,-0.5,0.0,-0.3333333333333333,1.0,-0.33256897699534,-0.1197811690181399,0.0,-1.0384615384615383,0,0,0,1,0,1,0,0,0,1,0,0,0,0,1
39,-0.8461538461538461,2,-0.2631578947368421,-0.4166666666666667,2.5,2.333333333333333,3.0,2.030834909598132,2.4528265668490263,1.0,-0.6538461538461539,0,1,0,0,0,1,1,0,0,0,0,0,0,1,0
40,0.1923076923076923,2,0.1578947368421052,1.0833333333333333,1.25,1.0,2.0,1.1984825589382142,1.2530953066513102,0.0,0.2307692307692307,0,0,0,1,0,1,0,0,1,0,1,0,1,0,0
41,0.5,1,0.0,-0.2083333333333333,-0.25,-0.3333333333333333,0.0,-0.0705884839326662,-0.2265092619253286,0.0,-0.8846153846153846,0,0,1,0,0,0,0,1,0,0,1,0,0,0,1
42,0.4615384615384615,2,0.2105263157894736,0.25,-0.25,-0.3333333333333333,0.0,-0.2504411780245792,-0.5996736730972262,0.0,1.5,0,1,0,0,0,1,0,0,1,0,0,0,1,0,0
43,0.4230769230769231,2,-0.2631578947368421,-0.0416666666666666,0.25,0.3333333333333333,0.0,0.0331808143036784,0.2295805739514349,0.0,0.3076923076923077,0,0,0,1,0,1,1,0,0,0,0,1,1,0,0
44,-0.3846153846153846,0,-0.6842105263157895,2.083333333333333,-0.25,-0.3333333333333333,0.0,-0.1686515274798432,-0.1719934734619444,0.0,0.6923076923076923,0,0,0,0,0,1,0,0,0,1,0,0,1,0,0
45,0.8846153846153846,1,0.3684210526315789,1.75,0.0,-0.6666666666666666,2.0,-0.4839749347479209,-0.2768019963528169,0.0,-1.1153846153846154,0,0,0,0,0,1,0,1,0,0,0,0,0,0,1
46,-0.4615384615384615,2,-0.8947368421052632,-0.2916666666666667,0.0,0.0,0.0,-0.0653049147760295,-0.117093770995297,1.0,1.1538461538461535,0,0,0,1,0,1,0,0,0,0,0,1,1,0,0
47,-0.0769230769230769,0,-0.8421052631578947,0.4583333333333333,-0.5,-0.6666666666666666,0.0,-0.6057083681168304,-0.6488146655149246,0.0,0.5769230769230769,0,1,0,0,0,1,0,1,0,0,1,0,0,0,0
48,-0.9615384615384616,2,-0.4210526315789473,0.5833333333333334,0.0,0.0,0.0,-0.1475172508532964,-0.2737306843267107,0.0,0.5769230769230769,0,0,0,1,0,1,0,0,1,0,0,1,1,0,0
49,-0.7307692307692307,2,-0.2631578947368421,-0.3333333333333333,-0.25,-0.3333333333333333,0.0,-0.2884828759523634,-0.3816105192436893,0.0,-0.5384615384615384,0,0,1,0,0,0,1,0,0,0,1,0,0,0,1
50,0.7692307692307693,0,0.6842105263157895,0.3333333333333333,1.75,2.333333333333333,0.0,2.263481026703159,0.9114118437470008,2.0,0.1923076923076923,0,1,0,0,0,1,1,0,0,0,1,0,1,0,0
51,-0.7692307692307693,2,1.5263157894736843,-0.25,0.5,0.6666666666666666,0.0,1.0070482812549535,0.4960168922161436,0.0,0.4230769230769231,0,0,1,0,0,0,1,0,0,1,0,0,1,0,0
52,0.9230769230769232,1,-0.3157894736842105,0.0833333333333333,0.0,0.0,0.0,-0.0906660467278856,-0.2867837604376619,1.0,-0.6538461538461539,0,0,0,0,0,1,0,0,0,0,0,1,0,0,1
53,0.3846153846153846,1,-0.1578947368421052,-0.5833333333333334,0.5,0.3333333333333333,1.0,-0.0756184417697843,0.0322487762741145,0.0,1.0769230769230769,1,0,0,0,1,0,0,0,1,0,0,0,1,0,0
54,-0.0769230769230769,2,0.7894736842105263,-0.4166666666666667,-0.25,-0.6666666666666666,1.0,-0.554943835659865,-0.5589787887513197,0.0,-0.4230769230769231,0,0,1,0,0,0,0,1,0,0,1,0,0,0,1
55,-0.0769230769230769,1,-0.6842105263157895,0.0416666666666666,0.0,0.0,0.0,-0.0511449494362432,-0.3052116325942988,0.0,0.3076923076923077,0,0,0,0,0,1,0,0,0,0,0,1,1,0,0
56,-0.1153846153846153,2,-1.0526315789473684,-0.375,-0.25,-0.3333333333333333,0.0,-0.2540340050510921,-0.5075343123140417,0.0,-0.4615384615384615,0,0,1,0,0,0,0,0,0,1,0,0,0,0,1
57,0.0384615384615384,1,0.4210526315789473,2.083333333333333,4.25,5.333333333333333,1.0,4.59421132163199,4.93367885593627,5.0,-0.3461538461538461,0,1,0,0,0,1,1,0,0,0,1,0,0,1,0
58,-0.3076923076923077,1,-0.5789473684210527,-0.375,0.5,0.6666666666666666,0.0,0.5702027833842318,0.340915634897783,2.0,-0.3076923076923077,0,1,0,0,0,1,0,1,0,0,0,0,0,0,1
59,-0.5,0,0.0526315789473684,-0.3333333333333333,0.0,-0.3333333333333333,1.0,-0.2315894032736994,0.1343699011421441,0.0,0.3076923076923077,0,1,0,0,0,1,1,0,0,0,0,1,1,0,0
60,0.6538461538461539,1,1.5263157894736843,-0.375,1.25,1.6666666666666667,0.0,1.5916223727452372,1.7057299164987043,2.0,-0.8076923076923077,0,0,1,0,0,0,1,0,0,1,0,0,0,0,1
61,-0.1153846153846153,2,0.7368421052631579,-0.5416666666666666,1.75,1.6666666666666667,2.0,1.4038231906417429,1.7114886265476532,2.0,0.0384615384615384,0,0,0,0,0,1,1,0,0,1,0,0,0,1,0
62,-0.5384615384615384,2,0.3157894736842105,-0.5416666666666666,0.25,0.0,1.0,0.1162807899992603,0.3508973989826279,0.0,0.0,0,0,0,0,0,1,0,0,1,0,0,1,0,0,1
63,-0.1153846153846153,2,0.2631578947368421,-0.125,3.75,4.666666666666667,1.0,4.438155823021568,4.50139168826183,4.0,-0.3846153846153846,1,0,0,0,1,0,0,1,0,0,0,1,0,1,0
64,-0.5,0,-0.6842105263157895,0.25,-0.25,-0.3333333333333333,0.0,-0.3544218190271893,-0.3800748632306363,0.0,-1.0,0,0,0,1,0,1,0,1,0,0,0,0,0,0,1
65,0.6923076923076923,2,-0.3684210526315789,-0.5,-0.5,-0.6666666666666666,0.0,-0.6057083681168304,-0.6488146655149246,0.0,-0.5384615384615384,0,0,0,1,0,1,1,0,0,0,1,0,0,0,0
66,0.5384615384615384,0,0.0526315789473684,0.125,1.0,1.3333333333333333,0.0,1.0472034068453926,0.9594010941549094,1.0,0.6923076923076923,0,0,0,0,0,1,1,0,0,0,0,0,1,0,0
67,-0.1923076923076923,0,-0.4210526315789473,0.0833333333333333,0.0,0.0,0.0,-0.0739699681929137,-0.3428352049140992,1.0,-0.1538461538461538,1,0,0,0,1,0,0,0,0,0,0,1,0,0,1
68,0.6923076923076923,2,0.0,-0.2916666666666667,0.0,-0.3333333333333333,1.0,-0.2256718058182664,-0.2695076302908147,2.0,-1.0769230769230769,1,0,0,0,1,0,1,0,0,0,1,0,0,0,1
69,-0.2307692307692307,0,0.1578947368421052,-0.3333333333333333,-0.5,-0.6666666666666666,0.0,-0.6057083681168304,-0.6488146655149246,0.0,-0.3076923076923077,0,0,1,0,0,0,0,1,0,0,1,0,0,0,0
70,0.1153846153846153,2,0.3684210526315789,0.8333333333333334,-0.25,-0.3333333333333333,0.0,-0.4860883624105757,-0.530953066513101,0.0,-0.5769230769230769,1,0,0,0,1,0,0,1,0,0,1,0,0,0,1
71,-0.2692307692307692,2,1.0,0.875,0.25,0.3333333333333333,0.0,0.3740766962898778,0.2656684902581822,0.0,-0.1923076923076923,0,0,1,0,0,0,0,0,1,0,0,1,0,0,1
72,-0.4230769230769231,1,0.8947368421052632,1.7916666666666667,0.0,-0.3333333333333333,1.0,-0.1851785318018028,-0.1021211248680295,0.0,1.3461538461538465,0,0,0,0,0,1,0,0,1,0,1,0,1,0,0
73,0.5384615384615384,1,-0.5263157894736842,0.625,0.0,0.0,0.0,-0.0695317701013388,-0.4606968039159227,1.0,-0.1538461538461538,1,0,0,0,1,0,0,1,0,1,0,0,0,0,1
74,0.2307692307692307,0,0.5789473684210527,1.4166666666666667,0.5,0.6666666666666666,0.0,0.3138440079042194,0.5248104424608888,0.0,-0.5,1,0,0,0,1,0,0,0,0,0,1,0,0,0,1
75,-0.4230769230769231,1,-0.1578947368421052,-0.5416666666666666,-0.25,-0.3333333333333333,0.0,-0.3142666934367504,-0.4203858335732796,0.0,0.9615384615384616,1,0,0,0,1,0,0,0,1,1,0,0,1,0,0
76,-0.6538461538461539,0,-0.1052631578947368,-0.0833333333333333,0.5,0.0,2.0,-0.1115044434816607,0.5655053268067954,0.0,0.3846153846153846,1,0,0,0,1,0,0,1,0,0,0,1,1,0,0
77,-0.5769230769230769,2,0.1578947368421052,0.625,0.5,0.6666666666666666,0.0,0.6004247989601937,0.9870429023898648,3.0,-0.6923076923076923,1,0,0,0,1,0,0,1,0,1,0,0,0,0,1
78,0.9230769230769232,2,0.0,0.0833333333333333,-0.25,-0.3333333333333333,0.0,-0.4746758530322404,-0.2303484019579613,0.0,0.2692307692307692,0,0,0,0,0,1,0,0,0,1,0,0,1,0,0
79,0.7692307692307693,0,-0.0526315789473684,-0.5416666666666666,-0.25,-0.3333333333333333,0.0,-0.3423752813500576,-0.5889240810058546,0.0,-0.1153846153846153,0,0,1,0,0,0,1,0,0,0,1,0,0,0,1
80,-0.7692307692307693,1,-0.8947368421052632,0.4583333333333333,0.0,0.0,0.0,0.2679826276246131,0.0506766484307515,0.0,0.5,0,0,0,1,0,1,0,0,0,0,1,0,1,0,0
81,0.7692307692307693,1,0.4736842105263157,-0.5833333333333334,0.5,0.6666666666666666,0.0,0.202043684549787,0.0119013341011614,1.0,-0.2692307692307692,0,1,0,0,0,1,0,1,0,0,0,0,0,0,1
82,0.1538461538461538,0,-1.105263157894737,2.0416666666666665,-0.5,-0.6666666666666666,0.0,-0.6057083681168304,-0.6488146655149246,0.0,-0.0769230769230769,0,0,0,1,0,1,0,0,0,0,0,0,0,0,0
83,0.7307692307692307,1,-1.105263157894737,-0.5833333333333334,-0.5,-0.6666666666666666,0.0,-0.6057083681168304,-0.6488146655149246,0.0,-0.1923076923076923,0,0,0,1,0,1,0,1,0,1,0,0,0,0,0
84,0.8846153846153846,0,0.5789473684210527,-0.0416666666666666,0.0,0.0,0.0,-0.1766825525979309,-0.2034744217295325,1.0,0.6153846153846154,0,0,0,0,0,1,0,0,0,1,0,0,1,0,0
85,0.0769230769230769,0,-0.1052631578947368,-0.5416666666666666,-0.25,-0.3333333333333333,0.0,-0.3808396648103728,-0.1516460312889912,0.0,0.1153846153846153,0,0,0,0,0,1,0,1,0,0,0,0,0,0,1
86,0.8076923076923077,1,0.1052631578947368,-0.2083333333333333,0.75,0.6666666666666666,1.0,0.6082444813120159,0.507918226317305,0.0,-0.5384615384615384,1,0,0,0,1,0,0,0,0,1,0,0,0,0,1
87,0.4230769230769231,2,0.3684210526315789,2.083333333333333,0.0,0.0,0.0,-0.2138788794606533,-0.168538247432575,0.0,-1.1538461538461535,0,0,0,1,0,1,0,0,1,0,0,0,0,0,1
88,-0.5384615384615384,1,-0.0526315789473684,0.0833333333333333,0.25,0.3333333333333333,0.0,0.1859816343136116,-0.1002015548517132,0.0,-0.1538461538461538,1,0,0,0,1,0,0,1,0,0,0,1,0,0,1
89,-0.1923076923076923,0,-0.1578947368421052,0.4583333333333333,0.0,-0.3333333333333333,1.0,-0.4487652298880941,-0.2718111143103944,1.0,0.1923076923076923,1,0,0,0,1,0,1,0,0,1,0,0,1,0,0
90,0.1923076923076923,1,1.4736842105263157,-0.3333333333333333,-0.25,-0.3333333333333333,0.0,-0.0705884839326662,-0.2073135617621652,0.0,0.3076923076923077,0,0,1,0,0,0,1,0,0,0,0,0,1,0,0
91,0.9230769230769232,2,0.8947368421052632,0.25,0.5,0.6666666666666666,0.0,0.8848921623535133,0.0648814665514925,1.0,0.1538461538461538,0,0,1,0,0,0,0,0,1,0,0,0,1,0,0
92,0.5384615384615384,1,-1.105263157894737,-0.5833333333333334,-0.25,-0.3333333333333333,0.0,-0.2956685300053893,-0.2718111143103944,1.0,-0.6153846153846154,0,0,1,0,0,0,0,0,0,0,1,0,0,0,1
93,0.4230769230769231,1,0.2631578947368421,0.0416666666666666,0.75,0.6666666666666666,1.0,1.1028288229264636,-0.0829254247048661,1.0,-0.3846153846153846,0,0,1,0,0,0,1,0,0,1,0,0,0,0,1
94,0.5,2,-0.8947368421052632,0.9583333333333334,-0.5,-0.6666666666666666,0.0,-0.6057083681168304,-0.6488146655149246,0.0,1.3461538461538465,0,0,0,1,0,1,0,0,0,0,0,0,0,0,0
95,-0.9230769230769232,0,-0.2105263157894736,-0.1666666666666666,0.25,0.0,1.0,0.0169496898544905,-0.0426144543622228,1.0,0.3461538461538461,0,0,0,1,0,1,0,1,0,1,0,0,1,0,0
96,0.7307692307692307,2,0.1578947368421052,-0.5,0.0,0.0,0.0,0.0997537856773006,0.101353296861503,0.0,-0.8461538461538461,0,0,0,1,0,1,0,0,1,0,1,0,0,0,1
97,-0.6923076923076923,2,-0.6842105263157895,1.0416666666666667,0.5,0.0,2.0,0.0011835194910866,0.4725981380170843,1.0,-1.0769230769230769,0,0,0,1,0,1,1,0,0,0,0,0,0,0,1
98,-0.8076923076923077,2,-1.0526315789473684,1.2083333333333333,0.25,0.0,1.0,-0.0109475552925512,0.2833285344082926,2.0,0.4615384615384615,0,0,0,0,0,1,0,0,1,0,0,1,1,0,0
99,0.0769230769230769,0,0.2105263157894736,0.0833333333333333,1.0,1.0,1.0,1.1420540403453343,0.5808618869373261,0.0,-0.6538461538461539,0,0,1,0,0,0,0,0,0,1,0,0,0,0,1
100,0.6153846153846154,0,-0.6842105263157895,-0.5,2.25,2.6666666666666665,1.0,1.645261166823413,1.8377963336212688,2.0,-0.6153846153846154,0,0,0,1,0,1,0,1,0,1,0,0,0,0,1
101,-0.3076923076923077,0,-0.1052631578947368,0.375,-0.5,-0.6666666666666666,0.0,-0.6057083681168304,-0.6488146655149246,0.0,0.4230769230769231,0,0,0,1,0,1,0,0,1,0,1,0,0,0,0
102,0.8846153846153846,0,0.5263157894736842,0.7083333333333334,0.25,0.0,1.0,-0.0874959052339036,0.1347538151454075,1.0,1.0,0,1,0,0,0,1,1,0,0,1,0,0,1,0,0
103,-0.5384615384615384,0,-0.4736842105263157,0.125,-0.25,-0.3333333333333333,0.0,-0.2880601904198325,-0.4192340915634897,0.0,0.8076923076923077,0,0,0,0,0,1,1,0,0,0,1,0,1,0,0
104,0.5,2,0.4736842105263157,-0.4166666666666667,-0.25,-0.3333333333333333,0.0,-0.4286031299863685,-0.4702946539975045,1.0,1.0384615384615383,0,0,0,0,0,1,0,0,1,0,0,1,1,0,0
105,0.8076923076923077,0,1.3157894736842106,0.1666666666666666,0.0,0.0,0.0,0.1426563672291906,-0.445340243785392,0.0,0.6923076923076923,0,1,0,0,0,1,0,0,0,1,0,0,1,0,0
106,0.1153846153846153,1,-0.3684210526315789,0.75,0.25,0.3333333333333333,0.0,0.2195851341498208,0.5942988770515404,1.0,-1.0769230769230769,1,0,0,0,1,0,1,0,0,0,0,0,0,0,1
107,-0.2307692307692307,2,0.8421052631578947,2.083333333333333,0.0,0.0,0.0,-0.1716103262075597,0.2975333525290335,0.0,0.1923076923076923,0,1,0,0,0,1,0,1,0,0,0,1,1,0,0
108,-0.1538461538461538,0,-1.105263157894737,2.083333333333333,0.0,-0.3333333333333333,1.0,-0.3970707892595607,-0.0687206065841251,0.0,-0.1923076923076923,0,0,0,1,0,1,1,0,0,1,0,0,0,0,1
109,-0.6923076923076923,2,0.2631578947368421,-0.375,-0.25,-0.3333333333333333,0.0,-0.1665380998171885,-0.1835108935598425,0.0,-0.2692307692307692,0,1,0,0,0,1,1,0,0,0,1,0,0,0,1
110,0.8846153846153846,2,-0.2631578947368421,-0.25,0.0,0.0,0.0,0.075026682024241,-0.0610423265188597,1.0,0.5769230769230769,0,0,0,1,0,1,0,0,0,0,1,0,1,0,0
111,-0.3076923076923077,2,-0.7368421052631579,-0.4583333333333333,-0.25,-0.3333333333333333,0.0,-0.2295182441642979,-0.3800748632306363,0.0,0.1923076923076923,1,0,0,0,1,0,0,0,1,0,0,1,1,0,0
112,-0.0769230769230769,1,-0.1052631578947368,-0.5416666666666666,0.0,-0.3333333333333333,1.0,-0.4323650312258937,0.1389768691813034,0.0,-0.5384615384615384,0,1,0,0,0,1,0,0,1,0,0,1,0,0,1
113,-0.8461538461538461,2,0.0,-0.25,0.25,0.0,1.0,0.1625648558113976,-0.2245896919090123,1.0,-0.1923076923076923,0,0,1,0,0,0,0,0,0,0,0,1,0,0,1
114,0.4230769230769231,0,0.1052631578947368,1.6666666666666667,-0.25,-0.3333333333333333,0.0,-0.2988386714993713,-0.5727996928687973,0.0,-0.3076923076923077,0,0,1,0,0,0,0,1,0,1,0,0,0,0,1
115,-0.8461538461538461,0,0.4736842105263157,0.625,0.5,0.0,2.0,-0.0341107224752465,0.2265092619253288,0.0,-0.7307692307692307,0,1,0,0,0,1,0,0,1,1,0,0,0,0,1
116,-0.8076923076923077,2,-0.3684210526315789,-0.2083333333333333,-0.25,-0.3333333333333333,0.0,-0.4607272304587196,-0.5083021403205682,0.0,1.4615384615384617,1,0,0,0,1,0,0,0,0,0,0,0,1,0,0
117,-0.7692307692307693,1,-1.105263157894737,-0.375,-0.5,-0.6666666666666666,0.0,-0.6057083681168304,-0.6488146655149246,0.0,0.7307692307692307,0,0,0,0,0,1,0,1,0,0,0,0,0,0,0
118,0.1153846153846153,0,1.5263157894736843,-0.0833333333333333,3.75,4.666666666666667,1.0,3.871207718237825,4.060274498512333,4.0,-0.8846153846153846,1,0,0,0,1,0,0,1,0,0,0,1,0,1,0
119,-0.8461538461538461,2,0.1578947368421052,-0.2083333333333333,2.5,2.0,4.0,1.5708262445447154,1.41280353200883,4.0,1.2307692307692308,0,0,0,1,0,1,0,0,0,0,0,0,0,1,0
120,-0.5769230769230769,1,0.1578947368421052,1.375,0.0,-0.3333333333333333,1.0,0.0207115910940158,-0.4518667818408676,1.0,-0.8846153846153846,0,0,1,0,0,0,0,0,1,0,1,0,0,0,1
121,0.1153846153846153,2,-0.8421052631578947,0.0,2.5,2.0,4.0,1.187112318113132,2.5326806795277856,0.0,-0.1538461538461538,1,0,0,0,1,0,1,0,0,1,0,0,0,1,0
122,0.7692307692307693,0,1.0526315789473684,-0.5,-0.25,-0.3333333333333333,0.0,-0.4055667684634324,-0.2215183798829061,0.0,0.7692307692307693,0,0,0,0,0,1,0,0,1,1,0,0,1,0,0
123,0.6538461538461539,1,-0.1578947368421052,0.125,4.0,4.333333333333333,3.0,3.554912134244926,4.154333429311834,3.0,0.9615384615384616,0,0,0,1,0,1,0,0,1,1,0,0,0,1,0
124,-0.3076923076923077,1,-0.7368421052631579,-0.5,-0.5,-0.6666666666666666,0.0,-0.6057083681168304,-0.6488146655149246,0.0,-1.3076923076923077,0,1,0,0,0,1,0,0,1,0,0,0,0,0,0
125,0.8461538461538461,2,-0.1578947368421052,-0.3333333333333333,0.5,0.3333333333333333,1.0,0.4141895533270636,0.5513005086860544,1.0,0.8461538461538461,0,0,0,1,0,1,0,1,0,0,0,1,1,0,0
126,0.7307692307692307,0,0.0526315789473684,2.083333333333333,-0.5,-0.6666666666666666,0.0,-0.6057083681168304,-0.6488146655149246,0.0,0.9230769230769232,0,0,0,0,0,1,0,1,0,0,0,1,0,0,0
127,-0.8846153846153846,0,-0.8947368421052632,1.2083333333333333,-0.5,-0.6666666666666666,0.0,-0.6057083681168304,-0.6488146655149246,0.0,0.0384615384615384,0,0,0,1,0,1,1,0,0,0,0,1,0,0,0
128,0.6923076923076923,2,0.6842105263157895,0.0833333333333333,0.25,0.3333333333333333,0.0,0.2749569389113735,0.410787983491698,1.0,0.8076923076923077,0,1,0,0,0,1,1,0,0,0,0,0,1,0,0
129,0.3076923076923077,2,-0.7894736842105263,-0.4583333333333333,-0.25,-0.3333333333333333,0.0,-0.4260670167911828,-0.3670217871196851,1.0,-0.6538461538461539,1,0,0,0,1,0,1,0,0,1,0,0,0,0,1
130,0.5769230769230769,0,-1.105263157894737,0.2083333333333333,0.0,0.0,0.0,0.0676296852049496,0.1873500335924754,0.0,-0.3461538461538461,1,0,0,0,1,0,0,1,0,0,0,0,0,0,1
131,-0.1923076923076923,2,0.0526315789473684,-0.0416666666666666,-0.25,-0.3333333333333333,0.0,-0.2768590238077626,-0.2637489202418658,0.0,-0.5,0,0,0,0,0,1,0,0,0,0,0,0,0,0,1
132,-0.2692307692307692,2,-0.6842105263157895,2.083333333333333,-0.25,-0.3333333333333333,0.0,-0.3005294136294951,-0.2357231980036471,0.0,-0.7692307692307693,1,0,0,0,1,0,0,0,1,1,0,0,0,0,1
133,-0.3461538461538461,0,-0.2105263157894736,0.4166666666666667,0.25,-0.3333333333333333,2.0,-0.3105047921972251,0.3328534408292543,0.0,-0.9230769230769232,0,0,0,0,0,1,0,1,0,0,0,0,0,0,1
134,0.1538461538461538,0,-1.105263157894737,1.7916666666666667,-0.5,-0.6666666666666666,0.0,-0.6057083681168304,-0.6488146655149246,0.0,0.8846153846153846,0,0,0,1,0,1,0,0,0,0,0,0,0,0,0
135,0.5769230769230769,0,-0.6842105263157895,0.5416666666666666,-0.25,-0.3333333333333333,0.0,-0.4567117178996757,-0.4403493617429695,0.0,1.3461538461538465,1,0,0,0,1,0,0,0,0,0,0,0,1,0,0
136,-0.2692307692307692,0,0.3684210526315789,1.0416666666666667,0.5,0.6666666666666666,0.0,0.9370938256210838,0.5006238602553029,1.0,0.3846153846153846,0,1,0,0,0,1,0,0,1,1,0,0,1,0,0
137,-0.3846153846153846,2,-0.5263157894736842,-0.5,2.5,2.6666666666666665,2.0,2.0950408419895816,2.9737978692772824,3.0,0.5769230769230769,0,0,0,1,0,1,1,0,0,0,1,0,0,1,0
138,-0.7692307692307693,1,0.0,1.2916666666666667,0.0,0.0,0.0,-0.0608667166844546,-0.0641136385449658,0.0,0.1538461538461538,1,0,0,0,1,0,0,1,0,0,0,0,0,0,1
139,0.2307692307692307,2,1.5263157894736843,-0.2083333333333333,0.5,0.6666666666666666,0.0,0.1940126594316994,0.3086668586236684,1.0,0.0,0,1,0,0,0,1,1,0,0,0,0,1,0,0,1
140,-0.3846153846153846,0,-0.1578947368421052,1.4583333333333333,-0.25,-0.3333333333333333,0.0,-0.2946118161740619,-0.2794893943756598,0.0,1.4230769230769231,1,0,0,0,1,0,0,1,0,0,1,0,1,0,0
141,0.8461538461538461,1,0.4210526315789473,0.25,1.75,1.3333333333333333,3.0,0.9300349772278172,1.307227181111431,2.0,-0.2692307692307692,0,0,0,1,0,1,1,0,0,0,0,0,0,1,0
142,-0.3076923076923077,1,-1.105263157894737,0.7916666666666666,-0.5,-0.6666666666666666,0.0,-0.6057083681168304,-0.6488146655149246,0.0,0.0769230769230769,0,0,0,1,0,1,1,0,0,0,0,1,0,0,0
143,0.3461538461538461,0,0.5263157894736842,0.7916666666666666,0.5,0.0,2.0,0.2044952606384665,0.3270947307803053,1.0,-0.8461538461538461,1,0,0,0,1,0,1,0,0,0,0,1,0,0,1
144,-0.5,2,0.5789473684210527,0.125,0.5,0.3333333333333333,1.0,0.4897234579903417,0.3693252711392648,0.0,-0.9230769230769232,0,0,0,0,0,1,0,1,0,0,1,0,0,0,1
145,-0.1923076923076923,2,-0.0526315789473684,0.9166666666666666,0.75,1.0,0.0,1.064744856445426,0.5666570688165852,1.0,-0.6538461538461539,0,0,1,0,0,0,0,1,0,1,0,0,0,0,1
146,0.2307692307692307,1,0.1052631578947368,-0.5,-0.25,-0.3333333333333333,0.0,-0.2064818826413619,-0.4733659660236106,0.0,-0.1153846153846153,0,1,0,0,0,1,1,0,0,0,1,0,0,0,1
147,0.3076923076923077,0,-0.1578947368421052,0.2916666666666667,-0.5,-0.6666666666666666,0.0,-0.6057083681168304,-0.6488146655149246,0.0,-0.5384615384615384,0,0,1,0,0,0,0,0,0,0,0,0,0,0,0
148,-0.8076923076923077,0,-0.2631578947368421,1.5416666666666667,0.25,0.3333333333333333,0.0,0.2859467627571777,0.4184662635569633,0.0,0.7692307692307693,0,1,0,0,0,1,1,0,0,0,0,1,1,0,0
149,-0.1538461538461538,2,-0.3684210526315789,2.0416666666666665,-0.25,-0.3333333333333333,0.0,-0.1838682066509568,-0.2506958441309146,0.0,0.1923076923076923,0,0,1,0,0,0,1,0,0,1,0,0,1,0,0
150,0.5384615384615384,1,1.5263157894736843,1.25,-0.25,-0.3333333333333333,0.0,-0.2969365866029821,-0.4127075535080141,0.0,0.3461538461538461,0,0,1,0,0,0,1,0,0,0,1,0,1,0,0
151,0.0769230769230769,1,0.8421052631578947,1.7083333333333333,1.5,1.0,3.0,0.7856878678685028,1.3010845570592189,3.0,0.0384615384615384,0,0,1,0,0,0,0,1,0,0,0,0,0,1,0
152,-0.9230769230769232,1,1.263157894736842,0.5833333333333334,1.25,0.6666666666666666,3.0,0.8978263396489599,1.120261061522219,2.0,-0.3076923076923077,0,0,0,0,0,1,0,0,1,0,0,1,0,1,0
153,0.0769230769230769,1,0.8947368421052632,-0.5416666666666666,0.75,0.6666666666666666,1.0,0.3098707638984287,0.029945292254535,1.0,-0.3846153846153846,0,0,0,0,0,1,0,1,0,0,1,0,0,0,1
154,-0.7692307692307693,2,0.3157894736842105,-0.1666666666666666,1.25,1.0,2.0,0.8579248253780397,0.5566753047317401,0.0,0.1923076923076923,0,1,0,0,0,1,0,0,0,1,0,0,1,0,0
155,-0.4230769230769231,0,1.105263157894737,-0.5833333333333334,1.25,1.6666666666666667,0.0,1.1308951422865177,1.098761877339476,0.0,0.4230769230769231,0,1,0,0,0,1,0,1,0,0,0,1,1,0,0
156,0.1538461538461538,0,1.4210526315789471,-0.25,1.25,1.3333333333333333,1.0,1.6830492534316788,0.5205873884249929,1.0,0.9230769230769232,0,0,1,0,0,0,0,0,1,0,1,0,1,0,0
157,-0.2307692307692307,2,-0.4210526315789473,-0.0833333333333333,-0.5,-0.6666666666666666,0.0,-0.6057083681168304,-0.6488146655149246,0.0,-0.7692307692307693,0,0,0,1,0,1,1,0,0,1,0,0,0,0,0
158,-0.0384615384615384,0,-1.105263157894737,-0.25,-0.5,-0.6666666666666666,0.0,-0.6057083681168304,-0.6488146655149246,0.0,-0.3461538461538461,0,1,0,0,0,1,0,0,0,0,0,0,0,0,0
159,0.4230769230769231,0,0.0,0.3333333333333333,0.5,0.6666666666666666,0.0,0.3975357433453447,0.4964008062194068,1.0,-0.3461538461538461,0,0,0,0,0,1,0,0,1,0,0,1,0,0,1
160,0.4230769230769231,2,0.4736842105263157,2.083333333333333,1.75,1.6666666666666667,2.0,1.866283431783839,0.8791630674728861,3.0,-0.9230769230769232,0,0,1,0,0,0,0,1,0,0,0,0,0,0,1
161,-0.1153846153846153,1,-1.0,0.625,-0.5,-0.6666666666666666,0.0,-0.6057083681168304,-0.6488146655149246,0.0,0.5,0,0,0,1,0,1,1,0,0,0,1,0,0,0,0
162,0.5769230769230769,2,0.2105263157894736,-0.0416666666666666,-0.25,-0.3333333333333333,0.0,-0.2770703665740281,-0.3313177848162011,1.0,-0.0384615384615384,0,0,1,0,0,0,1,0,0,0,0,0,0,0,1
163,-0.0769230769230769,2,-0.7368421052631579,-0.0833333333333333,0.0,0.0,0.0,-0.0720678832965244,0.051444476437278,0.0,1.1923076923076923,0,0,0,1,0,1,0,0,1,0,1,0,1,0,0
164,-0.5384615384615384,1,0.5789473684210527,-0.4583333333333333,0.0,0.0,0.0,-0.0198662200289539,-0.1965639696707937,0.0,-0.4615384615384615,1,0,0,0,1,0,1,0,0,0,1,0,0,0,1
165,0.1923076923076923,0,-1.105263157894737,-0.375,-0.5,-0.6666666666666666,0.0,-0.6057083681168304,-0.6488146655149246,0.0,0.4230769230769231,0,0,0,0,0,1,0,0,1,0,0,1,0,0,0
166,0.8846153846153846,1,1.0,-0.4166666666666667,1.5,1.6666666666666667,1.0,1.9465091458582109,1.0764948651502064,2.0,0.5769230769230769,0,1,0,0,0,1,1,0,0,1,0,0,1,0,0
167,-0.3461538461538461,2,1.5263157894736843,-0.5416666666666666,0.25,0.0,1.0,0.4734923335411538,0.2226701218926962,1.0,-0.0384615384615384,0,0,1,0,0,0,0,1,0,0,0,0,0,0,1
168,0.4615384615384615,0,-0.7894736842105263,-0.375,-0.5,-0.6666666666666666,0.0,-0.6057083681168304,-0.6488146655149246,0.0,0.8846153846153846,0,0,0,0,0,1,0,0,1,0,0,1,0,0,0
169,0.5384615384615384,2,1.3157894736842106,-0.1666666666666666,2.25,3.0,0.0,3.2948337260786413,2.6467031384969766,1.0,0.6153846153846154,0,0,1,0,0,0,0,0,0,0,0,1,0,1,0
170,0.7307692307692307,0,0.1578947368421052,-0.5833333333333334,0.25,0.3333333333333333,0.0,0.0433252670844208,0.5263460984739419,0.0,0.4615384615384615,1,0,0,0,1,0,0,0,1,1,0,0,1,0,0
171,-0.2307692307692307,0,0.4210526315789473,0.1666666666666666,-0.25,-0.3333333333333333,0.0,-0.1067280969640612,-0.4614646319224493,1.0,0.2692307692307692,0,0,1,0,0,0,0,0,1,0,0,0,1,0,0
172,-0.0384615384615384,0,-0.1052631578947368,-0.2083333333333333,-0.5,-0.6666666666666666,0.0,-0.6057083681168304,-0.6488146655149246,0.0,0.8076923076923077,0,1,0,0,0,1,0,1,0,0,0,1,0,0,0
173,0.2307692307692307,2,1.5263157894736843,-0.1666666666666666,5.75,7.333333333333333,1.0,8.174400050722266,7.039063249832037,2.0,1.0,0,0,1,0,0,0,1,0,0,1,0,0,0,1,0
174,-0.4615384615384615,0,0.1578947368421052,-0.5,0.25,0.0,1.0,-0.0792958059028034,0.0952106728092907,0.0,0.6923076923076923,0,0,0,0,0,1,0,0,0,1,0,0,1,0,0
175,0.3461538461538461,2,-0.0526315789473684,0.8333333333333334,4.0,4.333333333333333,3.0,3.556560607821796,3.7450811018331898,1.0,0.3076923076923077,0,0,0,0,0,1,0,0,1,0,0,1,0,1,0
176,-0.6923076923076923,0,0.5263157894736842,-0.375,0.0,-0.3333333333333333,1.0,-0.3149007217355468,-0.1831269795565792,0.0,-0.1153846153846153,0,1,0,0,0,1,0,0,0,0,0,0,0,0,1
177,-0.3846153846153846,1,-1.105263157894737,0.0416666666666666,-0.25,-0.6666666666666666,1.0,-0.554943835659865,-0.4676072559746617,0.0,0.1923076923076923,0,0,0,0,0,1,0,0,1,0,1,0,0,0,0
178,-0.4230769230769231,0,0.4210526315789473,0.0833333333333333,0.25,0.0,1.0,-0.1671298595627318,0.3528169689989442,0.0,-0.6153846153846154,0,1,0,0,0,1,0,0,1,0,1,0,0,0,1
179,0.3461538461538461,0,-0.4210526315789473,-0.5833333333333334,0.0,0.0,0.0,0.4045100546321051,-0.1835108935598425,0.0,0.8461538461538461,0,1,0,0,0,1,0,0,1,0,1,0,1,0,0
180,-0.1153846153846153,1,0.9473684210526316,0.375,1.25,1.6666666666666667,0.0,2.769646951908954,0.2902389864670315,1.0,-0.3846153846153846,0,0,1,0,0,0,0,0,1,0,0,1,0,0,1
181,-0.6538461538461539,2,1.5263157894736843,-0.2083333333333333,0.75,0.6666666666666666,1.0,0.7997632961017828,0.2744985123332374,0.0,0.3461538461538461,0,0,1,0,0,0,0,0,1,1,0,0,1,0,0
182,0.9230769230769232,0,0.1052631578947368,0.2083333333333333,1.5,2.0,0.0,1.6704532245622568,1.6926768403877532,4.0,0.0769230769230769,1,0,0,0,1,0,0,1,0,0,0,0,0,0,1
183,0.8076923076923077,2,0.1052631578947368,-0.25,2.5,3.333333333333333,0.0,4.3122378028806025,2.869757174392936,2.0,1.2307692307692308,0,0,1,0,0,0,0,1,0,0,0,1,0,1,0
184,0.0,0,-0.7368421052631579,1.875,1.0,1.0,1.0,0.7388965794173282,0.6384489874268165,1.0,-0.6923076923076923,1,0,0,0,1,0,0,1,0,0,0,0,0,0,1
185,-0.1923076923076923,2,1.5263157894736843,-0.375,1.5,1.6666666666666667,1.0,2.438303762957954,1.8301180535560035,2.0,-0.5384615384615384,0,0,1,0,0,0,0,0,1,0,1,0,0,1,0
186,0.5769230769230769,2,0.8947368421052632,0.7083333333333334,0.5,0.6666666666666666,0.0,0.4201494193357497,0.4357423937038104,0.0,-0.4230769230769231,0,0,0,1,0,1,0,1,0,0,0,1,0,0,1
187,0.5,0,-0.4736842105263157,0.0,-0.25,-0.3333333333333333,0.0,-0.4165565923092368,-0.2890872444572415,0.0,-0.3846153846153846,0,0,0,1,0,1,0,0,1,0,0,0,0,0,1
188,-0.4230769230769231,0,0.2631578947368421,0.4583333333333333,-0.5,-0.6666666666666666,0.0,-0.6057083681168304,-0.6488146655149246,0.0,0.5,1,0,0,0,1,0,0,1,0,0,0,1,0,0,0
189,-0.1923076923076923,0,0.2105263157894736,-0.5416666666666666,2.25,2.333333333333333,2.0,2.931789122187821,2.1625875803819943,1.0,-1.3846153846153846,0,0,1,0,0,0,1,0,0,0,0,1,0,1,0
190,-0.8076923076923077,1,-0.2105263157894736,0.0833333333333333,0.5,0.3333333333333333,1.0,0.0254034005051091,0.0767828006526538,1.0,1.2692307692307692,1,0,0,0,1,0,0,0,1,0,0,0,1,0,0
191,-0.6538461538461539,2,0.4210526315789473,0.3333333333333333,0.5,0.6666666666666666,0.0,0.2705187408197986,0.8008446108071792,0.0,0.3846153846153846,0,0,0,0,0,1,1,0,0,0,0,0,1,0,0
192,0.6538461538461539,0,0.0,2.083333333333333,0.25,0.0,1.0,-0.1022476303192332,0.292542470486611,1.0,-0.6923076923076923,0,0,0,0,0,1,1,0,0,0,0,0,0,0,1
193,0.4230769230769231,2,-0.7368421052631579,1.75,1.75,2.0,1.0,2.5154861411981027,1.292638448987427,2.0,1.2307692307692308,0,0,1,0,0,0,0,0,0,0,1,0,1,0,0
194,-0.1153846153846153,2,-0.2105263157894736,2.083333333333333,-0.5,-0.6666666666666666,0.0,-0.6057083681168304,-0.6488146655149246,0.0,0.3846153846153846,0,0,1,0,0,0,0,0,1,0,0,1,0,0,0
195,0.0769230769230769,2,1.0526315789473684,1.0416666666666667,0.25,-0.3333333333333333,2.0,-0.0967527183963311,0.1689221614358384,0.0,0.9615384615384616,0,1,0,0,0,1,1,0,0,0,0,0,1,0,0
196,0.7307692307692307,0,0.1052631578947368,-0.5416666666666666,0.25,0.0,1.0,0.2546680333498886,0.1858143775794222,0.0,-0.3461538461538461,0,0,0,0,0,1,1,0,0,0,0,1,0,0,1
197,0.4230769230769231,2,-0.0526315789473684,0.5416666666666666,4.0,5.333333333333333,0.0,4.826646095970752,4.145503407236778,3.0,1.6923076923076923,0,1,0,0,0,1,0,0,1,1,0,0,0,1,0
198,-0.7692307692307693,2,1.5263157894736843,0.25,2.0,2.0,2.0,2.536324537951878,1.9971206449755257,0.0,0.1153846153846153,0,0,1,0,0,0,0,1,0,0,1,0,0,1,0
199,-0.5769230769230769,0,0.1578947368421052,-0.5833333333333334,-0.5,-0.6666666666666666,0.0,-0.6057083681168304,-0.6488146655149246,0.0,-0.5384615384615384,0,0,0,0,0,1,1,0,0,0,0,1,0,0,0
200,-0.5769230769230769,2,0.3684210526315789,0.8333333333333334,2.0,2.6666666666666665,0.0,2.4059260511660843,2.0550916594682795,4.0,-0.8461538461538461,0,1,0,0,0,1,0,0,1,0,0,0,0,0,1
201,0.2307692307692307,2,0.4736842105263157,-0.1666666666666666,0.0,0.0,0.0,-0.0513562922025086,0.0318648622708514,1.0,-0.7307692307692307,1,0,0,0,1,0,0,1,0,1,0,0,0,0,1
202,-0.6923076923076923,0,-0.6842105263157895,0.5833333333333334,0.0,0.0,0.0,-0.0976403580146461,-0.2203666378731163,0.0,0.4615384615384615,0,0,0,1,0,1,0,0,1,1,0,0,1,0,0
203,0.2307692307692307,2,0.3157894736842105,-0.3333333333333333,0.25,0.3333333333333333,0.0,0.0486088362410575,0.2990690085420867,1.0,0.8461538461538461,0,0,0,1,0,1,0,0,1,0,0,1,1,0,0
204,-0.8461538461538461,1,-0.4736842105263157,0.4166666666666667,1.0,1.3333333333333333,0.0,1.0379043251297122,1.2438813705729916,1.0,-0.6538461538461539,0,0,0,1,0,1,1,0,0,0,1,0,0,0,1
205,-0.2692307692307692,0,0.1578947368421052,-0.5416666666666666,1.75,2.333333333333333,0.0,1.7222322022972965,1.012765140608504,2.0,0.0,0,0,0,0,0,1,0,0,1,0,0,0,0,0,1
206,-0.5384615384615384,1,-0.2105263157894736,-0.4583333333333333,0.0,0.0,0.0,0.1141250937833526,-0.0982819848353968,0.0,-0.5,1,0,0,0,1,0,0,0,0,1,0,0,0,0,1
207,0.8461538461538461,1,0.2105263157894736,0.3333333333333333,2.5,2.333333333333333,3.0,2.229792989760444,2.443228716767444,2.0,1.0384615384615383,1,0,0,0,1,0,0,0,1,1,0,0,0,1,0
208,0.4230769230769231,0,-0.4210526315789473,-0.4583333333333333,2.75,3.333333333333333,1.0,2.072469434552429,2.531145023514733,1.0,0.6153846153846154,0,0,0,0,0,1,0,1,0,1,0,0,0,1,0
209,-0.9230769230769232,0,-0.5263157894736842,2.083333333333333,4.25,4.666666666666667,3.0,3.3247175932285784,5.385929551780401,2.0,0.8846153846153846,1,0,0,0,1,0,0,1,0,0,1,0,0,1,0
210,-0.7307692307692307,1,0.6842105263157895,-0.5,2.25,2.6666666666666665,1.0,2.0654951232656686,2.7699395335444863,0.0,1.0769230769230769,1,0,0,0,1,0,0,1,0,1,0,0,1,0,0
211,0.8461538461538461,0,-0.3684210526315789,0.0416666666666666,1.25,1.0,2.0,0.6826371350374606,1.7690757270371436,3.0,1.7307692307692308,0,0,0,0,0,1,1,0,0,0,1,0,1,0,0
212,0.5769230769230769,1,-0.7894736842105263,2.083333333333333,1.0,1.0,1.0,0.7517884881595217,0.2902389864670315,0.0,0.3076923076923077,0,0,0,1,0,1,1,0,0,0,1,0,1,0,0
213,-0.3846153846153846,1,0.0,0.0833333333333333,-0.25,-0.3333333333333333,0.0,-0.4590364883285958,-0.5321048085228909,0.0,0.1923076923076923,0,1,0,0,0,1,1,0,0,0,1,0,1,0,0
214,-0.6153846153846154,2,-1.105263157894737,0.0,-0.25,-0.6666666666666666,1.0,-0.554943835659865,-0.5839331989634322,0.0,-0.3076923076923077,0,0,0,1,0,1,0,0,0,0,0,0,0,0,1
215,0.8846153846153846,2,-0.8421052631578947,-0.5833333333333334,0.0,0.0,0.0,-0.2383946403474476,-0.2015548517132162,1.0,-0.1153846153846153,0,0,0,1,0,1,1,0,0,1,0,0,0,0,1
216,-0.8076923076923077,0,1.3157894736842106,-0.25,0.0,-0.3333333333333333,1.0,-0.3877717075438801,-0.3324695268259909,0.0,1.2692307692307692,1,0,0,0,1,0,1,0,0,1,0,0,1,0,0
217,-0.1153846153846153,2,0.2631578947368421,1.2916666666666667,0.0,0.0,0.0,0.0426912387856244,-0.2503119301276513,1.0,-0.5769230769230769,0,0,1,0,0,0,1,0,0,0,0,0,0,0,1
218,-0.8461538461538461,0,1.4210526315789471,0.4166666666666667,1.25,1.3333333333333333,1.0,1.5753912482960493,2.0343603032920625,1.0,0.4230769230769231,0,0,1,0,0,0,0,0,1,0,0,1,0,1,0
219,0.2692307692307692,0,-0.1578947368421052,1.2916666666666667,-0.5,-0.6666666666666666,0.0,-0.6057083681168304,-0.6488146655149246,0.0,-0.8461538461538461,0,0,0,1,0,1,0,0,1,1,0,0,0,0,0
220,-0.1923076923076923,2,0.1578947368421052,0.5833333333333334,0.0,0.0,0.0,0.4140204791140512,-0.3412995489010461,0.0,0.1923076923076923,0,1,0,0,0,1,0,0,0,1,0,0,1,0,0
221,-0.1538461538461538,2,0.8421052631578947,0.0,-0.25,-0.3333333333333333,0.0,-0.4442424946900131,-0.1504942892792014,0.0,-0.9230769230769232,0,0,1,0,0,0,0,0,0,0,0,0,0,0,1
222,0.1153846153846153,2,-0.0526315789473684,-0.375,-0.5,-0.6666666666666666,0.0,-0.6057083681168304,-0.6488146655149246,0.0,-0.5,1,0,0,0,1,0,1,0,0,0,1,0,0,0,0
223,0.0384615384615384,0,-0.1578947368421052,-0.5416666666666666,0.25,0.3333333333333333,0.0,0.0365622985639259,0.0752471446396007,1.0,-0.6153846153846154,1,0,0,0,1,0,1,0,0,0,0,0,0,0,1
224,0.3846153846153846,2,0.631578947368421,1.8333333333333333,0.75,0.6666666666666666,1.0,1.2989549100208175,1.2611575007198388,1.0,0.0769230769230769,0,0,1,0,0,0,1,0,0,1,0,0,0,0,1
225,-0.6153846153846154,0,-0.3157894736842105,-0.5833333333333334,3.25,3.0,4.0,2.689294432174823,4.135137729148672,4.0,0.1153846153846153,0,0,0,1,0,1,0,0,0,0,0,0,0,1,0
226,-0.6538461538461539,2,-0.1052631578947368,0.25,-0.5,-0.6666666666666666,0.0,-0.6057083681168304,-0.6488146655149246,0.0,0.2307692307692307,1,0,0,0,1,0,1,0,0,0,0,0,0,0,0
227,-0.6538461538461539,2,-0.4210526315789473,2.083333333333333,0.0,0.0,0.0,-0.2840446778607886,0.2096170457817449,0.0,1.0,0,0,0,0,0,1,0,1,0,0,0,0,1,0,0
228,-0.2307692307692307,1,1.0526315789473684,-0.125,0.5,0.6666666666666666,0.0,0.2121881373305296,0.3992705633937999,0.0,-0.1923076923076923,0,0,0,0,0,1,1,0,0,0,1,0,0,0,1
229,-0.6538461538461539,1,0.2631578947368421,-0.0833333333333333,-0.25,-0.3333333333333333,0.0,-0.376401466718798,-0.4960168922161435,1.0,-0.7692307692307693,0,1,0,0,0,1,1,0,0,0,0,0,0,0,1
230,0.8461538461538461,2,-1.0,0.4166666666666667,3.25,4.0,1.0,3.9091648790591034,4.070256262597178,1.0,1.2307692307692308,0,0,0,1,0,1,1,0,0,0,0,0,0,1,0
231,-0.6153846153846154,1,0.2631578947368421,-0.5,0.25,0.3333333333333333,0.0,0.212399480096795,0.3013724925616662,2.0,-0.1153846153846153,1,0,0,0,1,0,0,0,0,0,1,0,0,0,1
232,-0.0769230769230769,2,0.9473684210526316,-0.3333333333333333,0.25,0.3333333333333333,0.0,-0.150476049581013,0.4683750839811883,0.0,-0.0384615384615384,1,0,0,0,1,0,0,1,0,0,1,0,0,0,1
233,-0.4230769230769231,2,-0.8421052631578947,-0.4166666666666667,0.0,0.0,0.0,0.0957382731182568,-0.3171129666954601,0.0,2.0384615384615383,1,0,0,0,1,0,1,0,0,0,1,0,1,0,0
234,0.6923076923076923,2,-0.7894736842105263,-0.0416666666666666,0.75,0.6666666666666666,1.0,0.5150845899421977,0.1762165274978404,1.0,0.3076923076923077,0,0,0,0,0,1,0,1,0,1,0,0,1,0,0
235,0.3076923076923077,0,0.3157894736842105,0.7083333333333334,0.5,0.3333333333333333,1.0,0.3050944173808291,0.289471158460505,0.0,0.1923076923076923,0,0,0,1,0,1,0,0,0,0,1,0,1,0,0
236,0.6153846153846154,0,1.263157894736842,-0.5833333333333334,0.0,0.0,0.0,0.0642482009447022,0.2679719742777619,1.0,-0.5384615384615384,0,0,1,0,0,0,0,0,1,0,0,1,0,0,1
237,0.8846153846153846,1,1.5263157894736843,-0.0416666666666666,1.5,1.6666666666666667,1.0,1.7634440417190624,1.7395143487858722,1.0,0.4615384615384615,0,0,1,0,0,0,0,1,0,0,0,1,0,1,0
238,-0.4230769230769231,0,0.1052631578947368,-0.0416666666666666,0.0,0.0,0.0,0.39309754525377,-0.1478068912563584,0.0,-0.3076923076923077,0,0,1,0,0,0,0,0,1,0,0,1,0,0,1
239,0.2692307692307692,0,0.8947368421052632,0.8333333333333334,1.0,0.6666666666666666,2.0,0.7764310547060752,1.0093099145791342,0.0,-0.0769230769230769,1,0,0,0,1,0,0,1,0,0,1,0,0,0,1
240,-0.9230769230769232,0,-0.0526315789473684,-0.3333333333333333,-0.5,-0.6666666666666666,0.0,-0.6057083681168304,-0.6488146655149246,0.0,1.0769230769230769,0,1,0,0,0,1,1,0,0,0,0,0,0,0,0
241,-0.2692307692307692,0,-1.105263157894737,-0.5833333333333334,-0.25,-0.3333333333333333,0.0,-0.0929908171568057,-0.2779537383626067,0.0,0.8846153846153846,0,0,1,0,0,0,0,1,0,0,1,0,1,0,0
242,-0.7692307692307693,1,0.6842105263157895,0.4583333333333333,-0.25,-0.3333333333333333,0.0,-0.2269821309691122,-0.4430367597658124,0.0,-0.3461538461538461,0,0,1,0,0,0,0,0,0,0,0,1,0,0,1
243,0.3076923076923077,0,-1.0526315789473684,0.0416666666666666,-0.25,-0.3333333333333333,0.0,-0.2508638635571101,-0.2633650062386025,1.0,0.5384615384615384,0,0,0,1,0,1,1,0,0,0,0,0,1,0,0
244,-0.8461538461538461,1,-0.1578947368421052,0.4166666666666667,4.0,4.0,4.0,4.4288990098591405,2.7092811210288894,2.0,-0.4230769230769231,0,0,1,0,0,0,0,1,0,1,0,0,0,1,0
245,0.5,2,-0.3684210526315789,-0.5416666666666666,-0.25,-0.3333333333333333,0.0,-0.4398042965984383,-0.4802764180823495,0.0,-0.5769230769230769,1,0,0,0,1,0,0,0,0,0,0,0,0,0,1
246,-0.9615384615384616,2,-0.1578947368421052,1.25,0.0,0.0,0.0,-0.281508564665603,-0.0383914003263268,0.0,0.5384615384615384,1,0,0,0,1,0,0,0,0,0,0,1,1,0,0
247,0.3076923076923077,0,0.1578947368421052,0.9166666666666666,-0.25,-0.3333333333333333,0.0,-0.3432206524151195,-0.5532200787023707,0.0,-0.5,0,0,1,0,0,0,0,0,1,0,0,0,0,0,1
248,0.5769230769230769,0,1.5263157894736843,0.2916666666666667,4.25,4.666666666666667,3.0,5.888770302114485,3.0859007582301565,2.0,-0.3846153846153846,0,0,1,0,0,0,1,0,0,0,0,1,0,1,0
249,-0.1153846153846153,1,0.8947368421052632,-0.5833333333333334,0.0,0.0,0.0,0.3345555989982354,-0.2161435838372204,0.0,1.0384615384615383,0,0,1,0,0,0,1,0,0,0,0,0,1,0,0
250,0.3461538461538461,0,-0.2105263157894736,-0.25,-0.25,-0.3333333333333333,0.0,-0.3277926304777404,-0.2810250503887129,1.0,0.6538461538461539,0,0,0,0,0,1,0,1,0,0,1,0,1,0,0
251,-0.6538461538461539,1,0.5789473684210527,0.0,0.75,1.0,0.0,1.0233216742573945,0.5332565505326808,0.0,-0.1153846153846153,0,1,0,0,0,1,0,0,1,1,0,0,0,0,1
252,0.9615384615384616,1,0.7368421052631579,0.4166666666666667,-0.5,-0.6666666666666666,0.0,-0.6057083681168304,-0.6488146655149246,0.0,-0.2692307692307692,0,0,1,0,0,0,1,0,0,0,0,0,0,0,0
253,0.3461538461538461,0,-0.1052631578947368,-0.0833333333333333,-0.25,-0.3333333333333333,0.0,-0.496655500723849,-0.5067664843075151,0.0,-0.6923076923076923,1,0,0,0,1,0,0,0,1,0,0,1,0,0,1
254,0.9230769230769232,1,-0.3157894736842105,-0.2083333333333333,1.5,2.0,0.0,1.5068739234727846,1.6604280641136386,2.0,-0.6923076923076923,0,0,0,0,0,1,1,0,0,0,0,1,0,0,1
255,0.0,2,0.7368421052631579,0.1666666666666666,-0.25,-0.3333333333333333,0.0,-0.3373030549596864,-0.3866014012861118,0.0,0.8846153846153846,1,0,0,0,1,0,0,1,0,1,0,0,1,0,0
256,0.7307692307692307,0,0.4736842105263157,-0.125,0.25,0.3333333333333333,0.0,0.0989084146122389,0.242633650062386,1.0,-0.9230769230769232,1,0,0,0,1,0,1,0,0,0,0,1,0,0,1
257,-0.7692307692307693,0,-0.2105263157894736,-0.4166666666666667,0.75,0.6666666666666666,1.0,0.4290680840721526,0.8595834533064594,0.0,-1.2692307692307692,1,0,0,0,1,0,1,0,0,0,1,0,0,0,1
258,-0.1923076923076923,2,0.1578947368421052,1.5416666666666667,1.5,1.3333333333333333,2.0,1.4539114262466584,1.799021019291679,1.0,-0.3461538461538461,0,0,1,0,0,0,1,0,0,0,0,1,0,1,0
259,-0.5769230769230769,2,0.0526315789473684,-0.4583333333333333,-0.25,-0.3333333333333333,0.0,-0.284678706159585,-0.1835108935598425,0.0,1.0769230769230769,1,0,0,0,1,0,1,0,0,1,0,0,1,0,0
260,0.5384615384615384,0,0.3684210526315789,0.0,0.0,0.0,0.0,-0.0659389430748259,-0.3347730108455705,0.0,0.6923076923076923,0,0,0,0,0,1,0,0,1,0,0,1,1,0,0
261,-0.0769230769230769,2,-0.4210526315789473,-0.2083333333333333,0.25,0.0,1.0,0.0027897245147042,-0.15855648334773,1.0,1.3076923076923077,1,0,0,0,1,0,0,0,1,0,1,0,1,0,0
262,-0.8846153846153846,1,-0.9473684210526316,-0.5,2.0,2.6666666666666665,0.0,2.084685046442573,2.2136481428160093,1.0,-0.1538461538461538,1,0,0,0,1,0,0,0,0,0,0,0,0,0,1
263,0.4230769230769231,1,0.5263157894736842,-0.5833333333333334,0.0,0.0,0.0,-0.2337450994896072,-0.0357040023034839,1.0,0.3461538461538461,1,0,0,0,1,0,0,1,0,0,1,0,1,0,0
264,0.8846153846153846,1,0.4210526315789473,-0.375,5.0,6.333333333333333,1.0,4.9332051187218,4.105192436894136,3.0,0.0,1,0,0,0,1,0,1,0,0,0,1,0,0,1,0
265,-0.3846153846153846,1,-0.3157894736842105,-0.4583333333333333,0.0,0.0,0.0,0.0124692232096625,-0.324023418754199,1.0,0.8461538461538461,0,0,0,0,0,1,0,0,0,0,0,0,1,0,0
266,0.3846153846153846,1,-0.3684210526315789,0.875,3.25,4.0,1.0,3.426753880781546,3.9570016316345136,4.0,-0.5384615384615384,1,0,0,0,1,0,1,0,0,0,0,1,0,1,0
267,-0.2692307692307692,2,0.631578947368421,-0.5416666666666666,0.75,1.0,0.0,0.7692876692063025,0.7751223725885403,0.0,-0.6538461538461539,0,0,0,1,0,1,0,0,0,1,0,0,0,0,1
268,0.1153846153846153,1,1.368421052631579,-0.5416666666666666,0.5,0.3333333333333333,1.0,0.7617215981739986,0.1577886553412036,0.0,-0.0384615384615384,0,0,1,0,0,0,0,0,1,1,0,0,0,0,1
269,0.7692307692307693,1,0.0526315789473684,0.0,1.0,1.3333333333333333,0.0,1.0078936523200153,1.0534600249544104,0.0,0.3461538461538461,0,0,0,0,0,1,1,0,0,0,0,1,1,0,0
270,0.9615384615384616,0,0.9473684210526316,0.0,-0.25,-0.6666666666666666,1.0,-0.554943835659865,-0.3228716767444092,0.0,-0.8846153846153846,0,1,0,0,0,1,0,0,1,0,1,0,0,0,1
271,0.9615384615384616,0,0.5263157894736842,-0.5833333333333334,1.0,0.6666666666666666,2.0,0.9686684349011446,1.0377195508206165,2.0,1.2692307692307692,0,1,0,0,0,1,1,0,0,0,0,0,1,0,0
272,-0.6538461538461539,2,-0.1052631578947368,-0.5416666666666666,-0.5,-0.6666666666666666,0.0,-0.6057083681168304,-0.6488146655149246,0.0,-0.8461538461538461,0,0,0,1,0,1,0,0,1,0,0,0,0,0,0
273,0.3076923076923077,0,-0.8421052631578947,-0.4583333333333333,-0.25,-0.3333333333333333,0.0,-0.4854543341117792,-0.5106056243401478,0.0,-0.8076923076923077,1,0,0,0,1,0,0,0,1,1,0,0,0,0,1
274,0.1153846153846153,0,0.8421052631578947,0.25,4.0,4.666666666666667,2.0,5.154650069214757,3.9654477397063057,1.0,-0.5,0,0,1,0,0,0,0,0,0,0,0,1,0,1,0
275,0.2692307692307692,1,0.0526315789473684,1.7916666666666667,0.25,0.3333333333333333,0.0,0.0847484492724525,0.2679719742777619,1.0,-0.1923076923076923,1,0,0,0,1,0,0,0,0,0,0,0,0,0,1
276,-0.1923076923076923,2,0.7894736842105263,0.3333333333333333,2.25,2.333333333333333,2.0,1.407542823328015,2.9941453114502354,1.0,0.0769230769230769,0,1,0,0,0,1,1,0,0,0,1,0,0,1,0
277,-0.5,2,-0.7368421052631579,-0.5833333333333334,-0.5,-0.6666666666666666,0.0,-0.6057083681168304,-0.6488146655149246,0.0,-0.8076923076923077,0,0,0,0,0,1,0,0,0,0,0,1,0,0,0
278,-0.7692307692307693,2,-0.2631578947368421,0.5833333333333334,0.25,0.0,1.0,-0.0227827502034174,0.2115366157980613,2.0,-0.0769230769230769,0,0,0,1,0,1,0,0,0,0,1,0,0,0,1
279,0.8076923076923077,2,-0.2105263157894736,0.375,-0.25,-0.3333333333333333,0.0,-0.4829182209165937,-0.1604760533640463,0.0,-1.0384615384615383,0,0,0,1,0,1,0,0,1,0,0,1,0,0,1
280,0.6153846153846154,2,0.4736842105263157,-0.5416666666666666,0.25,0.0,1.0,-0.0859742373167922,0.2272770899318553,0.0,-0.3846153846153846,0,0,1,0,0,0,0,0,0,0,0,1,0,0,1
281,0.2307692307692307,2,1.5263157894736843,-0.2083333333333333,9.5,11.333333333333334,4.0,13.97309606585441,10.51655629139073,9.0,0.4230769230769231,0,0,1,0,0,0,1,0,0,0,0,1,0,1,0
282,-0.2307692307692307,0,-0.7894736842105263,-0.2083333333333333,-0.5,-0.6666666666666666,0.0,-0.6057083681168304,-0.6488146655149246,0.0,-0.6153846153846154,1,0,0,0,1,0,0,0,1,0,0,0,0,0,0
283,0.1923076923076923,0,-1.105263157894737,0.375,-0.5,-0.6666666666666666,0.0,-0.6057083681168304,-0.6488146655149246,0.0,-1.0384615384615383,1,0,0,0,1,0,1,0,0,0,1,0,0,0,0
284,0.8076923076923077,0,0.6842105263157895,-0.0416666666666666,-0.25,-0.3333333333333333,0.0,-0.2952458444728584,-0.3067472886073519,0.0,-0.4230769230769231,0,0,0,0,0,1,0,0,0,1,0,0,0,0,1
285,-0.7307692307692307,0,-0.631578947368421,-0.1666666666666666,0.25,0.0,1.0,0.150011095495229,0.0403109703426432,0.0,0.2692307692307692,0,0,0,1,0,1,0,1,0,0,1,0,0,0,1
286,-0.3846153846153846,1,0.631578947368421,0.5,7.5,9.0,3.0,6.080373654010758,7.74277761781361,2.0,0.6923076923076923,1,0,0,0,1,0,0,0,1,0,0,0,0,1,0
287,0.0384615384615384,1,-0.1578947368421052,-0.5833333333333334,1.25,0.6666666666666666,3.0,0.526877516299811,2.1933007006430563,1.0,0.1923076923076923,0,0,0,1,0,1,1,0,0,0,1,0,0,1,0
288,0.2307692307692307,2,0.3684210526315789,1.8333333333333333,0.0,0.0,0.0,-0.0862278486363108,-0.284096362414819,0.0,0.4615384615384615,0,1,0,0,0,1,0,1,0,1,0,0,1,0,0
289,-0.7692307692307693,0,0.631578947368421,-0.375,1.25,1.6666666666666667,0.0,1.7947227711263516,1.501103752759382,1.0,-0.4230769230769231,0,0,1,0,0,0,0,0,0,1,0,0,0,0,1
290,-0.8461538461538461,1,0.1578947368421052,0.2083333333333333,2.75,3.0,2.0,2.6741200215569627,2.5787503599193777,0.0,0.0,0,0,0,0,0,1,0,1,0,0,0,1,0,1,0
291,-0.9615384615384616,1,0.2631578947368421,-0.5416666666666666,0.0,0.0,0.0,0.0359282702651294,-0.359727421057683,0.0,1.9615384615384612,0,0,0,1,0,1,0,0,0,1,0,0,1,0,0
292,0.8846153846153846,0,0.1052631578947368,-0.5416666666666666,-0.25,-0.3333333333333333,0.0,-0.5055318969069987,-0.2568384681831269,0.0,-0.0769230769230769,0,0,0,0,0,1,0,0,1,0,0,1,0,0,1
293,0.3846153846153846,1,-1.105263157894737,-0.0416666666666666,0.0,0.0,0.0,0.0,0.2038583357327959,0.0,-0.0384615384615384,0,0,0,1,0,1,1,0,0,0,0,1,0,0,1
294,0.1153846153846153,2,-0.3684210526315789,0.2083333333333333,0.0,-0.3333333333333333,1.0,-0.0959918844377754,0.2061618197523755,0.0,-0.8846153846153846,0,0,0,1,0,1,0,0,1,0,0,1,0,0,1
295,-0.0769230769230769,0,-0.4210526315789473,-0.4166666666666667,1.0,1.3333333333333333,0.0,0.7310346285122528,0.5985219310874366,0.0,-1.0,1,0,0,0,1,0,0,0,0,0,0,1,0,0,1
296,0.0,2,-1.105263157894737,-0.3333333333333333,-0.25,-0.3333333333333333,0.0,-0.1479399363858274,-0.4760533640464535,0.0,0.6538461538461539,0,0,0,1,0,1,0,0,1,0,0,0,1,0,0
297,0.1923076923076923,2,-0.4210526315789473,-0.5416666666666666,-0.25,-0.3333333333333333,0.0,-0.49707818625638,-0.3466743449467318,1.0,-0.4615384615384615,0,0,0,0,0,1,0,0,0,1,0,0,0,0,1
298,-0.1923076923076923,1,-1.0526315789473684,1.1666666666666667,-0.25,-0.6666666666666666,1.0,-0.554943835659865,-0.3301660428064112,0.0,-0.8846153846153846,0,0,0,1,0,1,1,0,0,1,0,0,0,0,1
299,0.3461538461538461,0,-0.2631578947368421,0.2916666666666667,-0.25,-0.3333333333333333,0.0,-0.3239884606849619,-0.5159804203858335,1.0,-0.4230769230769231,0,0,0,1,0,1,0,1,0,0,0,1,0,0,1
300,0.6923076923076923,1,-0.3684210526315789,0.0,1.75,2.333333333333333,0.0,1.446852577853392,1.880794701986755,1.0,0.0769230769230769,0,0,0,0,0,1,1,0,0,1,0,0,0,0,1
301,-0.3461538461538461,2,-1.0,-0.1666666666666666,-0.5,-0.6666666666666666,0.0,-0.6057083681168304,-0.6488146655149246,0.0,0.1538461538461538,1,0,0,0,1,0,0,0,1,0,1,0,0,0,0
302,0.5769230769230769,2,-0.1578947368421052,-0.5833333333333334,-0.5,-0.6666666666666666,0.0,-0.6057083681168304,-0.6488146655149246,0.0,-1.0384615384615383,0,0,0,1,0,1,0,0,0,1,0,0,0,0,0
303,0.7307692307692307,1,0.4210526315789473,-0.2916666666666667,3.5,2.333333333333333,7.0,2.050024832775037,3.471350417506478,3.0,0.4615384615384615,0,0,0,1,0,1,0,0,1,0,1,0,0,1,0
304,-0.6153846153846154,0,-0.1578947368421052,0.8333333333333334,4.75,5.666666666666667,2.0,3.994040133991315,5.594778769555619,7.0,0.1538461538461538,1,0,0,0,1,0,0,1,0,0,1,0,0,1,0
305,0.7692307692307693,1,0.0526315789473684,0.3333333333333333,-0.25,-0.3333333333333333,0.0,-0.2880601904198325,-0.4242249736059122,0.0,0.8846153846153846,0,0,1,0,0,0,1,0,0,0,1,0,1,0,0
306,-0.1923076923076923,1,0.5263157894736842,0.3333333333333333,1.0,1.3333333333333333,0.0,1.0138112497754486,1.0983779633362127,1.0,0.2307692307692307,1,0,0,0,1,0,1,0,0,1,0,0,1,0,0
307,0.5384615384615384,0,-0.7894736842105263,-0.5833333333333334,-0.5,-0.6666666666666666,0.0,-0.6057083681168304,-0.6488146655149246,0.0,-0.0769230769230769,0,0,0,0,0,1,0,0,0,0,1,0,0,0,0
308,-0.4230769230769231,0,0.3684210526315789,0.0416666666666666,0.5,0.3333333333333333,1.0,0.5829256179134129,0.4180823495537,2.0,-0.2692307692307692,0,0,0,0,0,1,0,0,0,0,0,1,0,0,1
309,-0.1153846153846153,2,-0.7368421052631579,-0.25,0.0,0.0,0.0,-0.2916530174463454,-0.3973509933774833,1.0,0.0,1,0,0,0,1,0,1,0,0,0,0,1,1,0,0
310,-0.0384615384615384,0,-1.0,1.75,-0.5,-0.6666666666666666,0.0,-0.6057083681168304,-0.6488146655149246,0.0,-0.3461538461538461,0,0,0,1,0,1,0,0,0,0,0,1,0,0,0
311,0.7692307692307693,1,-0.1578947368421052,0.25,-0.25,-0.6666666666666666,1.0,-0.554943835659865,-0.3459065169402053,0.0,-0.7692307692307693,0,0,0,0,0,1,0,1,0,0,0,1,0,0,1
312,-0.4615384615384615,1,-0.1052631578947368,0.5,-0.5,-0.6666666666666666,0.0,-0.6057083681168304,-0.6488146655149246,0.0,0.0384615384615384,1,0,0,0,1,0,1,0,0,0,0,1,0,0,0
313,0.8461538461538461,2,-0.5263157894736842,-0.25,0.0,-0.3333333333333333,1.0,-0.2387750573267253,-0.2610615222190229,0.0,-0.2307692307692307,0,0,0,1,0,1,0,0,0,0,1,0,0,0,1
314,-0.4230769230769231,2,-1.105263157894737,-0.0833333333333333,0.0,0.0,0.0,-0.1692855557786396,0.0011517420097898,0.0,-0.3461538461538461,0,0,0,1,0,1,0,0,1,0,1,0,0,0,1
315,0.7692307692307693,0,0.3684210526315789,0.0,0.5,0.6666666666666666,0.0,0.457345746198472,-0.3436030329206258,2.0,-0.6153846153846154,0,0,0,0,0,1,0,0,0,0,0,0,0,0,1
316,0.0384615384615384,2,0.3684210526315789,1.2916666666666667,0.0,0.0,0.0,0.0792535373495503,-0.142816009213936,0.0,-0.7692307692307693,0,1,0,0,0,1,0,1,0,1,0,0,0,0,1
317,-0.2692307692307692,2,-0.0526315789473684,-0.3333333333333333,-0.5,-0.6666666666666666,0.0,-0.6057083681168304,-0.6488146655149246,0.0,0.9230769230769232,0,0,0,0,0,1,0,0,1,0,0,0,0,0,0
318,-0.5384615384615384,0,1.1578947368421053,2.083333333333333,-0.25,-0.3333333333333333,0.0,-0.0756607103230374,-0.3309338708129379,0.0,1.0,0,0,1,0,0,0,0,0,1,0,1,0,1,0,0
319,0.8461538461538461,0,-0.3684210526315789,1.1666666666666667,0.25,0.3333333333333333,0.0,0.2489617786607209,0.4891064401574048,1.0,0.0384615384615384,0,1,0,0,0,1,0,0,1,0,0,0,0,0,1
320,-0.7307692307692307,0,0.2631578947368421,0.0,1.75,2.0,1.0,1.3114241332304803,0.949035416066801,3.0,-0.6538461538461539,0,0,0,1,0,1,0,1,0,0,0,1,0,0,1
321,0.1538461538461538,0,-0.1578947368421052,-0.5833333333333334,0.0,0.0,0.0,0.0211342766265467,0.1167098569920338,1.0,0.9230769230769232,0,0,0,1,0,1,0,0,1,0,1,0,1,0,0
322,0.6153846153846154,0,-0.1578947368421052,-0.125,1.25,1.6666666666666667,0.0,1.290036245284415,1.7491121988674538,1.0,-0.6538461538461539,1,0,0,0,1,0,0,0,1,0,1,0,0,0,1
323,0.6923076923076923,1,-0.1578947368421052,-0.5416666666666666,0.5,0.3333333333333333,1.0,0.036604567117179,0.2756502543430271,0.0,-0.3846153846153846,0,0,0,1,0,1,0,1,0,0,1,0,0,0,1
324,-0.7692307692307693,0,1.0526315789473684,-0.5833333333333334,0.25,0.3333333333333333,0.0,0.3212410047235108,0.2721950283136577,1.0,-0.5,0,0,0,0,0,1,0,0,0,0,0,0,0,0,1
325,-0.3846153846153846,1,0.8421052631578947,2.083333333333333,1.0,1.3333333333333333,0.0,0.7367408832014204,0.7148478740762071,0.0,-0.8461538461538461,0,0,0,0,0,1,0,1,0,0,0,1,0,0,1
326,-0.1538461538461538,0,-0.3684210526315789,-0.5833333333333334,-0.25,-0.3333333333333333,0.0,-0.1849249204822842,-0.3800748632306363,0.0,-0.5384615384615384,0,0,0,0,0,1,1,0,0,0,0,0,0,0,1
327,-0.8461538461538461,2,0.0526315789473684,0.25,-0.25,-0.3333333333333333,0.0,-0.4647427430177634,-0.1804395815337364,1.0,0.1153846153846153,0,1,0,0,0,1,0,1,0,0,0,0,0,0,1
328,0.6923076923076923,2,-1.105263157894737,1.3333333333333333,-0.5,-0.6666666666666666,0.0,-0.6057083681168304,-0.6488146655149246,0.0,0.3461538461538461,1,0,0,0,1,0,0,0,1,0,0,1,0,0,0
329,-0.4230769230769231,1,0.0526315789473684,-0.1666666666666666,-0.25,-0.3333333333333333,0.0,-0.4019739414369195,-0.2764180823495537,0.0,0.3076923076923077,0,0,0,1,0,1,0,1,0,0,1,0,1,0,0
330,-0.0769230769230769,0,-0.7368421052631579,-0.375,0.25,0.0,1.0,0.2193315228303023,0.2046261637393224,0.0,-0.1923076923076923,0,0,0,1,0,1,0,0,0,1,0,0,0,0,1
331,0.9615384615384616,1,-1.105263157894737,-0.4166666666666667,-0.5,-0.6666666666666666,0.0,-0.6057083681168304,-0.6488146655149246,0.0,0.0,0,0,0,1,0,1,1,0,0,1,0,0,0,0,0
332,-0.8461538461538461,2,0.6842105263157895,0.0833333333333333,1.25,1.3333333333333333,1.0,1.3946931831390743,1.105672329398215,1.0,0.8076923076923077,0,0,1,0,0,0,0,0,0,0,1,0,1,0,0
333,0.1153846153846153,1,-0.1578947368421052,-0.0416666666666666,0.0,-0.3333333333333333,1.0,-0.1932518254731437,-0.0856128227277089,0.0,0.1538461538461538,0,0,0,1,0,1,0,1,0,0,1,0,1,0,0
334,-0.8461538461538461,0,-0.2631578947368421,-0.1666666666666666,-0.5,-0.6666666666666666,0.0,-0.6057083681168304,-0.6488146655149246,0.0,0.5769230769230769,1,0,0,0,1,0,0,1,0,0,1,0,0,0,0
335,0.3846153846153846,0,1.5263157894736843,2.083333333333333,0.5,0.6666666666666666,0.0,1.024801073621253,0.6660907956617719,2.0,0.8846153846153846,0,0,1,0,0,0,0,0,1,0,0,1,1,0,0
336,0.8461538461538461,1,0.2105263157894736,1.0416666666666667,0.25,0.0,1.0,0.5344013187788615,0.1781360975141568,0.0,-0.0769230769230769,0,0,1,0,0,0,0,0,1,0,0,0,0,0,1
337,0.3461538461538461,1,1.5263157894736843,0.2916666666666667,1.25,1.0,2.0,2.0670167911827804,1.3337172473365968,3.0,0.1923076923076923,0,0,1,0,0,0,0,1,0,0,0,0,0,1,0
338,-0.5384615384615384,1,0.5789473684210527,0.0416666666666666,0.25,0.3333333333333333,0.0,-0.111166295055636,0.2913907284768212,1.0,-0.4615384615384615,1,0,0,0,1,0,1,0,0,1,0,0,0,0,1
339,-0.0384615384615384,1,0.7368421052631579,0.4166666666666667,0.0,0.0,0.0,-0.2383946403474475,-0.1842787215663691,0.0,-0.6538461538461539,1,0,0,0,1,0,1,0,0,0,1,0,0,0,1
340,0.0,2,-0.631578947368421,-0.5833333333333334,0.0,0.0,0.0,-0.1682288419473123,0.0207313561762166,0.0,-0.6923076923076923,0,0,0,1,0,1,0,0,0,0,1,0,0,0,1
341,0.1538461538461538,2,0.1578947368421052,-0.3333333333333333,1.25,1.6666666666666667,0.0,1.203808396648104,1.027737786735771,2.0,0.0,0,0,0,0,0,1,0,1,0,1,0,0,1,0,0
342,-0.1153846153846153,1,-0.7894736842105263,-0.5416666666666666,-0.5,-0.6666666666666666,0.0,-0.6057083681168304,-0.6488146655149246,0.0,0.6153846153846154,1,0,0,0,1,0,0,0,0,0,0,1,0,0,0
343,0.5384615384615384,1,0.1578947368421052,-0.5833333333333334,0.0,0.0,0.0,0.0116238521446007,-0.379690949227373,0.0,0.0,1,0,0,0,1,0,0,0,0,0,1,0,0,0,1
344,-0.8846153846153846,0,0.0526315789473684,-0.2083333333333333,0.5,0.3333333333333333,1.0,0.211046886392696,0.6822151837988292,0.0,-0.6153846153846154,0,0,0,1,0,1,0,0,0,0,0,0,0,0,1
345,-0.4230769230769231,2,-0.631578947368421,0.7083333333333334,0.5,0.3333333333333333,1.0,0.5047287943951899,-0.0368557443132737,0.0,0.3461538461538461,1,0,0,0,1,0,0,0,1,0,1,0,1,0,0
346,-0.4230769230769231,2,-0.4210526315789473,0.2083333333333333,-0.25,-0.3333333333333333,0.0,-0.3977470861116102,-0.3674057011229484,0.0,-0.7692307692307693,0,0,0,0,0,1,1,0,0,0,0,1,0,0,1
347,0.6538461538461539,2,1.0,0.3333333333333333,0.5,0.6666666666666666,0.0,0.6820031067386642,0.6641712256454556,0.0,0.0,0,1,0,0,0,1,0,1,0,0,1,0,0,0,1
348,0.3846153846153846,2,-0.2105263157894736,0.2083333333333333,-0.25,-0.3333333333333333,0.0,-0.4611499159912505,-0.3973509933774833,0.0,0.9615384615384616,0,0,1,0,0,0,0,1,0,0,1,0,1,0,0
349,0.6153846153846154,2,-1.105263157894737,-0.4583333333333333,0.0,-0.3333333333333333,1.0,-0.4465249965656801,-0.112870716959401,1.0,-0.2692307692307692,0,0,0,0,0,1,1,0,0,1,0,0,0,0,0
350,-0.2307692307692307,0,0.9473684210526316,1.0833333333333333,0.25,0.0,1.0,-0.1368233068802637,0.0337844322871677,0.0,-0.8461538461538461,0,1,0,0,0,1,0,1,0,0,1,0,0,0,1
351,0.7692307692307693,1,-0.3684210526315789,-0.0833333333333333,0.75,0.6666666666666666,1.0,0.5268352477465579,0.9597850081581726,2.0,1.2692307692307692,0,0,0,0,0,1,0,0,1,1,0,0,1,0,0
352,0.3076923076923077,1,-0.1052631578947368,0.0833333333333333,-0.25,-0.3333333333333333,0.0,-0.3721746113934885,-0.5896919090123812,0.0,0.8461538461538461,0,0,0,1,0,1,0,0,0,1,0,0,1,0,0
353,0.6153846153846154,1,0.7894736842105263,-0.5,1.75,1.6666666666666667,2.0,1.3383069330994477,1.998656300988579,0.0,-0.5,0,0,0,0,0,1,1,0,0,1,0,0,0,1,0
354,-0.8461538461538461,0,-0.1052631578947368,1.0416666666666667,0.0,0.0,0.0,-0.0405778111229698,-0.461080717919186,0.0,-0.1538461538461538,0,1,0,0,0,1,0,0,1,1,0,0,0,0,1
355,0.8076923076923077,2,-0.1578947368421052,0.0,0.25,0.3333333333333333,0.0,0.1041919837688756,0.2618293502255495,1.0,-0.2692307692307692,0,0,0,1,0,1,0,1,0,0,1,0,0,0,1
356,-0.9615384615384616,1,0.5263157894736842,0.6666666666666666,-0.5,-0.6666666666666666,0.0,-0.6057083681168304,-0.6488146655149246,0.0,-0.3461538461538461,0,0,0,0,0,1,0,0,1,0,1,0,0,0,0
357,0.7692307692307693,1,-0.2631578947368421,-0.375,0.5,0.0,2.0,0.1949002990500144,-0.128611191093195,0.0,-0.9230769230769232,0,0,0,1,0,1,0,0,0,1,0,0,0,0,1
358,0.1538461538461538,2,-0.3157894736842105,-0.4166666666666667,-0.5,-0.6666666666666666,0.0,-0.6057083681168304,-0.6488146655149246,0.0,0.0,1,0,0,0,1,0,1,0,0,0,0,1,0,0,0
359,0.2307692307692307,0,-0.8947368421052632,-0.4583333333333333,-0.25,-0.3333333333333333,0.0,-0.241776124607695,-0.5800940589307995,0.0,-0.6538461538461539,0,0,0,1,0,1,0,1,0,0,0,0,0,0,1
360,-0.1923076923076923,0,-0.0526315789473684,-0.5833333333333334,3.0,3.6666666666666665,1.0,3.242251645831793,2.960360879163068,0.0,-1.1153846153846154,0,0,0,0,0,1,0,0,0,0,0,0,0,1,0
361,0.3846153846153846,2,0.0526315789473684,-0.2083333333333333,-0.5,-0.6666666666666666,0.0,-0.6057083681168304,-0.6488146655149246,0.0,0.3846153846153846,0,0,0,0,0,1,1,0,0,1,0,0,0,0,0
362,-0.4230769230769231,0,0.5263157894736842,-0.2083333333333333,-0.5,-0.6666666666666666,0.0,-0.6057083681168304,-0.6488146655149246,0.0,0.4615384615384615,0,0,0,0,0,1,0,1,0,0,1,0,0,0,0
363,0.8076923076923077,2,-0.4210526315789473,0.1666666666666666,1.0,1.0,1.0,0.8047509853856479,0.9793646223245992,2.0,0.3461538461538461,1,0,0,0,1,0,0,1,0,1,0,0,1,0,0
364,-0.5769230769230769,1,-1.0,-0.5416666666666666,-0.25,-0.3333333333333333,0.0,-0.5205372333118469,-0.3420673769075726,0.0,-0.3461538461538461,0,0,0,0,0,1,0,0,0,1,0,0,0,0,0
365,-0.8076923076923077,2,1.5263157894736843,-0.5833333333333334,1.0,1.3333333333333333,0.0,1.72392294442742,0.8899126595642576,2.0,0.6538461538461539,0,0,1,0,0,0,0,0,1,0,0,0,1,0,0
366,-0.8076923076923077,2,1.5263157894736843,0.8333333333333334,-0.25,-0.3333333333333333,0.0,-0.1191973201737238,-0.1639312793934157,0.0,0.5,0,1,0,0,0,1,0,0,1,0,1,0,1,0,0
367,-0.0769230769230769,1,0.5263157894736842,-0.5833333333333334,0.25,0.3333333333333333,0.0,0.2143015649931841,0.1535656013053076,0.0,-0.9230769230769232,1,0,0,0,1,0,0,1,0,1,0,0,0,0,1
368,0.3846153846153846,0,-0.1052631578947368,0.0416666666666666,4.75,4.333333333333333,6.0,3.409339236841272,4.621172857279969,0.0,0.3461538461538461,0,0,0,1,0,1,0,0,1,0,0,0,0,1,0
369,-0.9230769230769232,2,0.6842105263157895,-0.125,1.5,1.6666666666666667,1.0,1.059672630055055,1.5571551972358193,1.0,-0.9230769230769232,0,0,0,0,0,1,0,0,0,1,0,0,0,0,1
370,-0.6153846153846154,1,0.3157894736842105,1.8333333333333333,-0.25,-0.3333333333333333,0.0,-0.389082032694726,-0.2971494385257702,0.0,0.1153846153846153,0,0,0,1,0,1,1,0,0,0,1,0,1,0,0
371,-0.7692307692307693,0,0.2105263157894736,0.75,0.75,1.0,0.0,0.5718935255143556,0.6507342355312411,1.0,0.5384615384615384,1,0,0,0,1,0,0,1,0,1,0,0,1,0,0
372,-0.2307692307692307,2,0.0,0.1666666666666666,0.5,0.0,2.0,0.0547377764627561,0.6887417218543048,0.0,0.7307692307692307,0,1,0,0,0,1,0,0,1,0,0,0,1,0,0
373,-0.0384615384615384,2,0.4736842105263157,-0.5833333333333334,0.25,0.0,1.0,-0.0180064036858178,0.1405125251943564,1.0,0.5769230769230769,1,0,0,0,1,0,0,0,1,1,0,0,1,0,0
374,-0.7692307692307693,0,0.3684210526315789,1.9583333333333333,1.0,1.3333333333333333,0.0,0.8157830777847055,0.9190901238122664,1.0,-0.5769230769230769,0,1,0,0,0,1,1,0,0,1,0,0,0,0,1
375,-0.4230769230769231,1,-0.8421052631578947,1.0416666666666667,-0.5,-0.6666666666666666,0.0,-0.6057083681168304,-0.6488146655149246,0.0,-0.2307692307692307,0,0,1,0,0,0,1,0,0,1,0,0,0,0,0
376,0.3461538461538461,2,-0.7368421052631579,-0.5833333333333334,-0.5,-0.6666666666666666,0.0,-0.6057083681168304,-0.6488146655149246,0.0,-0.8846153846153846,0,0,0,0,0,1,0,0,0,0,0,0,0,0,0
377,0.4615384615384615,1,-1.105263157894737,0.5416666666666666,-0.25,-0.3333333333333333,0.0,-0.3594940454175605,-0.3862174872828486,0.0,0.9615384615384616,0,1,0,0,0,1,0,0,1,1,0,0,1,0,0
378,-0.3846153846153846,2,-0.9473684210526316,0.3333333333333333,-0.25,-0.6666666666666666,1.0,-0.5397271564887514,-0.3489778289663115,0.0,0.5,0,0,0,1,0,1,1,0,0,1,0,0,1,0,0
379,0.9615384615384616,2,0.5263157894736842,-0.3333333333333333,0.75,1.0,0.0,0.6135280504686528,0.3654861311066322,2.0,-0.1538461538461538,0,1,0,0,0,1,1,0,0,0,0,0,0,0,1
380,-0.4230769230769231,1,-0.3157894736842105,0.6666666666666666,0.25,0.3333333333333333,0.0,-0.1050373548339374,0.4487954698147615,2.0,0.8846153846153846,1,0,0,0,1,0,0,1,0,0,0,1,1,0,0
381,0.9615384615384616,0,0.2631578947368421,-0.0416666666666666,0.75,0.3333333333333333,2.0,0.4034956093540309,0.8281025050388713,0.0,0.2692307692307692,0,0,0,0,0,1,0,0,0,1,0,0,1,0,0
382,0.0769230769230769,1,-1.105263157894737,1.4583333333333333,-0.5,-0.6666666666666666,0.0,-0.6057083681168304,-0.6488146655149246,0.0,0.0769230769230769,1,0,0,0,1,0,0,0,1,1,0,0,0,0,0
383,-0.7692307692307693,0,1.4736842105263157,0.125,0.0,0.0,0.0,0.4165565923092369,0.0648814665514925,0.0,0.1153846153846153,0,0,1,0,0,0,0,1,0,0,1,0,0,0,1
384,-0.1923076923076923,0,-1.105263157894737,2.083333333333333,0.0,-0.3333333333333333,1.0,-0.3675250705356483,-0.0180439581533736,0.0,0.2692307692307692,1,0,0,0,1,0,0,0,1,0,0,0,1,0,0
385,-0.0769230769230769,0,-0.5263157894736842,0.125,-0.25,-0.3333333333333333,0.0,-0.2599516025065252,-0.590843651022171,0.0,-0.5,1,0,0,0,1,0,0,0,0,0,0,0,0,0,1
386,0.1153846153846153,2,-1.105263157894737,-0.5,-0.5,-0.6666666666666666,0.0,-0.6057083681168304,-0.6488146655149246,0.0,0.0769230769230769,1,0,0,0,1,0,0,0,1,1,0,0,0,0,0
387,0.3846153846153846,1,0.7894736842105263,0.125,0.25,0.0,1.0,-0.0789576574767787,0.2318840579710146,1.0,-1.0384615384615383,0,0,0,0,0,1,0,1,0,0,0,1,0,0,1
388,-0.0384615384615384,1,0.0526315789473684,0.5,0.25,0.3333333333333333,0.0,0.1396975685014742,0.1597082253575199,0.0,-0.9230769230769232,1,0,0,0,1,0,0,0,0,0,1,0,0,0,1
389,-0.3076923076923077,0,0.7894736842105263,-0.0416666666666666,0.25,0.3333333333333333,0.0,0.5298363150275275,0.1881178615990019,2.0,0.3846153846153846,0,1,0,0,0,1,0,1,0,0,0,1,1,0,0
390,0.0769230769230769,0,0.631578947368421,-0.1666666666666666,-0.5,-0.6666666666666666,0.0,-0.6057083681168304,-0.6488146655149246,0.0,1.2307692307692308,0,1,0,0,0,1,1,0,0,1,0,0,1,0,0
391,-0.3461538461538461,1,0.631578947368421,0.0,-0.5,-0.6666666666666666,0.0,-0.6057083681168304,-0.6488146655149246,0.0,-0.4230769230769231,0,0,0,0,0,1,0,0,0,1,0,0,0,0,0
392,-0.2307692307692307,1,-0.2105263157894736,-0.2916666666666667,0.5,0.6666666666666666,0.0,0.8979954138619725,0.772051060562434,1.0,-0.3461538461538461,0,1,0,0,0,1,1,0,0,1,0,0,0,0,1
393,-0.1538461538461538,0,-0.6842105263157895,1.2916666666666667,-0.5,-0.6666666666666666,0.0,-0.6057083681168304,-0.6488146655149246,0.0,-1.1923076923076923,1,0,0,0,1,0,1,0,0,0,1,0,0,0,0
394,0.1923076923076923,0,0.0526315789473684,0.7083333333333334,-0.25,-0.3333333333333333,0.0,-0.4144431646465821,-0.4560898358767635,1.0,-0.6153846153846154,0,1,0,0,0,1,0,1,0,0,1,0,0,0,1
395,0.4230769230769231,1,-1.105263157894737,1.5416666666666667,0.0,0.0,0.0,-0.3254678600488202,0.0760149726461274,0.0,-0.9230769230769232,1,0,0,0,1,0,0,1,0,0,0,1,0,0,1
396,-0.6923076923076923,2,0.2105263157894736,-0.2083333333333333,-0.25,-0.3333333333333333,0.0,-0.382319064174231,-0.5002399462520395,0.0,-0.0769230769230769,0,0,0,0,0,1,0,0,0,0,1,0,0,0,1
397,0.7692307692307693,1,-0.631578947368421,0.0416666666666666,3.25,4.333333333333333,0.0,2.451787431445691,3.949323351569249,4.0,0.2692307692307692,1,0,0,0,1,0,1,0,0,1,0,0,0,1,0
398,-0.6538461538461539,2,0.9473684210526316,-0.1666666666666666,2.0,2.333333333333333,1.0,1.7137784916466776,2.489298397159037,2.0,0.3461538461538461,1,0,0,0,1,0,0,0,0,0,0,1,0,1,0
399,0.7692307692307693,0,1.105263157894737,0.4583333333333333,-0.5,-0.6666666666666666,0.0,-0.6057083681168304,-0.6488146655149246,0.0,-0.4230769230769231,0,1,0,0,0,1,0,0,1,1,0,0,0,0,0
400,0.4615384615384615,0,-0.3684210526315789,1.4166666666666667,-0.25,-0.3333333333333333,0.0,-0.3884480043959297,-0.600825415107016,0.0,0.5769230769230769,1,0,0,0,1,0,0,0,1,1,0,0,1,0,0
401,0.5,2,-0.631578947368421,0.25,-0.25,-0.3333333333333333,0.0,-0.2200078196823518,-0.5059986563009885,0.0,0.3076923076923077,0,0,0,1,0,1,0,0,1,0,0,0,1,0,0
402,-0.5769230769230769,2,0.0526315789473684,-0.1666666666666666,-0.25,-0.3333333333333333,0.0,-0.0705884839326662,-0.5332565505326806,0.0,1.1538461538461535,0,0,0,0,0,1,0,1,0,0,0,0,1,0,0
403,-0.9615384615384616,1,1.5263157894736843,-0.5,0.25,0.3333333333333333,0.0,0.6473428930711275,-0.1132546309626643,1.0,0.4230769230769231,0,0,1,0,0,0,0,0,0,0,0,1,1,0,0
404,0.0,0,0.7894736842105263,1.375,0.25,0.0,1.0,-0.0448469350015322,0.0944428448027642,1.0,0.0384615384615384,0,0,0,0,0,1,1,0,0,0,1,0,1,0,0
405,-0.2692307692307692,0,1.5263157894736843,1.125,0.5,0.3333333333333333,1.0,0.3855737427747193,0.8046837508398119,1.0,0.5,0,0,1,0,0,0,0,0,1,0,0,0,1,0,0
406,-0.1538461538461538,0,-0.631578947368421,0.9166666666666666,0.0,0.0,0.0,-0.0441706381494827,-0.4322871676744408,0.0,-0.7692307692307693,0,0,0,0,0,1,0,1,0,0,1,0,0,0,1
407,0.1153846153846153,2,1.5263157894736843,0.9583333333333334,0.25,0.3333333333333333,0.0,0.6733380533217801,0.1627795373836261,0.0,-1.0769230769230769,0,0,1,0,0,0,1,0,0,1,0,0,0,0,1
408,0.7692307692307693,1,1.4210526315789471,-0.375,0.75,0.6666666666666666,1.0,1.0734944469688166,0.7202226701218929,1.0,0.8461538461538461,0,0,1,0,0,0,1,0,0,0,0,0,1,0,0
409,0.8461538461538461,1,0.6842105263157895,0.625,0.25,0.3333333333333333,0.0,0.4461445795864023,0.0491409924176984,1.0,0.8461538461538461,0,1,0,0,0,1,0,0,0,0,1,0,1,0,0
410,0.1538461538461538,1,0.4210526315789473,2.083333333333333,0.25,0.3333333333333333,0.0,0.2865807910559741,0.0107495920913715,0.0,1.4615384615384617,1,0,0,0,1,0,0,0,0,1,0,0,1,0,0
411,0.0,1,-0.4210526315789473,-0.2916666666666667,2.0,2.6666666666666665,0.0,1.6533344604947535,1.7805931471350418,2.0,0.8846153846153846,1,0,0,0,1,0,0,1,0,0,1,0,1,0,0
412,0.7692307692307693,1,0.9473684210526316,1.0,-0.5,-0.6666666666666666,0.0,-0.6057083681168304,-0.6488146655149246,0.0,0.0384615384615384,0,0,1,0,0,0,1,0,0,0,1,0,0,0,0
413,0.3461538461538461,1,0.4736842105263157,0.0,-0.25,-0.3333333333333333,0.0,-0.2865807910559741,-0.3178807947019867,0.0,0.7692307692307693,0,0,1,0,0,0,1,0,0,0,0,1,1,0,0
414,-0.3461538461538461,2,1.1578947368421053,0.6666666666666666,0.25,0.0,1.0,0.1074043938161107,-0.0092139360783183,0.0,0.6153846153846154,0,0,1,0,0,0,1,0,0,1,0,0,1,0,0
415,0.4615384615384615,1,-0.0526315789473684,1.5416666666666667,1.5,1.3333333333333333,2.0,0.9067872729386158,0.8899126595642576,3.0,0.5,1,0,0,0,1,0,1,0,0,0,0,1,1,0,0
416,0.6923076923076923,2,0.2105263157894736,1.1666666666666667,0.0,-0.3333333333333333,1.0,-0.2861158369701901,-0.4676072559746617,0.0,0.4230769230769231,0,1,0,0,0,1,0,0,1,0,0,1,1,0,0
417,-0.3846153846153846,0,-0.1578947368421052,-0.5416666666666666,1.0,1.0,1.0,1.2685638202318432,1.152893751799597,0.0,-0.8461538461538461,0,0,1,0,0,0,0,0,0,0,0,0,0,0,1
418,0.2692307692307692,0,0.5263157894736842,1.125,0.0,-0.3333333333333333,1.0,-0.0198239514757008,-0.1347538151454073,0.0,-0.9615384615384616,0,1,0,0,0,1,0,0,0,1,0,0,0,0,1
419,0.2307692307692307,2,0.4210526315789473,0.8333333333333334,-0.25,-0.3333333333333333,0.0,-0.1508987351135439,-0.5942988770515404,0.0,-0.1153846153846153,0,1,0,0,0,1,0,0,0,0,1,0,0,0,1
420,-0.5384615384615384,0,-0.4210526315789473,-0.3333333333333333,-0.25,-0.3333333333333333,0.0,-0.4911605888009469,-0.4219214895863326,0.0,-0.6538461538461539,0,1,0,0,0,1,0,0,1,1,0,0,0,0,1
421,-0.6538461538461539,1,0.4736842105263157,0.0833333333333333,0.0,0.0,0.0,-0.3523083913645347,-0.2833285344082925,0.0,-1.0384615384615383,1,0,0,0,1,0,0,1,0,1,0,0,0,0,1
422,0.0384615384615384,2,-0.2105263157894736,0.2083333333333333,0.75,0.3333333333333333,2.0,0.3831644352392929,1.1018331893655822,0.0,0.2692307692307692,1,0,0,0,1,0,0,1,0,1,0,0,1,0,0
423,-0.9230769230769232,1,-0.631578947368421,-0.5833333333333334,0.25,0.3333333333333333,0.0,0.1800640368581783,-0.3816105192436893,0.0,1.1538461538461535,0,0,0,1,0,1,0,0,1,0,0,1,1,0,0
424,-0.2692307692307692,1,0.0526315789473684,-0.4583333333333333,0.25,0.3333333333333333,0.0,0.4488920355478533,0.0334005182839044,1.0,-0.5384615384615384,0,0,0,1,0,1,0,1,0,1,0,0,0,0,1
425,-0.3076923076923077,2,1.5263157894736843,-0.5833333333333334,2.75,3.333333333333333,1.0,3.9301723500258903,2.402917746424801,2.0,0.3846153846153846,0,0,1,0,0,0,0,0,1,0,0,1,0,1,0
426,0.0769230769230769,1,0.3157894736842105,1.0,0.0,0.0,0.0,0.1096868956917776,0.2718111143103945,1.0,0.0769230769230769,0,1,0,0,0,1,1,0,0,0,1,0,1,0,0
427,-0.1153846153846153,1,0.7894736842105263,1.5416666666666667,0.0,0.0,0.0,0.0175414496000337,0.0775506286591804,1.0,-0.0384615384615384,0,0,0,0,0,1,0,0,1,1,0,0,0,0,1
428,0.7307692307692307,0,-0.3684210526315789,-0.125,4.0,4.333333333333333,3.0,3.3936998721376272,4.172761301468471,1.0,0.0769230769230769,0,0,0,1,0,1,0,0,0,1,0,0,0,1,0
429,-0.8461538461538461,2,1.0526315789473684,0.2083333333333333,-0.5,-0.6666666666666666,0.0,-0.6057083681168304,-0.6488146655149246,0.0,-1.0769230769230769,0,1,0,0,0,1,1,0,0,0,0,1,0,0,0
430,-0.2692307692307692,2,1.105263157894737,0.4583333333333333,0.75,1.0,0.0,0.4336753563767397,0.6710816777041945,2.0,-0.1153846153846153,0,0,0,0,0,1,0,0,1,0,0,1,0,0,1
431,-0.3076923076923077,2,1.5263157894736843,-0.2083333333333333,1.0,1.0,1.0,1.759682140479537,0.9252327478644784,1.0,-0.6923076923076923,0,0,1,0,0,0,0,0,0,0,1,0,0,0,1
432,-0.3846153846153846,2,0.1052631578947368,0.0,0.75,0.6666666666666666,1.0,0.7158602178943921,0.5474613686534217,2.0,0.0769230769230769,0,0,0,0,0,1,0,1,0,1,0,0,0,0,1
433,0.5769230769230769,0,0.3684210526315789,-0.25,0.5,0.6666666666666666,0.0,0.4647427430177636,0.4998560322487764,0.0,0.5769230769230769,0,0,0,0,0,1,0,1,0,1,0,0,1,0,0
434,0.0,2,0.3157894736842105,-0.2916666666666667,-0.25,-0.3333333333333333,0.0,-0.0705884839326662,-0.2829446204050292,1.0,-1.1153846153846154,0,0,1,0,0,0,1,0,0,0,0,1,0,0,1
435,0.4615384615384615,1,-0.4210526315789473,-0.3333333333333333,0.5,0.6666666666666666,0.0,0.3366690266608901,0.5186678184086765,2.0,-0.3076923076923077,0,0,0,0,0,1,0,1,0,0,0,0,0,0,1
436,0.0,1,-0.631578947368421,0.125,4.75,4.666666666666667,5.0,4.20753859647269,4.667626451674824,4.0,0.6923076923076923,0,0,0,1,0,1,0,0,0,1,0,0,0,1,0
437,-0.2692307692307692,0,-0.4736842105263157,-0.1666666666666666,0.0,0.0,0.0,-0.1952807160292921,-0.5301852385065745,1.0,0.1923076923076923,0,0,0,0,0,1,0,1,0,0,1,0,0,0,1
438,-0.8846153846153846,1,0.4210526315789473,1.25,0.25,0.3333333333333333,0.0,0.3848551773694167,0.3351569248488338,1.0,-0.4230769230769231,0,0,1,0,0,0,0,0,1,1,0,0,0,0,1
439,0.1538461538461538,1,-0.6842105263157895,-0.5,0.25,0.0,1.0,-0.032081831919098,0.085612822727709,0.0,-0.6153846153846154,1,0,0,0,1,0,0,0,0,1,0,0,0,0,1
440,-0.5769230769230769,0,-1.105263157894737,0.5,0.0,0.0,0.0,0.0464954085784028,0.2587580381994434,0.0,0.2307692307692307,0,0,0,0,0,1,1,0,0,0,0,0,1,0,0
441,0.6538461538461539,2,-1.0,2.083333333333333,-0.25,-0.3333333333333333,0.0,-0.5040524975431405,-0.5601305307611094,1.0,0.0384615384615384,0,0,0,0,0,1,0,0,1,0,1,0,0,0,0
442,0.8076923076923077,2,-0.3157894736842105,-0.5833333333333334,0.25,0.0,1.0,0.0401973941436919,0.4833477301084557,0.0,-0.1153846153846153,0,0,0,0,0,1,0,1,0,0,1,0,0,0,1
443,-0.9615384615384616,1,0.8421052631578947,-0.2083333333333333,0.0,0.0,0.0,0.464531400251498,-0.1547173433150974,1.0,0.2692307692307692,0,0,1,0,0,0,0,0,1,1,0,0,1,0,0
444,0.3076923076923077,2,0.1578947368421052,-0.5833333333333334,0.5,0.3333333333333333,1.0,0.3333298109538957,0.9574815241385932,0.0,-0.7692307692307693,0,1,0,0,0,1,0,0,1,1,0,0,0,0,1
445,-0.6923076923076923,0,-0.631578947368421,0.375,0.25,0.0,1.0,-0.0551181934420339,0.0641136385449659,1.0,0.3461538461538461,0,0,0,0,0,1,0,1,0,0,1,0,1,0,0
446,-0.7692307692307693,2,-0.2631578947368421,1.5833333333333333,0.0,0.0,0.0,-0.0086650534168841,-0.1224685670409827,1.0,0.3461538461538461,1,0,0,0,1,0,0,0,1,0,0,0,1,0,0
447,-0.6538461538461539,0,0.0526315789473684,-0.5416666666666666,-0.25,-0.3333333333333333,0.0,-0.2646011433643655,-0.3443708609271523,0.0,-0.1153846153846153,0,0,0,0,0,1,0,0,0,0,1,0,0,0,1
448,-0.9615384615384616,2,-1.0526315789473684,-0.125,1.25,1.6666666666666667,0.0,1.3811249775448315,1.1947403781552934,3.0,-0.0384615384615384,0,0,0,1,0,1,0,1,0,0,1,0,0,0,1
449,0.5769230769230769,2,0.3684210526315789,-0.5833333333333334,0.5,0.3333333333333333,1.0,0.4776769203132101,0.6622516556291391,1.0,1.0384615384615383,0,1,0,0,0,1,0,1,0,0,1,0,1,0,0
450,-0.7307692307692307,1,1.5263157894736843,1.0833333333333333,1.0,0.6666666666666666,2.0,0.8643496454725097,0.8611191093195124,0.0,0.1153846153846153,0,0,1,0,0,0,0,1,0,0,0,0,1,0,0
451,0.9615384615384616,1,-0.5263157894736842,-0.3333333333333333,0.0,0.0,0.0,0.1580843891665698,0.0349361742969574,0.0,-0.1538461538461538,0,0,0,0,0,1,1,0,0,0,1,0,0,0,1
452,0.5,2,0.2631578947368421,1.125,3.75,4.0,3.0,2.8655965677934763,4.064113638544966,4.0,-0.8076923076923077,0,0,0,1,0,1,0,0,1,0,0,1,0,1,0
453,0.5,2,-0.5789473684210527,0.1666666666666666,0.0,0.0,0.0,0.1120116661206978,-0.3985027353872732,1.0,1.0769230769230769,0,0,0,1,0,1,0,1,0,0,1,0,1,0,0
454,0.9615384615384616,1,1.5263157894736843,-0.4583333333333333,1.25,1.3333333333333333,1.0,2.349328458360192,0.4914099241769843,1.0,-0.0384615384615384,0,0,1,0,0,0,0,1,0,1,0,0,0,1,0
455,0.5769230769230769,2,0.4736842105263157,-0.25,-0.25,-0.3333333333333333,0.0,-0.4247989601935901,-0.2660524042614454,0.0,0.0,1,0,0,0,1,0,0,0,1,0,0,0,0,0,1
456,-0.0384615384615384,2,1.263157894736842,-0.5833333333333334,0.0,0.0,0.0,0.1494193357496855,0.1339859871388809,1.0,-0.6153846153846154,0,1,0,0,0,1,1,0,0,1,0,0,0,0,1
457,-0.9230769230769232,2,1.5263157894736843,0.2083333333333333,0.75,1.0,0.0,1.9056777234157225,0.8165850849409734,1.0,0.5769230769230769,0,0,1,0,0,0,0,0,1,0,0,0,1,0,0
458,-0.8461538461538461,0,0.6842105263157895,-0.5,-0.25,-0.3333333333333333,0.0,-0.1557596187376497,-0.4349745656972837,0.0,-0.5,0,0,1,0,0,0,0,1,0,0,0,1,0,0,1
459,-0.7692307692307693,2,0.0,2.083333333333333,0.5,0.6666666666666666,0.0,0.5340631703528368,0.2364910260101737,1.0,0.0769230769230769,1,0,0,0,1,0,1,0,0,0,1,0,0,0,1
460,0.2692307692307692,1,0.631578947368421,-0.5833333333333334,0.25,0.3333333333333333,0.0,0.7377975970327476,-0.0644975525482291,0.0,-0.8461538461538461,0,0,1,0,0,0,1,0,0,0,1,0,0,0,1
461,-0.2307692307692307,2,0.3684210526315789,1.4583333333333333,-0.5,-0.6666666666666666,0.0,-0.6057083681168304,-0.6488146655149246,0.0,-0.7307692307692307,0,0,1,0,0,0,0,0,0,1,0,0,0,0,0
462,0.0769230769230769,1,1.3157894736842106,0.9583333333333334,1.0,1.0,1.0,0.986378958714191,1.1475189557539112,1.0,-0.2692307692307692,0,0,1,0,0,0,0,0,1,1,0,0,0,0,1
463,-0.6923076923076923,1,0.0526315789473684,-0.2083333333333333,0.25,0.3333333333333333,0.0,-0.136950112540023,-0.0982819848353968,1.0,-0.4230769230769231,0,1,0,0,0,1,0,0,1,0,1,0,0,0,1
464,0.3076923076923077,2,-0.7894736842105263,0.0833333333333333,-0.25,-0.3333333333333333,0.0,-0.2369152409835893,-0.3800748632306363,0.0,-0.4615384615384615,0,0,0,0,0,1,0,0,0,0,0,1,0,0,1
465,0.8076923076923077,1,0.1052631578947368,-0.3333333333333333,0.5,0.3333333333333333,1.0,-0.1043610579818879,0.5013916882618294,2.0,-0.6923076923076923,0,0,0,0,0,1,1,0,0,0,0,0,0,0,1
466,-0.8076923076923077,0,-0.5263157894736842,2.083333333333333,1.0,1.3333333333333333,0.0,1.3618927858146737,1.040023034840196,1.0,-0.4615384615384615,0,0,0,1,0,1,0,1,0,0,0,0,0,0,1
467,-0.8461538461538461,0,-0.2631578947368421,-0.5,0.0,0.0,0.0,-0.0807329367134086,-0.0610423265188597,1.0,-0.3076923076923077,0,0,0,0,0,1,1,0,0,0,1,0,0,0,1
468,0.4230769230769231,2,-1.105263157894737,1.2916666666666667,-0.25,-0.3333333333333333,0.0,-0.1468832225545,-0.5578270467415298,0.0,-0.2307692307692307,0,0,1,0,0,0,0,0,0,0,0,0,0,0,1
469,-0.3846153846153846,1,0.4736842105263157,-0.4583333333333333,0.0,0.0,0.0,0.0179641351325647,-0.0725597466167578,0.0,-0.4615384615384615,0,0,1,0,0,0,1,0,0,1,0,0,0,0,1
470,-0.8846153846153846,2,1.5263157894736843,2.083333333333333,0.75,0.6666666666666666,1.0,0.2623186414886985,0.4576254918898167,2.0,0.8846153846153846,0,1,0,0,0,1,0,0,0,1,0,0,1,0,0
471,0.8076923076923077,0,-1.105263157894737,1.2083333333333333,0.75,1.0,0.0,0.5543520759143218,0.8872252615414147,1.0,1.4230769230769231,1,0,0,0,1,0,0,0,1,0,0,1,1,0,0
472,0.6923076923076923,1,-0.3157894736842105,1.2916666666666667,0.0,0.0,0.0,-0.0669956569061532,-0.4583933198963431,0.0,0.9615384615384616,0,0,0,1,0,1,0,0,0,0,1,0,1,0,0
473,0.1538461538461538,0,0.4210526315789473,2.083333333333333,0.75,1.0,0.0,1.4045840246002983,0.6019771571168059,0.0,-1.0769230769230769,0,0,1,0,0,0,1,0,0,0,0,1,0,0,1
474,-0.9615384615384616,0,-1.105263157894737,-0.4583333333333333,-0.25,-0.3333333333333333,0.0,-0.4824955353840627,-0.4484115558114982,0.0,-0.4230769230769231,1,0,0,0,1,0,1,0,0,0,1,0,0,0,0
475,-0.3846153846153846,0,0.2105263157894736,-0.0416666666666666,0.0,0.0,0.0,-0.0071856540530258,-0.2833285344082925,0.0,-0.7307692307692307,0,0,0,1,0,1,0,1,0,0,0,1,0,0,1
476,0.8846153846153846,1,-0.4736842105263157,0.6666666666666666,0.25,0.3333333333333333,0.0,0.1686515274798432,0.045685766388329,0.0,-0.8076923076923077,0,0,0,1,0,1,0,0,1,0,1,0,0,0,1
477,0.3461538461538461,0,0.5263157894736842,-0.5416666666666666,0.25,0.3333333333333333,0.0,0.26206503016918,-0.0798541126787599,0.0,-0.5,0,1,0,0,0,1,1,0,0,0,0,0,0,0,1
478,0.8461538461538461,2,0.1578947368421052,1.75,0.25,0.3333333333333333,0.0,0.5209599188443779,0.1209329110279298,1.0,0.5384615384615384,1,0,0,0,1,0,0,0,1,0,0,1,1,0,0
479,0.0384615384615384,0,-1.105263157894737,0.5416666666666666,-0.5,-0.6666666666666666,0.0,-0.6057083681168304,-0.6488146655149246,0.0,0.5769230769230769,0,1,0,0,0,1,0,0,0,0,0,0,0,0,0
480,-0.4230769230769231,2,-0.1578947368421052,-0.3333333333333333,0.0,0.0,0.0,-0.061923430515782,-0.3662539591131586,0.0,-0.4615384615384615,0,0,1,0,0,0,1,0,0,1,0,0,0,0,1
481,0.4615384615384615,1,-0.4736842105263157,2.083333333333333,-0.5,-0.6666666666666666,0.0,-0.6057083681168304,-0.6488146655149246,0.0,0.5769230769230769,0,0,1,0,0,0,0,1,0,0,1,0,0,0,0
482,-0.8461538461538461,0,-0.0526315789473684,-0.5,-0.25,-0.3333333333333333,0.0,-0.1375841408388195,-0.2076974757654285,1.0,-0.6538461538461539,0,0,0,1,0,1,0,0,0,0,1,0,0,0,1
483,0.0,2,0.3684210526315789,0.6666666666666666,-0.25,-0.6666666666666666,1.0,-0.554943835659865,-0.5816297149438525,0.0,1.0,0,0,0,0,0,1,1,0,0,0,0,1,1,0,0
484,-0.8076923076923077,1,0.2631578947368421,-0.1666666666666666,0.75,1.0,0.0,1.1729523527733456,0.4749016220366638,0.0,-0.3461538461538461,0,1,0,0,0,1,0,0,1,0,1,0,0,0,1
485,0.1153846153846153,0,-0.3684210526315789,-0.5416666666666666,0.0,0.0,0.0,-0.0515676349687741,-0.1355216431519339,1.0,1.0,0,1,0,0,0,1,0,1,0,0,0,1,1,0,0
486,0.9230769230769232,1,-1.105263157894737,0.0,-0.25,-0.3333333333333333,0.0,-0.513774264791352,-0.3616469910739993,0.0,-1.3076923076923077,0,0,0,0,0,1,1,0,0,1,0,0,0,0,1
487,-0.7692307692307693,1,0.8947368421052632,-0.5833333333333334,0.25,0.3333333333333333,0.0,0.9364597973222872,0.1643151933966792,1.0,1.1153846153846154,0,0,1,0,0,0,0,0,1,0,0,1,1,0,0
488,-0.7692307692307693,2,-0.2631578947368421,1.7916666666666667,-0.25,-0.3333333333333333,0.0,-0.169919584077436,-0.509453882330358,0.0,-0.6538461538461539,0,1,0,0,0,1,1,0,0,0,1,0,0,0,1
489,0.6923076923076923,0,-0.1052631578947368,-0.0416666666666666,0.5,0.3333333333333333,1.0,0.460008665053417,0.256838468183127,0.0,-0.0769230769230769,0,0,1,0,0,0,0,0,0,0,0,1,0,0,1
490,0.3846153846153846,2,-0.1578947368421052,0.2916666666666667,0.0,0.0,0.0,-0.0175414496000338,-0.3063633746040886,0.0,1.4615384615384617,1,0,0,0,1,0,0,0,1,0,1,0,1,0,0
491,-0.6923076923076923,1,0.4736842105263157,-0.0833333333333333,-0.25,-0.3333333333333333,0.0,-0.2426214956727569,-0.5251943564641519,0.0,-0.5769230769230769,0,1,0,0,0,1,0,0,0,0,0,0,0,0,1
492,-0.0769230769230769,2,-0.0526315789473684,0.5,1.75,1.6666666666666667,2.0,1.1451819132860634,2.0865726077358677,1.0,0.7692307692307693,1,0,0,0,1,0,1,0,0,0,0,0,1,0,0
493,-0.5,2,0.2631578947368421,0.0416666666666666,4.75,5.666666666666667,2.0,5.155960394365604,5.063825703042519,4.0,-0.3076923076923077,0,0,1,0,0,0,0,0,0,1,0,0,0,1,0
494,-0.8846153846153846,0,0.6842105263157895,-0.5,0.0,0.0,0.0,-0.0798875656483467,0.2384105960264901,0.0,0.3846153846153846,0,0,1,0,0,0,0,0,0,0,0,0,1,0,0
495,0.2307692307692307,1,-1.105263157894737,-0.2916666666666667,-0.25,-0.3333333333333333,0.0,-0.4087369099574145,-0.5582109607447931,0.0,0.2307692307692307,1,0,0,0,1,0,0,1,0,1,0,0,1,0,0
496,-0.5384615384615384,0,0.0526315789473684,-0.5833333333333334,-0.25,-0.3333333333333333,0.0,-0.3611847875476843,-0.4207697475765428,0.0,0.5,0,1,0,0,0,1,0,1,0,0,0,1,1,0,0
497,0.5384615384615384,2,-0.3684210526315789,-0.5416666666666666,-0.25,-0.3333333333333333,0.0,-0.3159574355668741,-0.2491601881178615,1.0,0.3076923076923077,0,0,0,1,0,1,1,0,0,0,1,0,1,0,0
498,0.1923076923076923,1,-0.6842105263157895,1.375,3.0,4.0,0.0,3.485887586782624,3.430655533160573,5.0,0.4230769230769231,0,0,0,1,0,1,1,0,0,0,0,0,0,1,0
499,-0.5,2,0.3157894736842105,2.083333333333333,0.0,0.0,0.0,0.2098633669016094,0.1942604856512142,0.0,-0.3846153846153846,1,0,0,0,1,0,0,0,1,0,1,0,0,0,1
500,0.1923076923076923,2,-1.105263157894737,0.4583333333333333,0.0,0.0,0.0,-0.0951042448194604,-0.1977157116805835,0.0,-0.6538461538461539,0,0,0,0,0,1,1,0,0,1,0,0,0,0,1
501,-0.5384615384615384,1,-0.0526315789473684,0.375,-0.25,-0.3333333333333333,0.0,-0.4393816110659073,-0.5578270467415298,0.0,-0.4230769230769231,0,0,0,0,0,1,0,0,0,0,0,1,0,0,1
502,0.1923076923076923,2,0.7894736842105263,-0.5416666666666666,0.75,1.0,0.0,1.326598543848341,0.8795469814761495,3.0,-0.1923076923076923,0,0,1,0,0,0,0,0,0,0,0,1,0,0,1
503,0.6538461538461539,1,0.4210526315789473,-0.25,0.25,0.3333333333333333,0.0,0.1665380998171885,0.3758518091947405,0.0,0.6923076923076923,0,1,0,0,0,1,0,0,1,0,0,1,1,0,0
504,-0.1153846153846153,1,-1.0526315789473684,-0.2083333333333333,0.0,0.0,0.0,-0.1101095812243086,-0.1650830214032056,2.0,-0.2307692307692307,1,0,0,0,1,0,0,0,0,0,1,0,0,0,1
505,0.4615384615384615,1,-1.105263157894737,-0.1666666666666666,-0.5,-0.6666666666666666,0.0,-0.6057083681168304,-0.6488146655149246,0.0,-0.4230769230769231,0,0,0,0,0,1,0,0,0,0,0,1,0,0,0
506,-0.2307692307692307,1,-0.1052631578947368,1.2916666666666667,-0.25,-0.3333333333333333,0.0,-0.4953874441262563,-0.5413187446012092,0.0,-0.1153846153846153,0,0,0,1,0,1,0,0,1,1,0,0,0,0,1
507,0.5,1,-0.5789473684210527,-0.3333333333333333,-0.5,-0.6666666666666666,0.0,-0.6057083681168304,-0.6488146655149246,0.0,0.6538461538461539,0,1,0,0,0,1,0,1,0,0,0,0,0,0,0
508,-0.5,1,-0.8947368421052632,-0.1666666666666666,-0.25,-0.3333333333333333,0.0,-0.2876375048873015,-0.2971494385257702,0.0,-0.5769230769230769,0,0,0,1,0,1,0,0,0,0,0,1,0,0,1
509,-0.6153846153846154,2,1.5263157894736843,-0.3333333333333333,0.25,-0.3333333333333333,2.0,0.0381262350342903,0.2940781264996641,1.0,0.6923076923076923,0,0,1,0,0,0,0,0,1,0,1,0,1,0,0
510,0.7692307692307693,2,0.0526315789473684,1.0,0.25,0.3333333333333333,0.0,-0.0574852324242071,-0.3247912467607255,1.0,1.7692307692307692,0,0,0,0,0,1,0,0,1,1,0,0,1,0,0
511,-0.6538461538461539,1,-0.631578947368421,-0.5833333333333334,0.0,0.0,0.0,0.0340261853687402,0.0744793166330742,0.0,0.2307692307692307,0,0,0,0,0,1,0,1,0,1,0,0,1,0,0
512,0.7307692307692307,2,-1.105263157894737,0.1666666666666666,-0.5,-0.6666666666666666,0.0,-0.6057083681168304,-0.6488146655149246,0.0,-0.1923076923076923,0,0,0,1,0,1,0,0,0,0,0,1,0,0,0
513,0.8076923076923077,2,-0.1052631578947368,0.0416666666666666,0.0,0.0,0.0,0.1804867223907094,-0.1320664171225644,0.0,0.6153846153846154,0,0,0,0,0,1,0,0,0,0,0,1,1,0,0
514,0.7307692307692307,2,1.3157894736842106,2.083333333333333,1.75,1.6666666666666667,2.0,1.9871714940876868,1.7256934446683945,0.0,-1.2307692307692308,0,0,1,0,0,0,0,0,1,1,0,0,0,0,1
515,0.5384615384615384,1,0.5263157894736842,0.875,0.5,0.6666666666666666,0.0,0.7568184459966398,0.5048469142911989,1.0,-0.6538461538461539,0,0,0,0,0,1,0,1,0,0,0,0,0,0,1
516,-0.3846153846153846,0,0.7894736842105263,-0.2083333333333333,0.5,0.3333333333333333,1.0,0.6101042976551521,0.7828006526538056,0.0,1.5769230769230769,0,0,1,0,0,0,0,0,0,0,0,1,1,0,0
517,0.1153846153846153,1,1.0526315789473684,2.083333333333333,0.0,0.0,0.0,-0.117083892511069,-0.2890872444572415,0.0,-0.1538461538461538,0,0,0,0,0,1,0,0,0,0,0,1,0,0,1
518,-0.1153846153846153,0,0.8421052631578947,-0.0833333333333333,0.25,0.3333333333333333,0.0,0.2352244988534655,-0.0180439581533736,1.0,1.1538461538461535,0,0,1,0,0,0,0,0,1,0,0,0,1,0,0
519,0.8076923076923077,0,-0.0526315789473684,-0.4166666666666667,0.75,1.0,0.0,0.2840446778607886,1.1578846338420197,1.0,1.1153846153846154,1,0,0,0,1,0,0,1,0,0,1,0,1,0,0
520,0.3461538461538461,0,-0.1052631578947368,2.083333333333333,3.0,3.333333333333333,2.0,2.860017118764068,3.360015356560131,6.0,0.2307692307692307,0,0,0,0,0,1,0,1,0,0,0,0,0,1,0
521,-0.8076923076923077,1,0.7894736842105263,0.0833333333333333,0.0,0.0,0.0,0.081366965012205,0.1121028889528746,0.0,-0.0384615384615384,1,0,0,0,1,0,0,0,1,0,0,1,0,0,1
522,-0.8076923076923077,0,-0.3684210526315789,-0.5,1.25,1.6666666666666667,0.0,2.301522724630943,1.5191477109127556,1.0,0.3846153846153846,0,0,1,0,0,0,0,1,0,0,1,0,1,0,0
523,0.3846153846153846,1,0.1578947368421052,-0.5,-0.5,-0.6666666666666666,0.0,-0.6057083681168304,-0.6488146655149246,0.0,-0.9230769230769232,0,0,1,0,0,0,0,1,0,0,0,1,0,0,0
524,0.5,0,1.4736842105263157,-0.25,0.75,0.6666666666666666,1.0,1.1461963585641377,0.0602744985123332,0.0,-0.3076923076923077,0,1,0,0,0,1,0,0,1,0,1,0,0,0,1
525,-0.5,0,-0.4736842105263157,1.375,0.5,0.6666666666666666,0.0,0.8079633954328831,0.3631826470870525,1.0,1.5384615384615383,0,1,0,0,0,1,1,0,0,0,0,1,1,0,0
526,-0.8461538461538461,0,0.0,2.083333333333333,-0.5,-0.6666666666666666,0.0,-0.6057083681168304,-0.6488146655149246,0.0,-0.8846153846153846,0,0,1,0,0,0,0,0,0,1,0,0,0,0,0
527,0.0769230769230769,1,1.5263157894736843,0.4166666666666667,0.25,0.3333333333333333,0.0,0.565764585292657,-0.003071312026106,2.0,0.8461538461538461,0,0,1,0,0,0,0,1,0,0,0,1,1,0,0
528,-0.4615384615384615,1,0.5789473684210527,-0.125,-0.5,-0.6666666666666666,0.0,-0.6057083681168304,-0.6488146655149246,0.0,1.3846153846153846,0,0,1,0,0,0,0,0,1,0,0,1,1,0,0
529,0.9615384615384616,0,0.9473684210526316,-0.4166666666666667,1.0,1.0,1.0,1.0267454270708951,1.0768787791534695,2.0,0.0384615384615384,0,0,0,0,0,1,0,1,0,1,0,0,0,0,1
530,-0.0384615384615384,1,-0.6842105263157895,-0.4583333333333333,-0.25,-0.6666666666666666,1.0,-0.554943835659865,-0.5171321623956233,0.0,-0.2307692307692307,0,0,0,1,0,1,0,1,0,0,0,1,0,0,1
531,-0.8846153846153846,0,0.1578947368421052,2.083333333333333,0.25,0.0,1.0,-0.2863271797364556,0.6726173337172475,1.0,-0.6153846153846154,1,0,0,0,1,0,0,1,0,1,0,0,0,0,1
532,0.4230769230769231,1,1.368421052631579,0.25,0.0,-0.3333333333333333,1.0,-0.2911880633605614,0.2983011805355601,0.0,-0.6153846153846154,0,0,0,0,0,1,0,0,1,0,1,0,0,0,1
533,0.3461538461538461,0,-0.8947368421052632,1.5416666666666667,0.0,0.0,0.0,0.1077848107953884,-0.0264900662251654,0.0,0.7307692307692307,0,0,0,0,0,1,0,0,1,0,1,0,1,0,0
534,0.3461538461538461,2,0.0526315789473684,-0.5,0.25,0.3333333333333333,0.0,0.2550907188824194,0.0184278721566369,1.0,0.6153846153846154,1,0,0,0,1,0,0,0,0,1,0,0,1,0,0
535,0.0,2,0.7368421052631579,0.2916666666666667,0.5,0.6666666666666666,0.0,0.661080172878383,0.4342067376907573,0.0,0.1538461538461538,0,0,1,0,0,0,0,0,0,0,0,0,1,0,0
536,-0.5769230769230769,1,1.368421052631579,-0.5833333333333334,0.25,0.0,1.0,-0.0069320427335073,0.4568576638832902,0.0,-0.8461538461538461,0,1,0,0,0,1,0,0,0,0,1,0,0,0,1
537,0.6923076923076923,0,1.0,-0.4166666666666667,0.75,1.0,0.0,1.1439983937949765,-0.03877531432959,0.0,-0.9230769230769232,0,0,1,0,0,0,0,0,0,0,1,0,0,0,1
538,-0.7692307692307693,0,1.4736842105263157,-0.5416666666666666,0.75,0.6666666666666666,1.0,0.6194879164773389,0.2226701218926962,2.0,0.0769230769230769,0,0,1,0,0,0,1,0,0,1,0,0,0,0,1
539,-0.9615384615384616,2,-0.4736842105263157,0.3333333333333333,-0.25,-0.3333333333333333,0.0,-0.2400853824775712,-0.5785584029177464,0.0,0.1538461538461538,1,0,0,0,1,0,0,0,1,1,0,0,1,0,0
540,0.4230769230769231,2,0.8421052631578947,-0.5833333333333334,0.5,0.6666666666666666,0.0,0.4309279004152885,0.2384105960264901,0.0,0.1923076923076923,0,1,0,0,0,1,0,0,1,0,0,0,1,0,0
541,-0.1153846153846153,0,-0.5263157894736842,0.625,2.75,3.0,2.0,1.978252829351284,2.807179191861023,2.0,-0.2307692307692307,0,0,0,1,0,1,0,1,0,0,0,1,0,1,0
542,0.1923076923076923,1,-1.105263157894737,-0.375,0.5,0.6666666666666666,0.0,0.4674901989792145,0.5985219310874366,1.0,-0.1153846153846153,0,0,0,1,0,1,1,0,0,0,1,0,0,0,1
543,0.5,2,0.0526315789473684,-0.375,1.75,2.0,1.0,1.3513679160546537,1.9537383626067764,3.0,-0.6153846153846154,0,0,0,1,0,1,0,0,1,1,0,0,0,0,1
544,-0.8461538461538461,2,0.3157894736842105,-0.5833333333333334,0.75,1.0,0.0,0.5051092113744678,0.4438045877723391,2.0,0.7692307692307693,0,1,0,0,0,1,1,0,0,1,0,0,1,0,0
545,0.9615384615384616,0,-0.631578947368421,-0.3333333333333333,-0.5,-0.6666666666666666,0.0,-0.6057083681168304,-0.6488146655149246,0.0,0.0,0,0,0,0,0,1,1,0,0,0,0,1,0,0,0
546,-0.4230769230769231,1,1.5263157894736843,0.6666666666666666,-0.25,-0.6666666666666666,1.0,-0.5404034533408009,-0.3324695268259909,0.0,-0.2692307692307692,0,0,1,0,0,0,0,1,0,0,0,1,0,0,1
547,0.5,2,-1.105263157894737,2.0416666666666665,-0.25,-0.6666666666666666,1.0,-0.554943835659865,-0.3800748632306363,0.0,1.3076923076923077,1,0,0,0,1,0,0,0,0,0,0,0,1,0,0
548,0.8461538461538461,0,-0.2631578947368421,-0.4166666666666667,0.5,0.6666666666666666,0.0,0.4497374066129151,0.4956329782128803,0.0,-0.2307692307692307,1,0,0,0,1,0,0,0,1,0,0,1,0,0,1
549,0.7692307692307693,2,1.0526315789473684,1.125,0.0,0.0,0.0,0.0405778111229697,0.1746808714847874,1.0,0.0384615384615384,0,0,0,0,0,1,0,0,0,1,0,0,1,0,0
550,-0.5,1,-1.105263157894737,1.0,-0.5,-0.6666666666666666,0.0,-0.6057083681168304,-0.6488146655149246,0.0,0.3076923076923077,0,1,0,0,0,1,0,0,1,0,1,0,0,0,0
551,0.7692307692307693,1,0.1578947368421052,0.3333333333333333,0.0,0.0,0.0,-0.1640019866220029,-0.0760149726461271,0.0,-1.0,0,0,0,0,0,1,1,0,0,0,0,1,0,0,1
552,0.5769230769230769,1,-1.105263157894737,-0.5833333333333334,0.0,0.0,0.0,-0.169919584077436,0.193876571647951,0.0,0.1538461538461538,1,0,0,0,1,0,0,0,0,0,0,0,0,0,1
553,0.1153846153846153,1,-0.2631578947368421,-0.1666666666666666,0.5,0.6666666666666666,0.0,0.4262783595574483,0.8668778193684614,1.0,0.5,0,0,0,1,0,1,1,0,0,1,0,0,1,0,0
554,0.8461538461538461,2,-0.6842105263157895,-0.5833333333333334,-0.5,-0.6666666666666666,0.0,-0.6057083681168304,-0.6488146655149246,0.0,-0.9615384615384616,0,0,0,0,0,1,1,0,0,0,0,0,0,0,0
555,-0.5769230769230769,2,-0.2105263157894736,0.3333333333333333,-0.5,-0.6666666666666666,0.0,-0.6057083681168304,-0.6488146655149246,0.0,0.2692307692307692,0,0,1,0,0,0,0,0,0,0,1,0,0,0,0
556,-0.3076923076923077,2,-1.0,0.5,0.0,0.0,0.0,0.0536810626314287,0.0506766484307515,0.0,-0.2307692307692307,0,1,0,0,0,1,0,0,1,1,0,0,0,0,1
557,0.6153846153846154,1,-0.2105263157894736,1.5,-0.5,-0.6666666666666666,0.0,-0.6057083681168304,-0.6488146655149246,0.0,-0.1923076923076923,0,1,0,0,0,1,0,0,0,0,0,0,0,0,0
558,0.7692307692307693,2,-0.3684210526315789,0.3333333333333333,0.5,0.3333333333333333,1.0,0.5622140268193971,0.1827430655533161,0.0,-0.1153846153846153,0,0,0,0,0,1,0,1,0,0,0,1,0,0,1
559,-0.3461538461538461,1,0.6842105263157895,-0.4583333333333333,1.25,1.6666666666666667,0.0,1.0341001553369336,1.7222382186390248,0.0,-0.2692307692307692,1,0,0,0,1,0,1,0,0,1,0,0,0,0,1
560,-0.9615384615384616,2,1.263157894736842,0.5,0.25,0.0,1.0,0.1881373305295192,0.3627987330837893,1.0,0.0384615384615384,0,0,1,0,0,0,1,0,0,0,0,1,1,0,0
561,0.1923076923076923,1,-0.5789473684210527,0.0,-0.25,-0.3333333333333333,0.0,-0.1515327634123403,-0.5754870908916402,0.0,-0.6153846153846154,0,0,1,0,0,0,1,0,0,0,0,1,0,0,1
562,0.6153846153846154,2,0.3684210526315789,-0.0833333333333333,0.5,0.6666666666666666,0.0,0.497500871788911,0.6515020635377677,0.0,1.1923076923076923,0,0,0,0,0,1,0,0,0,0,0,1,1,0,0
563,-0.8461538461538461,2,0.9473684210526316,1.1666666666666667,5.0,6.666666666666667,0.0,6.590724165988609,5.515308570880123,5.0,0.5,0,1,0,0,0,1,1,0,0,1,0,0,0,1,0
564,0.6153846153846154,0,0.2105263157894736,2.083333333333333,-0.25,-0.3333333333333333,0.0,-0.3129986368391577,-0.405413187446012,0.0,0.0769230769230769,0,0,1,0,0,0,1,0,0,0,0,1,0,0,1
565,0.8461538461538461,1,-0.8421052631578947,0.125,0.5,0.6666666666666666,0.0,0.6701679118277981,-0.2833285344082925,2.0,0.0769230769230769,1,0,0,0,1,0,1,0,0,0,1,0,0,0,1
566,0.5769230769230769,0,-1.0,0.5833333333333334,0.0,0.0,0.0,-0.0031701414939819,-0.1059602649006621,1.0,0.1923076923076923,0,0,0,1,0,1,1,0,0,0,0,1,0,0,1
567,-0.5384615384615384,0,-0.631578947368421,-0.5833333333333334,0.0,0.0,0.0,0.0435366098506863,-0.1535656013053075,1.0,-0.5,0,0,0,1,0,1,0,1,0,0,0,0,0,0,1
568,0.8076923076923077,2,-1.0,0.9166666666666666,-0.25,-0.6666666666666666,1.0,-0.554943835659865,-0.2134561858143775,0.0,1.0,0,0,0,0,0,1,1,0,0,0,1,0,1,0,0
569,-0.4230769230769231,2,-0.2105263157894736,0.0,-0.25,-0.3333333333333333,0.0,-0.2400853824775712,-0.5044630002879354,0.0,-0.2692307692307692,0,0,0,0,0,1,0,1,0,0,0,1,0,0,1
570,0.4615384615384615,0,0.3684210526315789,-0.1666666666666666,0.75,1.0,0.0,0.3846438346031511,0.8234955369997122,0.0,1.0769230769230769,0,0,0,0,0,1,0,0,1,1,0,0,1,0,0
571,0.4615384615384615,2,-0.7368421052631579,-0.2916666666666667,0.0,0.0,0.0,-0.192955945600372,-0.2353392840003838,1.0,0.4615384615384615,0,0,0,1,0,1,0,1,0,0,0,0,1,0,0
572,0.6923076923076923,0,1.5263157894736843,0.25,-0.5,-0.6666666666666666,0.0,-0.6057083681168304,-0.6488146655149246,0.0,0.0,0,0,1,0,0,0,0,1,0,0,0,1,0,0,0
573,-0.5,0,0.7368421052631579,-0.5833333333333334,1.5,2.0,0.0,1.6560819164562048,1.2411939725501486,1.0,1.1153846153846154,0,1,0,0,0,1,0,1,0,1,0,0,1,0,0
574,0.9230769230769232,1,-1.0526315789473684,-0.25,0.5,0.6666666666666666,0.0,0.4512168059767735,0.8883770035512045,2.0,-0.3846153846153846,0,1,0,0,0,1,1,0,0,1,0,0,0,0,1
575,-0.9615384615384616,0,1.0526315789473684,-0.1666666666666666,0.25,0.3333333333333333,0.0,0.5351198841841641,0.3662539591131588,1.0,-0.3461538461538461,0,0,1,0,0,0,0,0,0,0,0,1,0,0,1
576,0.2307692307692307,1,-0.1052631578947368,-0.2916666666666667,0.25,0.3333333333333333,0.0,0.1802753796244439,0.2134561858143776,1.0,-0.6538461538461539,0,1,0,0,0,1,0,1,0,0,1,0,0,0,1
577,0.1923076923076923,0,-1.105263157894737,0.2916666666666667,0.5,0.3333333333333333,1.0,0.2818044445383746,0.3846818312697957,1.0,0.1923076923076923,1,0,0,0,1,0,0,0,1,0,0,0,1,0,0
578,-0.9615384615384616,0,-0.2105263157894736,-0.5416666666666666,-0.5,-0.6666666666666666,0.0,-0.6057083681168304,-0.6488146655149246,0.0,-0.5384615384615384,0,0,0,0,0,1,0,0,1,0,1,0,0,0,0
579,-0.4230769230769231,2,-0.6842105263157895,2.083333333333333,-0.25,-0.3333333333333333,0.0,-0.3273699449452094,-0.5662731548133217,0.0,0.3461538461538461,0,1,0,0,0,1,1,0,0,0,0,1,1,0,0
580,0.2692307692307692,2,-0.3157894736842105,0.4583333333333333,1.5,2.0,0.0,1.9282913994061277,2.4029177464248006,2.0,-0.3461538461538461,1,0,0,0,1,0,0,0,0,0,0,1,0,0,1
581,-0.2692307692307692,0,-0.5789473684210527,-0.375,-0.25,-0.3333333333333333,0.0,-0.291018989147549,-0.2545349841635473,0.0,0.9230769230769232,0,0,0,0,0,1,0,1,0,0,0,1,1,0,0
582,-0.1153846153846153,1,-0.7368421052631579,2.083333333333333,0.0,-0.3333333333333333,1.0,-0.4051018143776485,-0.0936750167962375,1.0,-0.2307692307692307,1,0,0,0,1,0,0,1,0,0,1,0,0,0,1
583,0.8076923076923077,1,-0.4736842105263157,2.083333333333333,-0.25,-0.3333333333333333,0.0,-0.3561125611573131,-0.5413187446012092,0.0,1.1923076923076923,0,1,0,0,0,1,0,0,1,0,1,0,1,0,0
584,0.7692307692307693,2,1.1578947368421053,-0.375,0.5,0.6666666666666666,0.0,0.3605507592488878,0.4311354256646511,1.0,1.3076923076923077,0,0,0,0,0,1,0,1,0,0,0,0,1,0,0
585,-0.8461538461538461,2,0.2631578947368421,0.375,-0.25,-0.6666666666666666,1.0,-0.5393467395094735,-0.2453210480852288,0.0,-0.9230769230769232,0,0,0,1,0,1,0,0,1,0,0,0,0,0,1
586,0.0384615384615384,0,-0.2631578947368421,1.2083333333333333,0.5,0.3333333333333333,1.0,0.8439339342512656,0.6403685574431327,0.0,0.6153846153846154,0,0,1,0,0,0,0,0,1,1,0,0,1,0,0
587,-0.4615384615384615,2,-0.3684210526315789,2.0,0.5,0.6666666666666666,0.0,1.3475214777086222,0.3420673769075727,0.0,0.2692307692307692,0,1,0,0,0,1,1,0,0,0,0,0,1,0,0
588,0.6538461538461539,2,1.0526315789473684,0.4166666666666667,-0.25,-0.6666666666666666,1.0,-0.554943835659865,-0.4084844994721182,0.0,0.3461538461538461,0,0,1,0,0,0,0,0,0,0,0,1,1,0,0
589,0.8076923076923077,2,-1.105263157894737,-0.375,-0.5,-0.6666666666666666,0.0,-0.6057083681168304,-0.6488146655149246,0.0,0.0,0,0,0,1,0,1,1,0,0,0,0,0,0,0,0
590,-0.5,2,0.4736842105263157,0.375,0.5,0.6666666666666666,0.0,0.2996840425644332,0.2391784240330166,0.0,-0.1153846153846153,1,0,0,0,1,0,1,0,0,0,1,0,0,0,1
591,-0.2692307692307692,1,-0.3684210526315789,-0.125,0.25,0.3333333333333333,0.0,0.0183868206650957,-0.4242249736059122,0.0,0.3461538461538461,1,0,0,0,1,0,0,1,0,0,0,0,1,0,0
592,-0.1538461538461538,1,-0.2631578947368421,-0.125,-0.5,-0.6666666666666666,0.0,-0.6057083681168304,-0.6488146655149246,0.0,0.8076923076923077,1,0,0,0,1,0,0,0,1,0,0,0,0,0,0
593,0.6538461538461539,0,0.0,0.2083333333333333,0.0,0.0,0.0,-0.0109898238458043,0.0602744985123332,0.0,0.9615384615384616,0,0,0,1,0,1,0,0,1,0,1,0,1,0,0
594,-0.3461538461538461,2,0.2631578947368421,1.2916666666666667,-0.5,-0.6666666666666666,0.0,-0.6057083681168304,-0.6488146655149246,0.0,1.1153846153846154,0,0,1,0,0,0,0,1,0,0,1,0,0,0,0
595,-0.8461538461538461,1,0.0,-0.4166666666666667,1.25,1.6666666666666667,0.0,1.3779548360508491,1.2519435646415202,1.0,0.9230769230769232,1,0,0,0,1,0,0,0,1,0,1,0,1,0,0
596,0.0769230769230769,2,0.0,0.2083333333333333,0.0,-0.3333333333333333,1.0,-0.1782042205150423,-0.381226605240426,1.0,1.2307692307692308,0,0,0,0,0,1,0,0,1,0,0,0,1,0,0
597,0.6538461538461539,2,-0.2631578947368421,1.0416666666666667,-0.25,-0.3333333333333333,0.0,-0.2956685300053893,-0.369709185142528,0.0,0.1923076923076923,0,1,0,0,0,1,1,0,0,0,1,0,1,0,0
598,-0.3076923076923077,2,-0.4210526315789473,0.25,0.5,0.3333333333333333,1.0,0.2048334090644912,0.4438045877723391,0.0,0.7692307692307693,0,0,0,1,0,1,1,0,0,0,0,0,1,0,0
599,0.0,0,1.368421052631579,-0.5833333333333334,0.5,0.6666666666666666,0.0,0.7390656536303405,0.1831269795565794,1.0,0.1153846153846153,0,0,1,0,0,0,1,0,0,1,0,0,1,0,0
600,0.0384615384615384,2,0.4736842105263157,-0.2083333333333333,0.0,0.0,0.0,0.0731245971278519,0.0130530761109512,0.0,0.8461538461538461,1,0,0,0,1,0,0,0,1,0,1,0,1,0,0
601,-0.5769230769230769,1,1.5263157894736843,-0.0833333333333333,1.25,0.6666666666666666,3.0,0.982786131687678,0.7839523946635955,0.0,-1.0384615384615383,0,0,1,0,0,0,0,1,0,1,0,0,0,0,1
602,-0.0384615384615384,0,-0.7368421052631579,0.3333333333333333,0.5,0.3333333333333333,1.0,0.0125114917629156,0.5344082925424706,0.0,0.3846153846153846,0,0,0,1,0,1,0,0,0,0,0,0,1,0,0
603,0.0384615384615384,0,1.5263157894736843,-0.3333333333333333,0.25,0.3333333333333333,0.0,0.6338169560301378,0.2387945100297534,0.0,-0.5,0,0,1,0,0,0,0,0,1,0,0,0,0,0,1
604,-0.9615384615384616,2,0.0526315789473684,-0.0416666666666666,0.25,0.0,1.0,0.1139560195703401,0.0591227565025435,0.0,-0.0384615384615384,0,0,0,0,0,1,1,0,0,0,1,0,0,0,1
605,0.1923076923076923,0,-1.105263157894737,-0.1666666666666666,-0.5,-0.6666666666666666,0.0,-0.6057083681168304,-0.6488146655149246,0.0,-0.1153846153846153,0,1,0,0,0,1,0,0,0,1,0,0,0,0,0
606,0.2692307692307692,0,0.1052631578947368,-0.4583333333333333,0.0,0.0,0.0,0.0923567888580094,-0.4399654477397062,1.0,1.0384615384615383,0,1,0,0,0,1,0,0,0,1,0,0,1,0,0
607,-0.3846153846153846,0,-0.1578947368421052,0.4166666666666667,0.0,0.0,0.0,0.1137024082508215,0.2364910260101737,0.0,-0.0384615384615384,0,0,0,0,0,1,0,0,1,0,0,1,0,0,1
608,0.0,1,-0.8421052631578947,0.0416666666666666,0.25,0.0,1.0,-0.0821700675240138,0.2564545541798637,0.0,0.1923076923076923,1,0,0,0,1,0,0,1,0,0,0,0,1,0,0
609,-0.7692307692307693,0,-0.6842105263157895,0.7916666666666666,0.0,0.0,0.0,-0.1094755529255122,-0.0787023706689701,1.0,0.0769230769230769,1,0,0,0,1,0,1,0,0,1,0,0,1,0,0
610,-0.7307692307692307,0,0.5789473684210527,0.0,-0.25,-0.3333333333333333,0.0,-0.4436084663912167,-0.4737498800268739,0.0,0.1538461538461538,0,0,1,0,0,0,0,0,1,1,0,0,1,0,0
611,0.5384615384615384,2,-0.2631578947368421,-0.2083333333333333,-0.5,-0.6666666666666666,0.0,-0.6057083681168304,-0.6488146655149246,0.0,0.1923076923076923,0,0,0,1,0,1,0,0,0,0,0,1,0,0,0
612,-0.8461538461538461,1,0.2631578947368421,1.0416666666666667,0.75,0.6666666666666666,1.0,0.3783458201684402,0.742105768307899,0.0,-0.4230769230769231,0,0,0,0,0,1,1,0,0,1,0,0,0,0,1
613,0.7692307692307693,0,-0.1578947368421052,0.2083333333333333,0.0,0.0,0.0,-0.274745596145108,0.0833093387081294,1.0,0.0384615384615384,0,0,0,0,0,1,0,0,1,0,0,0,0,0,1
614,-0.1153846153846153,2,0.3684210526315789,-0.5416666666666666,-0.25,-0.3333333333333333,0.0,-0.2772817093402936,-0.5643535847970055,0.0,-0.5769230769230769,0,0,0,0,0,1,1,0,0,0,0,1,0,0,1
615,0.2307692307692307,1,-0.3684210526315789,0.5833333333333334,0.25,-0.3333333333333333,2.0,-0.2540762736043453,0.6138784912179672,1.0,1.1538461538461535,0,1,0,0,0,1,0,0,1,1,0,0,1,0,0
616,-0.5,1,-0.2631578947368421,-0.4166666666666667,4.0,4.0,4.0,4.409793623788743,4.152029945292255,1.0,0.3076923076923077,0,1,0,0,0,1,0,0,0,1,0,0,0,1,0
617,-0.7307692307692307,0,-0.7894736842105263,-0.5833333333333334,0.25,0.0,1.0,-0.2085530417507634,-0.0656492945580189,0.0,0.4230769230769231,0,0,0,0,0,1,0,0,1,0,0,0,1,0,0
618,0.2692307692307692,1,0.1052631578947368,-0.125,0.25,0.3333333333333333,0.0,0.1553369332051188,0.1543334293118342,0.0,0.5384615384615384,0,0,0,1,0,1,0,0,1,1,0,0,1,0,0
619,0.4615384615384615,0,1.0526315789473684,-0.4583333333333333,0.0,0.0,0.0,-0.3594940454175605,-0.0360879163067472,0.0,0.0769230769230769,1,0,0,0,1,0,0,0,0,0,1,0,0,0,1
620,0.6538461538461539,2,0.0,-0.5416666666666666,0.5,0.6666666666666666,0.0,0.0760833958555684,0.563585756790479,1.0,0.5,1,0,0,0,1,0,0,1,0,0,0,1,1,0,0
621,-0.3076923076923077,0,1.0,-0.5,0.0,0.0,0.0,0.2618536874029144,0.0744793166330742,0.0,-0.3076923076923077,0,1,0,0,0,1,1,0,0,0,0,1,0,0,1
622,0.0384615384615384,2,0.9473684210526316,0.0,0.25,0.3333333333333333,0.0,0.1838682066509568,-0.1259237930703522,0.0,0.6923076923076923,0,1,0,0,0,1,1,0,0,0,0,1,1,0,0
623,0.5384615384615384,2,0.1052631578947368,-0.5833333333333334,0.0,0.0,0.0,0.225502731605254,-0.5090699683270946,0.0,-0.6153846153846154,0,1,0,0,0,1,1,0,0,0,0,1,0,0,1
624,0.2692307692307692,2,1.368421052631579,-0.5833333333333334,0.25,0.0,1.0,0.2583453974829077,0.0541318744601209,0.0,-0.3076923076923077,0,1,0,0,0,1,0,0,1,0,0,1,0,0,1
625,0.4615384615384615,2,0.4210526315789473,0.9166666666666666,-0.5,-0.6666666666666666,0.0,-0.6057083681168304,-0.6488146655149246,0.0,-0.0384615384615384,1,0,0,0,1,0,1,0,0,1,0,0,0,0,0
626,-0.7307692307692307,1,0.1052631578947368,-0.4583333333333333,1.0,0.6666666666666666,2.0,0.3152811387148247,1.5871004894903544,0.0,0.0,0,0,0,1,0,1,0,0,0,1,0,0,0,0,1
627,-0.5,0,0.1578947368421052,-0.5833333333333334,0.0,0.0,0.0,-0.1263829742267496,-0.3086668586236682,0.0,-0.5,0,0,1,0,0,0,1,0,0,0,1,0,0,0,1
628,0.7307692307692307,0,0.6842105263157895,1.2916666666666667,0.5,0.3333333333333333,1.0,0.5633975463104837,0.4852673001247722,0.0,1.2692307692307692,0,0,1,0,0,0,0,0,1,0,1,0,1,0,0
629,0.5384615384615384,2,0.7368421052631579,-0.5833333333333334,-0.5,-0.6666666666666666,0.0,-0.6057083681168304,-0.6488146655149246,0.0,0.2307692307692307,0,0,1,0,0,0,0,1,0,0,1,0,0,0,0
630,0.7307692307692307,2,0.8421052631578947,2.083333333333333,0.5,0.3333333333333333,1.0,0.1632411526634472,0.4768211920529802,0.0,0.2692307692307692,0,0,0,0,0,1,0,1,0,0,0,0,0,0,1
631,0.3846153846153846,1,-0.3157894736842105,-0.25,-0.5,-0.6666666666666666,0.0,-0.6057083681168304,-0.6488146655149246,0.0,0.8461538461538461,0,0,0,0,0,1,1,0,0,0,0,0,0,0,0
632,-0.4230769230769231,2,-0.5263157894736842,0.3333333333333333,0.25,0.3333333333333333,0.0,0.1878837192100007,0.3485939149630483,1.0,0.5769230769230769,1,0,0,0,1,0,0,0,0,0,0,1,1,0,0
633,-0.5384615384615384,2,-1.105263157894737,0.3333333333333333,-0.5,-0.6666666666666666,0.0,-0.6057083681168304,-0.6488146655149246,0.0,0.8461538461538461,1,0,0,0,1,0,0,0,0,0,0,0,0,0,0
634,-0.6923076923076923,0,-0.1578947368421052,-0.5833333333333334,0.0,0.0,0.0,0.0378303551615187,-0.242633650062386,0.0,0.4230769230769231,0,0,0,1,0,1,0,1,0,0,0,0,1,0,0
635,-0.6538461538461539,1,0.4736842105263157,0.625,-0.25,-0.3333333333333333,0.0,-0.4127524225164584,-0.5612822727708993,0.0,-0.4230769230769231,0,0,0,0,0,1,0,0,1,0,0,1,0,0,1
636,-0.8846153846153846,1,0.5789473684210527,0.5833333333333334,0.75,0.6666666666666666,1.0,0.1323428402354358,0.5232747864478358,0.0,-0.2692307692307692,0,1,0,0,0,1,0,0,1,0,0,1,0,0,1
637,0.3846153846153846,0,-0.8947368421052632,0.625,-0.25,-0.3333333333333333,0.0,-0.3535764479621274,-0.2645167482483923,1.0,-0.6923076923076923,0,0,0,1,0,1,1,0,0,0,0,0,0,0,1
638,-0.8076923076923077,2,0.4210526315789473,0.1666666666666666,1.0,1.0,1.0,0.8585165851235829,0.903349649678472,1.0,0.4230769230769231,0,0,0,1,0,1,0,1,0,0,1,0,1,0,0
639,-0.4230769230769231,1,0.7368421052631579,0.5,0.25,0.3333333333333333,0.0,-0.002747455961451,0.7551588444188503,2.0,1.0,0,0,0,0,0,1,1,0,0,0,0,1,1,0,0
640,0.8846153846153846,2,-0.5263157894736842,-0.125,0.0,0.0,0.0,0.0900320184290892,0.1190133410116134,0.0,0.2692307692307692,0,1,0,0,0,1,0,0,1,1,0,0,1,0,0
641,0.1153846153846153,1,-0.4736842105263157,-0.5833333333333334,-0.25,-0.6666666666666666,1.0,-0.554943835659865,-0.2971494385257702,0.0,-0.6923076923076923,0,0,0,0,0,1,0,0,1,0,1,0,0,0,1
642,-0.0384615384615384,0,1.1578947368421053,-0.375,1.0,0.3333333333333333,3.0,0.967484915410058,1.1302428256070642,2.0,-0.6538461538461539,0,0,1,0,0,0,0,0,1,0,0,1,0,1,0
643,0.1153846153846153,0,0.1052631578947368,0.2916666666666667,4.0,4.333333333333333,3.0,3.3043018820073344,3.9608407716671454,1.0,0.2307692307692307,0,0,0,1,0,1,1,0,0,0,0,0,0,1,0
644,-0.7692307692307693,1,-0.1578947368421052,0.1666666666666666,-0.25,-0.3333333333333333,0.0,-0.2451576088679425,-0.5044630002879354,0.0,1.7307692307692308,0,0,0,1,0,1,0,0,1,0,1,0,1,0,0
645,0.6923076923076923,0,-0.4210526315789473,0.75,-0.25,-0.3333333333333333,0.0,-0.4406496676635001,-0.1535656013053075,0.0,-0.9230769230769232,0,1,0,0,0,1,0,0,0,0,0,0,0,0,1
646,0.8461538461538461,2,0.9473684210526316,-0.125,0.5,0.6666666666666666,0.0,0.9662591273657184,0.5121412803532008,0.0,0.5,0,0,1,0,0,0,0,0,1,0,1,0,1,0,0
647,-0.8846153846153846,1,-0.3157894736842105,1.2916666666666667,0.0,0.0,0.0,0.1585070746991007,-0.2457049620884921,1.0,-0.4230769230769231,0,0,0,0,0,1,0,0,1,0,0,0,0,0,1
648,-0.8076923076923077,2,-0.4210526315789473,1.4583333333333333,-0.25,-0.3333333333333333,0.0,-0.222332590111272,-0.1696899894423648,1.0,1.3461538461538465,0,0,0,1,0,1,1,0,0,0,1,0,1,0,0
649,0.5769230769230769,0,-0.3684210526315789,2.083333333333333,-0.25,-0.3333333333333333,0.0,-0.4009172276055922,-0.4391976197331796,0.0,0.0384615384615384,1,0,0,0,1,0,1,0,0,1,0,0,0,0,1
650,0.3461538461538461,1,1.105263157894737,-0.5416666666666666,0.0,-0.3333333333333333,1.0,-0.085889700210286,-0.2372588540167002,0.0,0.3461538461538461,0,0,1,0,0,0,0,0,1,0,0,0,1,0,0
651,-0.7307692307692307,0,-1.105263157894737,0.875,-0.5,-0.6666666666666666,0.0,-0.6057083681168304,-0.6488146655149246,0.0,1.6153846153846154,0,0,0,1,0,1,0,0,1,0,0,1,0,0,0
652,0.0,2,-0.7894736842105263,-0.25,0.75,0.3333333333333333,2.0,0.3035304809104646,0.4925616661867742,0.0,-0.1153846153846153,1,0,0,0,1,0,0,1,0,0,0,0,0,0,1
653,-0.6538461538461539,2,0.1052631578947368,0.3333333333333333,0.25,0.0,1.0,-0.1081652277746663,0.2453210480852289,0.0,-0.2692307692307692,0,1,0,0,0,1,1,0,0,1,0,0,0,0,1
654,-0.9615384615384616,2,0.4210526315789473,-0.5833333333333334,0.5,0.6666666666666666,0.0,0.3189162342945907,0.4004223054035896,0.0,-0.2307692307692307,0,0,0,0,0,1,0,0,1,0,1,0,0,0,1
655,0.5,0,0.2631578947368421,0.25,0.5,0.3333333333333333,1.0,0.1209303308571005,0.766292350513485,1.0,-0.0769230769230769,0,0,0,1,0,1,1,0,0,0,0,0,0,0,1
656,-0.4615384615384615,0,0.1052631578947368,-0.125,1.5,1.6666666666666667,1.0,1.7074804772119665,1.579422209425089,1.0,0.4615384615384615,0,0,0,0,0,1,0,0,0,0,1,0,1,0,0
657,-0.3461538461538461,1,-0.4210526315789473,0.1666666666666666,-0.5,-0.6666666666666666,0.0,-0.6057083681168304,-0.6488146655149246,0.0,1.0,0,0,0,1,0,1,0,0,0,0,0,0,0,0,0
658,0.6153846153846154,2,0.0526315789473684,2.083333333333333,-0.25,-0.3333333333333333,0.0,-0.2918643602126109,-0.4230732315961225,0.0,0.5384615384615384,1,0,0,0,1,0,1,0,0,0,0,0,1,0,0
659,-0.5,2,-1.105263157894737,0.5,-0.25,-0.3333333333333333,0.0,-0.0705884839326662,-0.3428352049140992,1.0,-0.3076923076923077,0,0,1,0,0,0,1,0,0,1,0,0,0,0,1
660,-0.7307692307692307,0,1.5263157894736843,-0.2083333333333333,0.5,0.3333333333333333,1.0,0.2143438335464373,0.308282944620405,1.0,-0.1923076923076923,0,1,0,0,0,1,0,0,0,0,0,0,0,0,1
661,-0.1538461538461538,2,-0.4736842105263157,0.4166666666666667,0.0,-0.3333333333333333,1.0,-0.2493421956399987,-0.2096170457817448,0.0,0.3076923076923077,1,0,0,0,1,0,0,0,0,0,0,1,1,0,0
662,-0.5769230769230769,1,-0.631578947368421,0.2083333333333333,-0.5,-0.6666666666666666,0.0,-0.6057083681168304,-0.6488146655149246,0.0,-0.3846153846153846,1,0,0,0,1,0,0,0,0,0,0,1,0,0,0
663,-0.3076923076923077,0,-0.4736842105263157,0.375,-0.25,-0.3333333333333333,0.0,-0.3755560956537361,-0.3647183031001055,0.0,1.6153846153846154,1,0,0,0,1,0,1,0,0,0,1,0,1,0,0
664,-0.1153846153846153,0,0.7368421052631579,0.8333333333333334,0.75,1.0,0.0,0.513351579258821,1.038871292830406,0.0,0.5,1,0,0,0,1,0,0,0,1,1,0,0,1,0,0
665,-0.7692307692307693,0,0.0,-0.1666666666666666,-0.5,-0.6666666666666666,0.0,-0.6057083681168304,-0.6488146655149246,0.0,-0.2692307692307692,0,0,0,1,0,1,0,0,0,0,1,0,0,0,0
666,0.8076923076923077,1,1.0526315789473684,0.1666666666666666,6.75,6.666666666666667,7.0,8.244058626483364,6.70467415298973,5.0,-0.3846153846153846,0,0,1,0,0,0,0,0,1,0,0,0,0,1,0
667,-0.8846153846153846,2,0.1578947368421052,-0.125,0.0,-0.3333333333333333,1.0,-0.1691164815656272,0.0349361742969576,1.0,-0.1153846153846153,0,1,0,0,0,1,0,1,0,0,0,1,0,0,1
668,-0.4230769230769231,2,-0.8421052631578947,1.3333333333333333,-0.25,-0.3333333333333333,0.0,-0.310462523643972,-0.5839331989634322,1.0,0.3846153846153846,1,0,0,0,1,0,0,0,0,0,0,1,1,0,0
669,-0.7692307692307693,0,-0.1052631578947368,0.8333333333333334,-0.25,-0.3333333333333333,0.0,-0.2804518508342756,-0.4679911699779249,1.0,0.3461538461538461,0,0,0,1,0,1,0,0,1,0,0,1,1,0,0
670,0.8846153846153846,2,0.4736842105263157,-0.0833333333333333,-0.5,-0.6666666666666666,0.0,-0.6057083681168304,-0.6488146655149246,0.0,-0.2307692307692307,0,1,0,0,0,1,0,1,0,0,1,0,0,0,0
671,0.4230769230769231,2,0.0,-0.5833333333333334,0.75,0.6666666666666666,1.0,0.837804994029567,1.001631634513869,1.0,-1.0,0,0,0,1,0,1,0,1,0,0,1,0,0,0,1
672,0.8846153846153846,0,0.1578947368421052,-0.4166666666666667,-0.5,-0.6666666666666666,0.0,-0.6057083681168304,-0.6488146655149246,0.0,-0.4615384615384615,0,1,0,0,0,1,0,0,1,0,1,0,0,0,0
673,-0.8846153846153846,2,-0.2631578947368421,-0.5416666666666666,1.25,1.6666666666666667,0.0,1.812475563492651,0.800460696803916,1.0,-1.2692307692307692,0,1,0,0,0,1,1,0,0,0,1,0,0,0,1
674,-0.8846153846153846,1,-0.2105263157894736,0.8333333333333334,0.25,-0.3333333333333333,2.0,-0.3338793021461859,0.0702562625971783,0.0,0.0384615384615384,1,0,0,0,1,0,0,0,1,0,0,1,0,0,1
675,0.4615384615384615,2,0.3684210526315789,-0.5,0.75,1.0,0.0,0.4666448279141527,0.7194548421153663,0.0,-0.6538461538461539,0,0,0,0,0,1,0,1,0,0,1,0,0,0,1
676,0.6153846153846154,1,-0.6842105263157895,0.875,-0.5,-0.6666666666666666,0.0,-0.6057083681168304,-0.6488146655149246,0.0,0.9615384615384616,0,0,0,1,0,1,0,1,0,0,0,1,0,0,0
677,-0.1153846153846153,0,-0.0526315789473684,-0.5,0.25,0.0,1.0,0.1664535627106823,0.0929071887897111,1.0,0.4230769230769231,1,0,0,0,1,0,0,1,0,1,0,0,1,0,0
678,0.1153846153846153,1,0.7368421052631579,-0.5,1.25,1.6666666666666667,0.0,2.12589688586434,1.828198483539687,2.0,0.2307692307692307,0,1,0,0,0,1,0,0,1,0,1,0,0,0,1
679,-0.5384615384615384,1,-1.0526315789473684,0.25,-0.25,-0.3333333333333333,0.0,-0.4068348250610253,-0.4902581821671945,0.0,-0.5769230769230769,0,1,0,0,0,1,0,0,1,0,0,1,0,0,1
680,0.8076923076923077,1,-0.0526315789473684,0.9583333333333334,0.5,0.3333333333333333,1.0,0.0063825515412171,0.4891064401574048,2.0,0.3076923076923077,0,0,0,0,0,1,0,1,0,1,0,0,1,0,0
681,-0.5769230769230769,2,-0.8947368421052632,0.5416666666666666,0.25,0.0,1.0,-0.172624771485634,0.4004223054035896,0.0,-0.0384615384615384,0,0,0,1,0,1,0,0,1,1,0,0,0,0,1
682,0.4230769230769231,2,0.631578947368421,0.0416666666666666,0.75,0.6666666666666666,1.0,0.7605380786829121,0.2791054803723967,1.0,-0.1153846153846153,0,1,0,0,0,1,0,0,0,0,1,0,0,0,1
683,-0.8461538461538461,1,0.5789473684210527,-0.2083333333333333,-0.25,-0.3333333333333333,0.0,-0.4556550040683484,-0.3800748632306363,0.0,-0.2692307692307692,0,1,0,0,0,1,0,0,0,0,0,1,0,0,1
684,0.5769230769230769,1,-0.4736842105263157,1.0416666666666667,-0.5,-0.6666666666666666,0.0,-0.6057083681168304,-0.6488146655149246,0.0,0.7692307692307693,0,0,0,1,0,1,0,0,1,0,0,1,0,0,0
685,0.1923076923076923,0,0.4210526315789473,-0.2916666666666667,-0.25,-0.3333333333333333,0.0,-0.4218401614658735,-0.3574239370381034,0.0,-0.0769230769230769,0,0,0,1,0,1,0,0,0,0,1,0,0,0,1
686,0.9615384615384616,2,0.1052631578947368,-0.4583333333333333,0.75,0.6666666666666666,1.0,0.5970855832531995,0.3601113350609464,2.0,1.0,0,1,0,0,0,1,1,0,0,0,1,0,1,0,0
687,0.1538461538461538,2,-0.1578947368421052,0.2916666666666667,-0.25,-0.3333333333333333,0.0,-0.3907727748248498,-0.4276801996352816,0.0,1.4615384615384617,0,0,0,0,0,1,0,0,0,0,0,0,1,0,0
688,-0.7307692307692307,1,1.368421052631579,0.125,0.25,0.3333333333333333,0.0,0.3590713598850296,0.2437853920721759,0.0,-0.7692307692307693,0,1,0,0,0,1,0,1,0,0,1,0,0,0,1
689,-0.5384615384615384,0,-0.3157894736842105,-0.4583333333333333,-0.5,-0.6666666666666666,0.0,-0.6057083681168304,-0.6488146655149246,0.0,0.8846153846153846,0,0,1,0,0,0,0,0,1,0,0,0,0,0,0
690,0.5,2,-0.5263157894736842,0.8333333333333334,-0.25,-0.3333333333333333,0.0,-0.2242346750076612,-0.2004031097034264,1.0,0.5769230769230769,0,1,0,0,0,1,0,1,0,0,0,0,1,0,0
691,0.7307692307692307,2,0.8947368421052632,1.0833333333333333,0.25,0.0,1.0,0.3162110468863927,0.3988866493905365,0.0,-0.5769230769230769,0,0,1,0,0,0,0,0,0,1,0,0,0,0,1
692,0.4615384615384615,2,-0.6842105263157895,1.25,0.75,0.3333333333333333,2.0,0.1336531653862818,1.0238986467031386,0.0,-0.5769230769230769,0,0,0,0,0,1,0,1,0,0,0,0,0,0,1
693,0.9230769230769232,1,0.2105263157894736,1.2083333333333333,0.0,-0.3333333333333333,1.0,-0.3023892299726312,-0.1739130434782608,0.0,-0.5769230769230769,1,0,0,0,1,0,1,0,0,0,0,0,0,0,1
694,-0.9615384615384616,2,-0.1578947368421052,-0.25,5.0,6.333333333333333,1.0,6.049094924603469,5.013532968615031,3.0,0.7692307692307693,0,1,0,0,0,1,0,0,1,0,0,0,0,1,0
695,0.7307692307692307,0,0.631578947368421,-0.5833333333333334,0.0,0.0,0.0,-0.1082074963279194,0.0936750167962377,0.0,-1.2307692307692308,0,1,0,0,0,1,1,0,0,1,0,0,0,0,1
696,0.6153846153846154,2,0.0,-0.0833333333333333,0.5,0.6666666666666666,0.0,0.343009309648854,0.6326902773778675,1.0,1.4615384615384617,1,0,0,0,1,0,1,0,0,0,0,1,1,0,0
697,0.5384615384615384,0,-0.1052631578947368,-0.125,-0.25,-0.3333333333333333,0.0,-0.2656578571956929,-0.5470774546501583,1.0,0.6923076923076923,0,0,0,0,0,1,0,0,0,1,0,0,1,0,0
698,0.1923076923076923,1,-0.7368421052631579,-0.4583333333333333,-0.25,-0.3333333333333333,0.0,-0.2193737913835554,-0.4311354256646511,0.0,1.0384615384615383,0,0,0,1,0,1,0,1,0,0,0,1,1,0,0
699,-0.1153846153846153,2,0.2631578947368421,0.0,3.25,3.6666666666666665,2.0,2.863356334471063,3.9278241673865057,3.0,1.0,0,0,0,1,0,1,0,0,0,1,0,0,0,1,0
700,0.1153846153846153,2,0.6842105263157895,-0.5833333333333334,0.0,0.0,0.0,-0.0773514524531611,0.0165083021403205,0.0,0.9615384615384616,0,1,0,0,0,1,0,0,1,0,1,0,1,0,0
701,0.9615384615384616,0,1.5263157894736843,-0.5,0.25,0.3333333333333333,0.0,-0.0984857290797079,0.3132738266628275,0.0,0.2307692307692307,1,0,0,0,1,0,0,0,0,0,0,0,1,0,0
702,-0.7692307692307693,1,0.2105263157894736,-0.3333333333333333,1.75,2.0,1.0,2.022169856181248,1.6331701698819463,1.0,-0.6153846153846154,0,0,1,0,0,0,0,1,0,1,0,0,0,0,1
703,-0.4230769230769231,0,0.2631578947368421,-0.2083333333333333,0.5,0.6666666666666666,0.0,0.6938383016495304,0.2430175640656493,0.0,0.2692307692307692,0,0,0,0,0,1,0,0,1,0,0,0,1,0,0
704,0.6153846153846154,2,-0.8421052631578947,0.125,-0.5,-0.6666666666666666,0.0,-0.6057083681168304,-0.6488146655149246,0.0,-0.6153846153846154,0,0,0,1,0,1,0,0,1,0,0,1,0,0,0
705,0.1153846153846153,1,0.2631578947368421,-0.5833333333333334,2.0,2.333333333333333,1.0,1.3462534211110293,1.6884537863518574,1.0,0.8846153846153846,1,0,0,0,1,0,1,0,0,0,1,0,1,0,0
706,0.2692307692307692,2,-0.8421052631578947,-0.5833333333333334,1.5,2.0,0.0,1.854532773979479,1.209713024282561,1.0,-0.5384615384615384,0,0,0,1,0,1,0,0,0,0,1,0,0,0,1
707,0.6153846153846154,1,0.8421052631578947,-0.375,1.0,1.3333333333333333,0.0,1.180772035125168,1.1766964200019197,1.0,0.1153846153846153,0,1,0,0,0,1,0,0,1,0,1,0,0,0,1
708,0.6538461538461539,0,0.5789473684210527,1.3333333333333333,0.75,1.0,0.0,0.6496676635000477,0.4699107399942414,0.0,0.1923076923076923,0,0,0,0,0,1,0,0,0,1,0,0,1,0,0
709,-0.7692307692307693,2,0.3157894736842105,2.083333333333333,0.25,0.3333333333333333,0.0,0.7889425464689912,0.1873500335924754,0.0,0.8461538461538461,0,0,1,0,0,0,1,0,0,0,0,1,1,0,0
710,0.5,1,0.9473684210526316,-0.2916666666666667,0.25,-0.3333333333333333,2.0,-0.2658691999619584,0.0103656780881082,1.0,-0.2692307692307692,0,1,0,0,0,1,0,1,0,1,0,0,0,0,1
711,0.0384615384615384,2,1.368421052631579,-0.375,0.0,0.0,0.0,0.0870732197013727,-0.0721758326134945,0.0,-0.7307692307692307,0,1,0,0,0,1,0,0,1,0,0,0,0,0,1
712,0.2692307692307692,0,1.263157894736842,-0.5416666666666666,2.25,2.6666666666666665,1.0,3.1334946583115832,2.3606872060658413,1.0,-0.6538461538461539,0,0,1,0,0,0,0,1,0,0,0,1,0,1,0
713,0.9230769230769232,1,-0.3157894736842105,2.083333333333333,0.25,0.0,1.0,0.0783236291779823,0.1908052596218448,0.0,0.9615384615384616,1,0,0,0,1,0,0,1,0,0,0,1,1,0,0
714,0.1923076923076923,1,0.5263157894736842,0.625,-0.5,-0.6666666666666666,0.0,-0.6057083681168304,-0.6488146655149246,0.0,0.3461538461538461,0,0,1,0,0,0,0,0,1,0,0,1,0,0,0
715,0.6923076923076923,2,-0.8947368421052632,0.9166666666666666,0.5,0.6666666666666666,0.0,0.9140574640981478,0.903349649678472,0.0,-0.3076923076923077,0,1,0,0,0,1,1,0,0,0,1,0,0,0,1
716,0.3461538461538461,1,-0.9473684210526316,1.3333333333333333,0.25,0.3333333333333333,0.0,0.085382477571249,-0.2522315001439677,0.0,-0.3846153846153846,0,0,0,1,0,1,0,0,0,0,0,1,0,0,1
717,0.6923076923076923,2,0.8421052631578947,0.4166666666666667,8.5,10.333333333333334,3.0,6.619635856413725,10.237834725021596,4.0,0.1153846153846153,1,0,0,0,1,0,0,0,1,0,0,1,0,1,0
718,-0.1153846153846153,1,-0.3157894736842105,1.0,-0.25,-0.3333333333333333,0.0,-0.3878139760971332,-0.4065649294558019,0.0,0.5769230769230769,0,0,0,0,0,1,0,0,0,0,0,1,1,0,0
719,-0.3846153846153846,2,-0.4736842105263157,-0.3333333333333333,-0.25,-0.3333333333333333,0.0,-0.2307863007618907,-0.3842979172665322,0.0,0.2692307692307692,0,1,0,0,0,1,1,0,0,0,1,0,1,0,0
720,-0.3846153846153846,2,-0.7368421052631579,-0.5416666666666666,-0.5,-0.6666666666666666,0.0,-0.6057083681168304,-0.6488146655149246,0.0,-0.9615384615384616,0,1,0,0,0,1,0,0,0,0,0,1,0,0,0
721,0.6923076923076923,2,1.5263157894736843,0.5833333333333334,0.25,0.3333333333333333,0.0,0.6426933522132873,0.0833093387081294,0.0,-0.5769230769230769,0,0,1,0,0,0,0,0,1,1,0,0,0,0,1
722,0.5384615384615384,0,0.2105263157894736,1.4583333333333333,-0.25,-0.3333333333333333,0.0,-0.3611847875476843,-0.186966119589212,0.0,0.6153846153846154,0,0,0,0,0,1,1,0,0,1,0,0,1,0,0
723,-0.3076923076923077,0,0.2105263157894736,0.9583333333333334,-0.5,-0.6666666666666666,0.0,-0.6057083681168304,-0.6488146655149246,0.0,-0.2692307692307692,0,0,0,1,0,1,0,0,0,0,1,0,0,0,0
724,0.1923076923076923,2,-0.8421052631578947,2.083333333333333,0.75,0.3333333333333333,2.0,0.446060042479896,0.8492177752183513,0.0,0.6538461538461539,1,0,0,0,1,0,1,0,0,0,0,0,1,0,0
725,0.1538461538461538,1,1.5263157894736843,0.5833333333333334,1.25,1.6666666666666667,0.0,1.295953842739848,1.795181879259046,0.0,-0.6153846153846154,0,1,0,0,0,1,1,0,0,1,0,0,0,0,1
726,-0.0384615384615384,2,-0.4210526315789473,0.125,0.75,1.0,0.0,1.1556222459395775,0.3854496592763222,0.0,0.2307692307692307,0,1,0,0,0,1,1,0,0,0,0,0,1,0,0
727,-0.5384615384615384,2,0.0526315789473684,2.083333333333333,1.5,2.0,0.0,1.8069806515697489,0.97590939629523,0.0,0.0769230769230769,0,0,0,0,0,1,0,0,0,0,0,1,1,0,0
728,-0.1538461538461538,0,-1.105263157894737,-0.5833333333333334,0.25,0.3333333333333333,0.0,0.2652351716631619,0.0548997024666474,1.0,0.6153846153846154,0,0,0,1,0,1,0,1,0,0,1,0,1,0,0
729,0.7307692307692307,0,-0.6842105263157895,0.2083333333333333,-0.25,-0.3333333333333333,0.0,-0.2290955586317669,-0.1746808714847873,0.0,-0.8076923076923077,1,0,0,0,1,0,0,1,0,0,0,1,0,0,1
730,0.4230769230769231,1,1.105263157894737,-0.0416666666666666,0.25,0.3333333333333333,0.0,0.5805585789312397,0.1002015548517133,2.0,-0.0384615384615384,0,1,0,0,0,1,0,0,1,0,1,0,0,0,1
731,0.0769230769230769,0,-0.6842105263157895,-0.2916666666666667,-0.25,-0.3333333333333333,0.0,-0.4535415764056937,-0.1620117093770995,0.0,0.5769230769230769,0,0,0,1,0,1,0,0,0,0,1,0,1,0,0
732,-0.5384615384615384,0,-0.631578947368421,-0.4166666666666667,0.0,-0.3333333333333333,1.0,-0.3287648072025615,0.2560706401766005,0.0,-0.0384615384615384,0,0,1,0,0,0,0,0,0,1,0,0,0,0,1
733,-0.3461538461538461,2,-1.105263157894737,-0.2083333333333333,-0.5,-0.6666666666666666,0.0,-0.6057083681168304,-0.6488146655149246,0.0,0.9230769230769232,0,0,0,0,0,1,0,1,0,0,0,0,0,0,0
734,-0.8461538461538461,1,0.4210526315789473,-0.5833333333333334,0.25,0.3333333333333333,0.0,0.1223674616677058,0.222670121892696,0.0,0.3461538461538461,0,1,0,0,0,1,0,1,0,0,0,1,1,0,0
735,-0.3461538461538461,0,0.3157894736842105,0.3333333333333333,0.0,0.0,0.0,0.0181754778988302,-0.2368749400134369,0.0,-0.0384615384615384,0,0,0,0,0,1,1,0,0,0,0,1,0,0,1
736,-0.6923076923076923,0,-0.3684210526315789,-0.5416666666666666,-0.5,-0.6666666666666666,0.0,-0.6057083681168304,-0.6488146655149246,0.0,0.1923076923076923,1,0,0,0,1,0,0,0,0,0,1,0,0,0,0
737,0.6923076923076923,2,0.1578947368421052,-0.5833333333333334,4.5,4.0,6.0,3.4182156330244213,4.895287455609943,3.0,-0.2692307692307692,0,0,0,0,0,1,0,1,0,1,0,0,0,1,0
738,-0.2692307692307692,0,0.1578947368421052,0.2083333333333333,0.25,0.0,1.0,0.2899622753162217,0.7010269699587292,0.0,0.6538461538461539,0,0,0,1,0,1,0,0,0,0,1,0,1,0,0
739,0.4230769230769231,0,-0.631578947368421,-0.25,0.0,0.0,0.0,0.0092990817156806,-0.0099817640848449,0.0,0.6538461538461539,0,0,0,1,0,1,0,0,1,0,0,0,1,0,0
740,-0.1923076923076923,0,-0.1052631578947368,-0.4583333333333333,0.5,0.3333333333333333,1.0,0.5397694250420045,0.8150494289279203,1.0,0.1923076923076923,0,1,0,0,0,1,1,0,0,0,0,1,0,0,1
741,0.9230769230769232,0,-0.0526315789473684,-0.1666666666666666,0.0,0.0,0.0,0.1346253421111029,-0.4630002879355024,0.0,-1.2307692307692308,1,0,0,0,1,0,0,1,0,1,0,0,0,0,1
742,-0.6538461538461539,2,-0.5789473684210527,0.5416666666666666,1.25,1.3333333333333333,1.0,1.6983927382625517,1.4508110183318936,3.0,0.1153846153846153,0,0,1,0,0,0,1,0,0,0,1,0,1,0,0
743,0.0,1,0.5263157894736842,1.8333333333333333,0.25,0.3333333333333333,0.0,0.4176133061405642,0.0556675304731741,0.0,-1.0,0,1,0,0,0,1,0,0,1,0,0,0,0,0,1
744,-0.9230769230769232,0,-0.3684210526315789,0.0416666666666666,0.75,1.0,0.0,1.2541079750192854,0.2917746424800845,0.0,-0.9230769230769232,0,0,1,0,0,0,0,0,1,0,0,0,0,0,1
745,-0.7692307692307693,2,1.5263157894736843,0.9583333333333334,3.75,4.333333333333333,2.0,3.993194762926253,2.8950954986083115,5.0,-0.4615384615384615,0,1,0,0,0,1,1,0,0,1,0,0,0,1,0
746,0.1153846153846153,2,0.8421052631578947,-0.2083333333333333,0.25,0.3333333333333333,0.0,0.2293069013980324,0.0030713120261062,1.0,-0.1923076923076923,0,0,0,0,0,1,0,0,0,0,1,0,0,0,1
747,0.6538461538461539,0,0.8421052631578947,-0.0416666666666666,3.5,3.6666666666666665,3.0,3.800703771411665,4.345522602936942,1.0,-0.5384615384615384,0,0,1,0,0,0,0,1,0,0,0,1,0,1,0
748,0.3846153846153846,0,-1.105263157894737,-0.375,-0.25,-0.3333333333333333,0.0,-0.5070112962708571,-0.3482100009597849,0.0,-0.3076923076923077,0,0,0,0,0,1,0,0,0,0,1,0,0,0,1
749,0.0769230769230769,2,-0.0526315789473684,-0.1666666666666666,-0.25,-0.3333333333333333,0.0,-0.4774233089936915,-0.5497648526730012,0.0,0.6153846153846154,0,0,0,1,0,1,1,0,0,0,0,1,1,0,0
750,-0.7692307692307693,0,1.0526315789473684,-0.1666666666666666,-0.25,-0.3333333333333333,0.0,-0.3358236555958281,-0.599289759093963,0.0,0.1923076923076923,0,1,0,0,0,1,1,0,0,0,0,1,0,0,1
751,-0.2307692307692307,1,0.7368421052631579,-0.5833333333333334,0.0,0.0,0.0,-0.0595986600868619,-0.2280449179383817,0.0,0.3076923076923077,0,1,0,0,0,1,0,0,0,0,0,0,1,0,0
752,0.3461538461538461,1,-0.631578947368421,-0.4583333333333333,-0.25,-0.3333333333333333,0.0,-0.2870034765885051,-0.2157596698339571,0.0,-0.1923076923076923,1,0,0,0,1,0,0,1,0,1,0,0,0,0,1
753,-0.2692307692307692,2,0.0526315789473684,0.0833333333333333,-0.25,-0.3333333333333333,0.0,-0.2189511058510245,-0.3800748632306363,0.0,0.7692307692307693,1,0,0,0,1,0,0,0,1,0,1,0,1,0,0
754,0.3846153846153846,0,-0.3684210526315789,1.4583333333333333,0.0,-0.3333333333333333,1.0,-0.1878414506567477,-0.1616277953738362,0.0,0.3461538461538461,1,0,0,0,1,0,0,0,0,1,0,0,1,0,0
755,-0.0384615384615384,1,-0.8947368421052632,-0.5833333333333334,0.0,0.0,0.0,0.0669956569061532,0.058354928496017,0.0,-0.8076923076923077,1,0,0,0,1,0,0,0,1,0,0,1,0,0,1
756,0.3076923076923077,2,-0.0526315789473684,1.0,3.0,3.6666666666666665,1.0,3.4001246922320973,3.4544582013628946,3.0,1.0769230769230769,0,1,0,0,0,1,1,0,0,0,0,1,0,1,0
757,-0.8076923076923077,1,-0.1578947368421052,1.2083333333333333,0.0,-0.3333333333333333,1.0,-0.3644817347014256,0.0322487762741145,1.0,0.0769230769230769,0,1,0,0,0,1,1,0,0,0,1,0,0,0,1
758,0.5384615384615384,0,-1.105263157894737,0.1666666666666666,0.0,0.0,0.0,-0.0437479526169517,-0.0691045205873883,2.0,0.4230769230769231,1,0,0,0,1,0,0,1,0,0,0,1,1,0,0
759,-0.6153846153846154,1,1.5263157894736843,-0.5833333333333334,0.0,-0.3333333333333333,1.0,-0.0135259370409899,0.0072943660620021,0.0,-1.4230769230769231,0,0,1,0,0,0,0,0,0,0,0,0,0,0,1
760,-0.6538461538461539,2,0.0526315789473684,0.5,0.25,0.0,1.0,0.0389293375460991,0.051444476437278,0.0,-1.1538461538461535,0,0,0,0,0,1,0,0,1,1,0,0,0,0,1
761,-0.9615384615384616,0,0.631578947368421,0.0833333333333333,0.75,1.0,0.0,1.0941215009563263,0.4292158556483347,0.0,1.0769230769230769,0,1,0,0,0,1,1,0,0,0,1,0,1,0,0
762,-0.0769230769230769,0,0.0526315789473684,-0.4166666666666667,-0.25,-0.3333333333333333,0.0,-0.2591062314414634,-0.2971494385257702,0.0,0.6538461538461539,1,0,0,0,1,0,1,0,0,0,0,0,1,0,0
763,-0.3076923076923077,0,1.105263157894737,-0.0833333333333333,1.0,1.0,1.0,1.3102406137393936,0.5017756022650927,0.0,-1.1153846153846154,0,0,1,0,0,0,0,1,0,0,0,0,0,0,1
764,-0.0384615384615384,1,-1.105263157894737,-0.1666666666666666,-0.25,-0.3333333333333333,0.0,-0.3320194858030497,-0.4618485459257125,0.0,-1.0769230769230769,0,0,0,0,0,1,0,0,0,0,0,0,0,0,1
765,0.8461538461538461,1,0.0,0.875,-0.25,-0.3333333333333333,0.0,-0.2331110711908109,-0.1742969574815241,0.0,-0.0384615384615384,0,1,0,0,0,1,0,1,0,0,1,0,0,0,1
766,0.1923076923076923,0,-0.0526315789473684,-0.1666666666666666,1.0,1.3333333333333333,0.0,1.31729946213266,0.8016124388137058,1.0,-0.8846153846153846,0,1,0,0,0,1,1,0,0,0,0,1,0,0,1
767,0.8461538461538461,2,0.1052631578947368,-0.2083333333333333,-0.25,-0.3333333333333333,0.0,-0.0705884839326662,-0.2076974757654285,1.0,0.1153846153846153,0,0,1,0,0,0,1,0,0,0,0,0,1,0,0
768,-0.5,0,-0.8421052631578947,1.4166666666666667,0.0,0.0,0.0,0.042057210486828,-0.2572223821863902,0.0,-0.8846153846153846,0,0,0,0,0,1,0,0,0,0,0,0,0,0,1
769,-0.1923076923076923,1,0.2631578947368421,-0.375,-0.25,-0.3333333333333333,0.0,-0.2508638635571101,-0.4587772338996064,0.0,-0.5384615384615384,1,0,0,0,1,0,1,0,0,0,1,0,0,0,1
770,-0.9615384615384616,1,1.0,-0.5,0.5,0.3333333333333333,1.0,0.288736487271882,0.5059986563009886,1.0,-0.0769230769230769,0,1,0,0,0,1,0,0,0,1,0,0,0,0,1
771,-0.5769230769230769,0,0.6842105263157895,-0.375,0.25,0.3333333333333333,0.0,0.2665032282607548,-0.2019387657164794,1.0,0.0,0,1,0,0,0,1,1,0,0,0,0,0,1,0,0
772,0.6153846153846154,1,0.631578947368421,-0.3333333333333333,0.0,0.0,0.0,0.2094406813690784,-0.2399462520395431,0.0,0.3846153846153846,0,0,0,0,0,1,0,0,0,0,0,0,1,0,0
773,0.3846153846153846,2,1.263157894736842,-0.125,0.25,0.3333333333333333,0.0,0.2054251688100346,-0.0514444764372779,0.0,-0.5384615384615384,0,0,0,0,0,1,0,1,0,0,0,1,0,0,1
774,-0.1153846153846153,2,-0.4210526315789473,0.4166666666666667,0.5,0.6666666666666666,0.0,0.3123646085403612,0.2430175640656493,2.0,0.0769230769230769,1,0,0,0,1,0,1,0,0,0,1,0,1,0,0
775,0.3846153846153846,0,0.0526315789473684,-0.5833333333333334,0.5,0.3333333333333333,1.0,0.0974712838016336,0.4295997696515981,1.0,0.8076923076923077,1,0,0,0,1,0,0,0,0,1,0,0,1,0,0
776,-0.1923076923076923,2,-0.5789473684210527,-0.375,0.25,0.3333333333333333,0.0,0.4831295636828592,0.4829638161051925,1.0,-0.0384615384615384,0,0,0,0,0,1,1,0,0,1,0,0,0,0,1
777,-0.6153846153846154,0,-0.7894736842105263,2.083333333333333,-0.25,-0.3333333333333333,0.0,-0.4233195608297318,-0.5205873884249927,0.0,0.6538461538461539,0,0,0,1,0,1,1,0,0,0,0,1,1,0,0
778,0.9230769230769232,2,1.5263157894736843,0.2083333333333333,0.5,0.3333333333333333,1.0,0.5546902243403464,0.7820328246472792,0.0,-0.7307692307692307,0,0,1,0,0,0,0,0,0,1,0,0,0,0,1
779,0.9230769230769232,2,-0.7368421052631579,-0.3333333333333333,-0.25,-0.3333333333333333,0.0,-0.2546680333498886,-0.2453210480852288,0.0,0.3846153846153846,0,0,0,0,0,1,1,0,0,0,1,0,1,0,0
780,-0.0384615384615384,1,-1.0,0.625,-0.5,-0.6666666666666666,0.0,-0.6057083681168304,-0.6488146655149246,0.0,-0.1538461538461538,0,0,0,1,0,1,0,0,0,1,0,0,0,0,0
781,0.6153846153846154,0,0.2631578947368421,0.2083333333333333,0.0,0.0,0.0,-0.0765060813880993,-0.0261061522219022,0.0,0.7307692307692307,1,0,0,0,1,0,0,0,1,0,0,0,1,0,0
782,-0.5384615384615384,1,-0.3157894736842105,1.7916666666666667,-0.5,-0.6666666666666666,0.0,-0.6057083681168304,-0.6488146655149246,0.0,0.7307692307692307,0,1,0,0,0,1,0,0,1,0,1,0,0,0,0
783,-0.8846153846153846,2,1.5263157894736843,-0.5833333333333334,-0.5,-0.6666666666666666,0.0,-0.6057083681168304,-0.6488146655149246,0.0,-0.8846153846153846,0,0,1,0,0,0,0,1,0,1,0,0,0,0,0
784,-0.4230769230769231,2,-0.6842105263157895,-0.4583333333333333,0.0,0.0,0.0,-0.0642482009447021,-0.1393607831845666,0.0,0.7307692307692307,0,0,0,0,0,1,0,0,1,0,0,0,1,0,0
785,-0.7692307692307693,0,0.9473684210526316,-0.5833333333333334,4.0,4.333333333333333,3.0,2.923758097069733,4.021499184182743,3.0,-0.6923076923076923,1,0,0,0,1,0,1,0,0,0,0,0,0,1,0
786,0.5384615384615384,0,0.7368421052631579,-0.5416666666666666,0.0,0.0,0.0,0.1284964018894044,-0.1520299452922545,0.0,0.3846153846153846,0,0,1,0,0,0,0,0,1,0,0,0,1,0,0
787,0.3076923076923077,1,1.5263157894736843,-0.1666666666666666,1.5,2.0,0.0,1.8150116766878368,1.147135041750648,1.0,0.7307692307692307,0,1,0,0,0,1,0,0,0,0,0,0,1,0,0
788,0.3076923076923077,2,0.4736842105263157,1.4583333333333333,0.75,1.0,0.0,1.0201515327634123,0.4660715999616086,0.0,-0.1923076923076923,0,1,0,0,0,1,0,0,0,0,1,0,0,0,1
789,0.9230769230769232,2,-0.8947368421052632,2.0416666666666665,-0.25,-0.3333333333333333,0.0,-0.1804867223907094,-0.5025434302716191,0.0,-0.2692307692307692,0,0,1,0,0,0,0,1,0,0,0,1,0,0,1
790,0.9615384615384616,1,-0.3684210526315789,0.2916666666666667,-0.25,-0.3333333333333333,0.0,-0.235435841619731,-0.1577886553412035,0.0,-0.1153846153846153,0,1,0,0,0,1,1,0,0,1,0,0,0,0,1
791,0.1153846153846153,0,-0.8421052631578947,-0.2916666666666667,-0.5,-0.6666666666666666,0.0,-0.6057083681168304,-0.6488146655149246,0.0,0.9230769230769232,0,0,0,1,0,1,1,0,0,0,0,1,0,0,0
792,0.8076923076923077,0,-0.7368421052631579,1.0,-0.25,-0.3333333333333333,0.0,-0.1971828009256813,-0.5536039927056339,0.0,0.0769230769230769,1,0,0,0,1,0,0,0,0,0,1,0,1,0,0
793,-0.0769230769230769,0,-0.2105263157894736,-0.1666666666666666,0.25,0.0,1.0,-0.0206693225407627,0.1673865054227854,0.0,-0.1538461538461538,0,0,0,0,0,1,0,1,0,1,0,0,0,0,1
794,-0.2692307692307692,2,-0.1052631578947368,-0.5833333333333334,-0.25,-0.3333333333333333,0.0,-0.1707649551424979,-0.2579902101929167,0.0,0.7692307692307693,0,0,1,0,0,0,0,0,0,0,0,0,1,0,0
795,-0.4230769230769231,1,0.9473684210526316,0.125,0.0,0.0,0.0,-0.0813669650122051,-0.1796717535272098,0.0,-0.8461538461538461,0,0,0,0,0,1,0,0,1,0,0,1,0,0,1
796,0.3846153846153846,2,-1.105263157894737,-0.2083333333333333,-0.5,-0.6666666666666666,0.0,-0.6057083681168304,-0.6488146655149246,0.0,-0.0384615384615384,0,0,0,1,0,1,0,0,1,0,1,0,0,0,0
797,-0.6153846153846154,1,0.631578947368421,-0.5416666666666666,0.25,0.0,1.0,-0.0120465376771316,0.1259237930703522,0.0,1.5384615384615383,0,0,0,0,0,1,1,0,0,0,0,1,1,0,0
798,-0.2307692307692307,1,0.9473684210526316,2.083333333333333,-0.25,-0.3333333333333333,0.0,-0.2333224139570763,-0.1658508494097321,0.0,-0.2307692307692307,0,0,0,0,0,1,0,0,0,1,0,0,0,0,1
799,0.9615384615384616,0,-1.105263157894737,-0.2916666666666667,-0.25,-0.3333333333333333,0.0,-0.143713081060518,-0.3455226029369421,0.0,-0.1153846153846153,0,0,0,0,0,1,0,1,0,0,1,0,0,0,1
800,-0.8846153846153846,2,-0.7368421052631579,0.2916666666666667,-0.25,-0.3333333333333333,0.0,-0.5110268088299008,-0.2817928783952394,0.0,0.5384615384615384,0,0,0,0,0,1,0,0,1,1,0,0,1,0,0
801,0.0769230769230769,0,0.7894736842105263,0.4583333333333333,-0.25,-0.3333333333333333,0.0,-0.2140902222269187,-0.5159804203858335,0.0,0.5384615384615384,0,0,0,0,0,1,0,0,0,0,0,0,1,0,0
802,-0.8461538461538461,0,0.8947368421052632,-0.4583333333333333,0.25,0.0,1.0,-0.2818889816448808,0.3689413571360017,1.0,1.807692307692308,1,0,0,0,1,0,1,0,0,0,0,0,1,0,0
803,0.7307692307692307,1,-0.4736842105263157,0.25,0.0,-0.3333333333333333,1.0,-0.2503989094713261,-0.1259237930703522,1.0,0.9615384615384616,0,0,0,1,0,1,0,0,1,0,1,0,1,0,0
804,0.4230769230769231,2,-0.4736842105263157,0.0833333333333333,-0.5,-0.6666666666666666,0.0,-0.6057083681168304,-0.6488146655149246,0.0,-0.8076923076923077,0,0,0,1,0,1,0,0,0,0,0,0,0,0,0
805,-0.6153846153846154,1,-0.7894736842105263,0.1666666666666666,0.75,0.6666666666666666,1.0,0.3876449018841209,0.6895095498608312,1.0,1.1923076923076923,1,0,0,0,1,0,0,0,1,0,0,1,1,0,0
806,0.3846153846153846,0,1.5263157894736843,0.0,0.25,0.0,1.0,0.3350205530840194,0.3796909492273731,1.0,-0.1923076923076923,0,0,1,0,0,0,0,0,1,0,0,1,0,0,1
807,0.9230769230769232,2,0.1052631578947368,0.2083333333333333,0.25,0.3333333333333333,0.0,0.4068348250610252,0.3501295709761014,0.0,-0.2692307692307692,1,0,0,0,1,0,0,0,0,0,1,0,0,0,1
808,0.2307692307692307,0,1.4736842105263157,0.2916666666666667,-0.25,-0.3333333333333333,0.0,-0.3447000517789778,-0.1658508494097321,1.0,1.8846153846153848,0,1,0,0,0,1,0,0,0,0,1,0,1,0,0
809,0.9230769230769232,0,0.4210526315789473,0.0833333333333333,0.5,0.6666666666666666,0.0,0.5942958587384952,0.1750647854880507,1.0,0.1153846153846153,0,0,0,0,0,1,0,0,1,0,0,1,1,0,0
810,0.0769230769230769,0,-0.7894736842105263,-0.1666666666666666,-0.5,-0.6666666666666666,0.0,-0.6057083681168304,-0.6488146655149246,0.0,-1.0384615384615383,1,0,0,0,1,0,0,0,0,0,0,1,0,0,0
811,0.6153846153846154,1,0.2105263157894736,1.875,1.25,1.6666666666666667,0.0,1.0987710418141667,1.358287743545446,0.0,0.1923076923076923,0,0,0,1,0,1,0,0,0,0,0,1,1,0,0
812,0.5384615384615384,1,0.0526315789473684,-0.5833333333333334,-0.25,-0.3333333333333333,0.0,-0.457768431731003,-0.2806411363854496,0.0,0.6153846153846154,1,0,0,0,1,0,0,0,1,1,0,0,1,0,0
813,-0.6153846153846154,2,0.0526315789473684,0.3333333333333333,-0.25,-0.3333333333333333,0.0,-0.2011983134847252,-0.5182839044054132,0.0,-0.7307692307692307,0,0,0,0,0,1,0,0,1,0,0,0,0,0,1
814,-0.6153846153846154,0,-1.0526315789473684,1.3333333333333333,0.0,0.0,0.0,-0.055160461995287,0.1808234955369997,0.0,1.4230769230769231,0,0,0,1,0,1,1,0,0,0,0,0,1,0,0
815,0.1923076923076923,1,-1.105263157894737,-0.125,0.5,0.6666666666666666,0.0,0.5237073748058289,0.4783568480660332,0.0,0.3461538461538461,1,0,0,0,1,0,0,0,0,0,0,1,1,0,0
816,0.3076923076923077,0,-0.2631578947368421,-0.0416666666666666,-0.25,-0.3333333333333333,0.0,-0.4945420730611943,-0.57663883290143,0.0,-0.6923076923076923,0,0,0,1,0,1,0,0,0,1,0,0,0,0,1
817,0.6538461538461539,2,-0.3684210526315789,-0.25,-0.5,-0.6666666666666666,0.0,-0.6057083681168304,-0.6488146655149246,0.0,-0.6153846153846154,0,0,0,1,0,1,1,0,0,0,0,0,0,0,0
818,-0.5,2,0.3684210526315789,-0.5833333333333334,1.25,1.6666666666666667,0.0,0.9960584574091494,1.3007006430559556,1.0,-0.9230769230769232,0,0,0,0,0,1,0,0,1,0,0,1,0,0,1
819,-0.8076923076923077,0,0.0526315789473684,0.125,0.25,0.0,1.0,0.2262212970105565,0.1059602649006623,0.0,-0.8076923076923077,0,0,1,0,0,0,1,0,0,0,0,1,0,0,1
820,0.6153846153846154,0,-0.5263157894736842,1.5416666666666667,-0.25,-0.6666666666666666,1.0,-0.5521541111451609,-0.3217199347346194,1.0,-0.8461538461538461,0,0,0,0,0,1,0,1,0,0,1,0,0,0,1
821,0.5,2,-0.1578947368421052,-0.5,1.25,1.6666666666666667,0.0,0.8927118447053357,1.7130242825607067,0.0,0.9615384615384616,1,0,0,0,1,0,0,0,0,0,0,0,1,0,0
822,0.3846153846153846,2,0.1052631578947368,-0.5833333333333334,0.0,0.0,0.0,-0.2493844641932519,-0.1063441789039254,0.0,-0.3846153846153846,1,0,0,0,1,0,0,0,1,0,0,0,0,0,1
823,-0.1538461538461538,0,1.0,0.75,-0.25,-0.3333333333333333,0.0,-0.2984159859668404,-0.57663883290143,0.0,0.6538461538461539,0,0,0,0,0,1,0,0,0,1,0,0,1,0,0
824,-0.1153846153846153,2,0.3157894736842105,1.875,-0.25,-0.6666666666666666,1.0,-0.5281455728974038,-0.2791054803723965,0.0,0.3846153846153846,0,0,0,0,0,1,0,0,0,0,0,1,1,0,0
825,-0.0384615384615384,1,-1.105263157894737,2.083333333333333,-0.5,-0.6666666666666666,0.0,-0.6057083681168304,-0.6488146655149246,0.0,-0.5769230769230769,0,0,0,0,0,1,0,0,0,0,0,1,0,0,0
826,0.6538461538461539,1,-0.5789473684210527,0.2916666666666667,0.25,0.0,1.0,-0.1578307778470512,-0.0564353584797005,0.0,0.4615384615384615,1,0,0,0,1,0,0,1,0,0,0,0,1,0,0
827,0.4230769230769231,1,0.0,1.5,-0.25,-0.3333333333333333,0.0,-0.2263481026703159,-0.3985027353872732,0.0,0.6538461538461539,0,1,0,0,0,1,1,0,0,1,0,0,1,0,0
828,-0.6538461538461539,1,-0.7894736842105263,0.9583333333333334,-0.5,-0.6666666666666666,0.0,-0.6057083681168304,-0.6488146655149246,0.0,-0.6923076923076923,0,0,0,1,0,1,0,0,0,0,1,0,0,0,0
829,-0.6538461538461539,0,-0.4736842105263157,0.0833333333333333,0.25,0.0,1.0,-0.1587184174653662,-0.222670121892696,1.0,0.0384615384615384,0,0,0,1,0,1,0,0,0,0,1,0,0,0,1
830,0.3461538461538461,2,-0.2105263157894736,2.083333333333333,1.25,1.6666666666666667,0.0,1.5641478131307265,0.8680295613782513,0.0,0.9230769230769232,0,0,0,1,0,1,0,0,0,0,0,0,1,0,0
831,0.8846153846153846,0,1.5263157894736843,0.25,-0.5,-0.6666666666666666,0.0,-0.6057083681168304,-0.6488146655149246,0.0,0.3461538461538461,0,0,1,0,0,0,0,1,0,1,0,0,0,0,0
832,-0.6153846153846154,1,0.1052631578947368,0.0416666666666666,1.0,1.0,1.0,0.8673929813067325,0.940205393991746,0.0,-0.9230769230769232,0,0,0,0,0,1,0,0,0,0,0,0,0,0,1
833,0.5384615384615384,0,-0.7894736842105263,-0.125,0.0,0.0,0.0,0.1310325150845899,-0.1178615990018236,0.0,-0.9230769230769232,0,0,0,1,0,1,0,0,0,0,1,0,0,0,1
834,-0.1153846153846153,1,0.3157894736842105,-0.1666666666666666,-0.25,-0.3333333333333333,0.0,-0.179852694091913,-0.4004223054035896,0.0,0.9230769230769232,0,0,1,0,0,0,0,0,0,1,0,0,1,0,0
835,-0.5384615384615384,0,-0.7894736842105263,1.0416666666666667,-0.25,-0.3333333333333333,0.0,-0.4596705166273922,-0.3489778289663115,0.0,-1.0,0,0,0,0,0,1,0,1,0,1,0,0,0,0,1
836,-0.4230769230769231,1,1.5263157894736843,0.0833333333333333,0.0,0.0,0.0,0.1377954836050849,-0.0522123044438045,0.0,1.0384615384615383,0,1,0,0,0,1,0,0,1,1,0,0,1,0,0
837,0.8461538461538461,2,1.5263157894736843,-0.5833333333333334,1.0,1.0,1.0,1.2767639195629434,0.972838084269124,3.0,-0.1153846153846153,0,1,0,0,0,1,0,0,0,0,1,0,0,0,1
838,0.5384615384615384,0,-0.4210526315789473,1.0416666666666667,-0.25,-0.3333333333333333,0.0,-0.5019390698804858,-0.2606776082157596,0.0,-0.7692307692307693,1,0,0,0,1,0,0,1,0,0,0,1,0,0,1
839,0.9230769230769232,1,-0.1052631578947368,-0.5416666666666666,0.5,0.6666666666666666,0.0,0.3977470861116101,0.1835108935598426,0.0,-0.3461538461538461,1,0,0,0,1,0,1,0,0,1,0,0,0,0,1
840,0.5,2,-0.8421052631578947,0.4166666666666667,0.75,0.6666666666666666,1.0,0.3668487736835988,0.2480084461080718,0.0,-0.8461538461538461,0,0,0,1,0,1,0,0,1,0,0,0,0,0,1
841,-0.3846153846153846,2,-0.4210526315789473,0.0833333333333333,-0.5,-0.6666666666666666,0.0,-0.6057083681168304,-0.6488146655149246,0.0,0.5769230769230769,0,0,1,0,0,0,0,0,1,1,0,0,0,0,0
842,-0.5,0,1.5263157894736843,-0.0416666666666666,0.5,0.3333333333333333,1.0,0.6145002271934737,0.2545349841635475,1.0,0.1923076923076923,0,0,1,0,0,0,0,1,0,1,0,0,1,0,0
843,-0.5769230769230769,0,0.631578947368421,-0.4583333333333333,0.0,-0.3333333333333333,1.0,-0.4197267338032188,0.1566369133314138,1.0,0.3076923076923077,1,0,0,0,1,0,0,0,1,0,0,1,1,0,0
844,-0.7692307692307693,2,0.7368421052631579,-0.2083333333333333,0.0,-0.3333333333333333,1.0,-0.2273625479483901,-0.0706401766004414,0.0,0.1153846153846153,1,0,0,0,1,0,0,0,0,0,0,0,0,0,1
845,-0.1923076923076923,0,0.2105263157894736,0.8333333333333334,-0.25,-0.3333333333333333,0.0,-0.4894698466708231,-0.4096362414819079,0.0,-0.0769230769230769,1,0,0,0,1,0,0,0,0,0,0,0,0,0,1
846,0.1538461538461538,1,0.8947368421052632,-0.3333333333333333,0.75,0.6666666666666666,1.0,0.4605581562457072,0.5639696707937423,1.0,0.6923076923076923,0,1,0,0,0,1,1,0,0,0,0,1,1,0,0
847,-0.7692307692307693,1,0.6842105263157895,-0.375,0.0,0.0,0.0,0.0790421945832848,0.169689989442365,0.0,-0.2307692307692307,0,0,1,0,0,0,1,0,0,1,0,0,0,0,1
848,0.8076923076923077,2,-0.4736842105263157,2.083333333333333,0.25,0.3333333333333333,0.0,-0.0092990817156806,0.3343890968423074,0.0,0.0769230769230769,1,0,0,0,1,0,0,1,0,0,1,0,0,0,1
849,-0.1538461538461538,2,-0.7368421052631579,0.5416666666666666,-0.5,-0.6666666666666666,0.0,-0.6057083681168304,-0.6488146655149246,0.0,0.4230769230769231,0,1,0,0,0,1,0,0,0,0,1,0,0,0,0
850,0.0384615384615384,0,1.105263157894737,-0.5833333333333334,0.5,0.6666666666666666,0.0,0.4683355700442764,0.583549284960169,1.0,-0.6923076923076923,0,0,1,0,0,0,0,1,0,0,0,1,0,0,1
851,-0.6923076923076923,1,0.631578947368421,0.0833333333333333,-0.25,-0.3333333333333333,0.0,-0.212399480096795,-0.1980996256838467,1.0,-0.5,0,1,0,0,0,1,0,0,1,0,1,0,0,0,1
852,0.2307692307692307,0,-0.7894736842105263,-0.5,-0.25,-0.3333333333333333,0.0,-0.3835871207718238,-0.2579902101929167,0.0,0.2307692307692307,1,0,0,0,1,0,0,1,0,0,0,0,1,0,0
853,0.6538461538461539,0,0.4210526315789473,2.083333333333333,0.25,0.3333333333333333,0.0,0.183445521118426,-0.0717919186102312,2.0,0.2692307692307692,0,0,0,1,0,1,0,1,0,1,0,0,1,0,0
854,0.5,1,-0.5263157894736842,-0.25,1.5,1.3333333333333333,2.0,1.11343822979299,1.3007006430559556,2.0,-0.0384615384615384,0,0,0,1,0,1,1,0,0,0,1,0,0,0,1
855,-0.6153846153846154,1,1.5263157894736843,-0.0416666666666666,1.0,1.0,1.0,0.7760929062800507,0.9210096938285824,1.0,0.7307692307692307,0,1,0,0,0,1,0,0,1,0,0,1,1,0,0
856,0.5,0,-0.1052631578947368,-0.25,-0.25,-0.6666666666666666,1.0,-0.5204104276520876,-0.1712256454554179,0.0,0.8846153846153846,0,0,0,1,0,1,0,0,1,0,0,1,1,0,0
857,-0.5384615384615384,1,-0.6842105263157895,0.4583333333333333,0.25,0.0,1.0,0.2194583284900615,0.1631634513868893,1.0,0.0769230769230769,1,0,0,0,1,0,0,0,0,0,0,1,0,0,1
858,-0.0769230769230769,1,-0.1052631578947368,-0.5,4.25,5.666666666666667,0.0,4.519776399353292,4.710240906037048,5.0,1.1538461538461535,0,0,0,1,0,1,1,0,0,0,0,0,0,1,0
859,-0.8076923076923077,0,0.6842105263157895,0.0,2.75,2.333333333333333,4.0,1.9353502477993936,2.901622036663788,2.0,-1.0,1,0,0,0,1,0,1,0,0,0,0,0,0,1,0
860,0.7307692307692307,0,-0.8947368421052632,-0.5833333333333334,0.25,0.3333333333333333,0.0,0.4085255671911491,-0.1670025914195219,1.0,-1.1538461538461535,0,0,1,0,0,0,0,1,0,0,0,1,0,0,1
861,0.5384615384615384,1,0.2631578947368421,-0.0416666666666666,-0.5,-0.6666666666666666,0.0,-0.6057083681168304,-0.6488146655149246,0.0,0.0384615384615384,0,1,0,0,0,1,0,0,1,0,0,0,0,0,0
862,0.9615384615384616,2,-1.105263157894737,1.4166666666666667,-0.5,-0.6666666666666666,0.0,-0.6057083681168304,-0.6488146655149246,0.0,-0.9230769230769232,0,0,0,1,0,1,0,1,0,0,0,1,0,0,0
863,0.4230769230769231,2,0.1578947368421052,0.125,0.5,0.6666666666666666,0.0,0.3571692749886404,0.6626355696324026,1.0,0.5769230769230769,0,0,0,1,0,1,0,0,0,0,0,1,1,0,0
864,0.2307692307692307,1,-0.3684210526315789,1.5833333333333333,-0.5,-0.6666666666666666,0.0,-0.6057083681168304,-0.6488146655149246,0.0,-0.8846153846153846,1,0,0,0,1,0,1,0,0,0,1,0,0,0,0
865,-0.9230769230769232,0,1.5263157894736843,-0.4583333333333333,0.0,0.0,0.0,0.464531400251498,0.029945292254535,0.0,-0.6153846153846154,0,0,1,0,0,0,0,0,0,0,0,0,0,0,1
866,-0.1538461538461538,0,1.5263157894736843,0.25,0.75,1.0,0.0,1.4525588325425596,0.7601497264612729,0.0,0.3846153846153846,0,0,1,0,0,0,0,0,1,0,1,0,1,0,0
867,-0.3461538461538461,1,0.8947368421052632,0.0416666666666666,2.25,2.333333333333333,2.0,2.132068094639292,2.017852001151742,0.0,0.1153846153846153,0,0,0,0,0,1,1,0,0,0,0,1,0,1,0
868,0.6923076923076923,0,1.5263157894736843,0.3333333333333333,2.5,3.0,1.0,3.463738864878003,2.601017372108648,1.0,1.1538461538461535,0,0,1,0,0,0,0,1,0,0,0,1,0,1,0
869,-0.1538461538461538,0,0.0,-0.5833333333333334,0.5,0.6666666666666666,0.0,0.941743366478924,0.2614454362222863,1.0,-0.7692307692307693,0,1,0,0,0,1,0,1,0,1,0,0,0,0,1
870,0.1923076923076923,1,1.5263157894736843,0.4166666666666667,0.5,0.6666666666666666,0.0,0.6471315503048621,0.2675880602744986,1.0,-0.7307692307692307,0,1,0,0,0,1,1,0,0,1,0,0,0,0,1
871,0.3076923076923077,0,-0.5789473684210527,-0.3333333333333333,0.5,0.6666666666666666,0.0,1.2648864560988242,1.1248680295613784,1.0,-0.7692307692307693,0,0,1,0,0,0,0,0,1,0,0,1,0,0,1
872,0.9615384615384616,0,0.2631578947368421,-0.4166666666666667,0.0,0.0,0.0,-0.2244460177739267,-0.3800748632306363,1.0,0.5384615384615384,0,0,0,0,0,1,0,0,0,0,0,0,1,0,0
873,-0.0384615384615384,2,-0.1052631578947368,0.375,0.25,0.3333333333333333,0.0,0.100810499508628,-0.0479892504079085,0.0,0.8076923076923077,0,0,0,0,0,1,0,1,0,0,1,0,1,0,0
874,0.9615384615384616,0,0.0526315789473684,-0.4166666666666667,-0.25,-0.3333333333333333,0.0,-0.0705884839326662,-0.1758326134945771,0.0,0.7692307692307693,0,0,1,0,0,0,0,0,1,0,0,1,1,0,0
875,0.2307692307692307,1,1.5263157894736843,-0.3333333333333333,-0.25,-0.3333333333333333,0.0,-0.0809442794796741,-0.3482100009597849,0.0,-0.4230769230769231,0,0,1,0,0,0,0,1,0,0,0,1,0,0,1
876,-0.2307692307692307,1,-0.9473684210526316,0.5416666666666666,-0.25,-0.3333333333333333,0.0,-0.4960214724250526,-0.2687398022842882,0.0,1.0384615384615383,0,0,0,1,0,1,1,0,0,0,0,0,1,0,0
877,0.1153846153846153,2,0.4736842105263157,-0.2916666666666667,5.0,5.666666666666667,3.0,7.070683588177487,4.843075151166139,2.0,0.5769230769230769,0,0,1,0,0,0,0,1,0,0,0,0,0,1,0
878,0.1923076923076923,2,-0.5263157894736842,-0.375,1.75,2.0,1.0,1.2302685109845406,1.9994241289951051,1.0,-0.1923076923076923,0,0,0,0,0,1,1,0,0,0,0,1,0,0,1
879,0.6923076923076923,1,-0.0526315789473684,-0.2083333333333333,0.75,0.6666666666666666,1.0,1.0427229402005644,0.2794893943756599,1.0,0.2692307692307692,0,0,0,1,0,1,0,0,1,0,1,0,1,0,0
880,-0.6923076923076923,1,-0.631578947368421,-0.2083333333333333,-0.25,-0.3333333333333333,0.0,-0.3578033032874368,-0.4626163739322391,0.0,0.8076923076923077,0,0,0,1,0,1,0,0,1,0,0,1,1,0,0
881,-0.8846153846153846,1,0.0526315789473684,-0.5416666666666666,1.75,2.0,1.0,1.5836336161804023,1.2653805547557349,1.0,-0.7307692307692307,1,0,0,0,1,0,0,0,1,0,0,1,0,0,1
882,-0.1923076923076923,1,0.4736842105263157,1.1666666666666667,0.75,1.0,0.0,0.9406866526475968,0.7367309722622135,1.0,-0.1538461538461538,0,1,0,0,0,1,1,0,0,0,1,0,0,0,1
883,0.9230769230769232,0,0.1578947368421052,0.4166666666666667,2.5,2.333333333333333,3.0,1.4888252512337137,2.869757174392936,0.0,-0.7692307692307693,0,0,0,0,0,1,1,0,0,0,0,0,0,1,0
884,-0.6923076923076923,1,0.0526315789473684,0.0,-0.25,-0.6666666666666666,1.0,-0.5325415024357255,-0.2495441021211248,0.0,0.0384615384615384,0,0,0,0,0,1,0,0,0,0,0,0,0,0,1
885,-0.3076923076923077,1,-1.105263157894737,1.1666666666666667,-0.5,-0.6666666666666666,0.0,-0.6057083681168304,-0.6488146655149246,0.0,-0.5384615384615384,0,0,0,0,0,1,0,0,0,0,0,1,0,0,0
886,0.5384615384615384,0,0.8421052631578947,0.875,2.25,2.333333333333333,2.0,1.2615895089450828,2.120740954026298,3.0,-1.0384615384615383,0,0,0,0,0,1,0,0,1,1,0,0,0,1,0
887,0.6923076923076923,1,-0.9473684210526316,-0.5,-0.5,-0.6666666666666666,0.0,-0.6057083681168304,-0.6488146655149246,0.0,0.3461538461538461,1,0,0,0,1,0,0,1,0,0,0,0,0,0,0
888,0.0,1,-0.8947368421052632,-0.4583333333333333,0.75,1.0,0.0,0.5492798495239506,1.006238602553028,1.0,-0.6153846153846154,1,0,0,0,1,0,1,0,0,1,0,0,0,0,1
889,0.7692307692307693,2,0.8947368421052632,1.0833333333333333,0.5,0.3333333333333333,1.0,0.1741887079559985,1.0596026490066226,0.0,-0.1538461538461538,0,1,0,0,0,1,0,1,0,0,0,0,0,0,1
890,-0.7307692307692307,0,-0.0526315789473684,0.5416666666666666,0.0,0.0,0.0,-0.2348018133209345,-0.0794701986754967,1.0,-0.4615384615384615,1,0,0,0,1,0,0,1,0,0,0,1,0,0,1
891,-0.6153846153846154,2,1.2105263157894737,0.9583333333333334,0.0,0.0,0.0,0.0695317701013388,0.1186294270083501,1.0,0.6153846153846154,0,1,0,0,0,1,1,0,0,0,0,1,1,0,0
892,0.9615384615384616,0,0.8421052631578947,1.2916666666666667,8.0,9.0,5.0,7.509388902391344,8.052212304443804,4.0,0.8846153846153846,0,0,0,0,0,1,0,1,0,1,0,0,0,1,0
893,-0.6923076923076923,0,0.4736842105263157,1.3333333333333333,0.75,1.0,0.0,0.7587205308930292,0.6488146655149246,0.0,0.6538461538461539,1,0,0,0,1,0,0,1,0,1,0,0,1,0,0
894,0.5,2,0.7368421052631579,-0.375,0.25,0.3333333333333333,0.0,0.2301522724630942,-0.1401286111910931,1.0,-0.6153846153846154,0,0,0,0,0,1,0,0,1,0,1,0,0,0,1
895,-0.1923076923076923,2,1.5263157894736843,-0.2083333333333333,0.5,0.6666666666666666,0.0,1.1915505162047066,0.085612822727709,1.0,-0.0769230769230769,0,0,1,0,0,0,1,0,0,0,0,0,0,0,1
896,0.0384615384615384,1,-0.2105263157894736,-0.25,1.75,1.6666666666666667,2.0,1.4143057918485098,2.1384009981764085,1.0,0.3846153846153846,0,0,0,1,0,1,0,0,0,0,1,0,0,1,0
897,-0.1538461538461538,1,0.7368421052631579,1.2916666666666667,0.25,0.3333333333333333,0.0,0.7578751598279672,-0.0525962184470678,0.0,-0.1538461538461538,0,0,1,0,0,0,0,1,0,1,0,0,0,0,1
898,-0.5384615384615384,2,0.1578947368421052,0.1666666666666666,-0.25,-0.3333333333333333,0.0,-0.3250451745162893,-0.3800748632306363,0.0,-0.6923076923076923,0,1,0,0,0,1,0,1,0,0,0,0,0,0,1
899,0.1538461538461538,0,-0.5263157894736842,-0.4583333333333333,0.0,0.0,0.0,-0.1128570371857597,-0.1412803532008829,1.0,-0.6538461538461539,0,0,0,1,0,1,0,1,0,0,0,0,0,0,1
900,-0.8076923076923077,2,-0.8947368421052632,0.625,-0.25,-0.3333333333333333,0.0,-0.2998953853306986,-0.3950475093579038,0.0,-0.3461538461538461,1,0,0,0,1,0,0,1,0,0,0,0,0,0,1
901,-0.7692307692307693,1,-1.105263157894737,2.083333333333333,-0.25,-0.6666666666666666,1.0,-0.554943835659865,-0.3443708609271523,0.0,-0.6153846153846154,0,0,1,0,0,0,0,0,1,0,1,0,0,0,1
902,0.1153846153846153,2,-0.0526315789473684,-0.1666666666666666,-0.25,-0.6666666666666666,1.0,-0.554943835659865,-0.3950475093579038,0.0,-1.0,0,1,0,0,0,1,0,1,0,0,0,1,0,0,1
903,0.6923076923076923,0,0.1578947368421052,1.0416666666666667,0.0,0.0,0.0,-0.1688628702461086,-0.2967655245225069,1.0,0.0384615384615384,0,1,0,0,0,1,1,0,0,0,0,1,0,0,1
904,-0.7692307692307693,2,0.2631578947368421,-0.5416666666666666,0.75,0.6666666666666666,1.0,0.9116058880094686,0.2741145983299741,0.0,1.1923076923076923,0,0,0,0,0,1,0,1,0,0,0,0,1,0,0
905,-0.0769230769230769,2,0.8421052631578947,0.25,-0.25,-0.3333333333333333,0.0,-0.2244460177739267,-0.469526825990978,0.0,-0.6538461538461539,0,0,1,0,0,0,0,0,1,0,0,0,0,0,1
906,-0.9230769230769232,1,0.8421052631578947,-0.125,0.25,0.3333333333333333,0.0,0.2762249955089662,-0.0560514444764372,2.0,0.2307692307692307,0,0,0,0,0,1,0,1,0,1,0,0,1,0,0
907,0.0,0,-0.4736842105263157,1.2083333333333333,-0.5,-0.6666666666666666,0.0,-0.6057083681168304,-0.6488146655149246,0.0,0.3461538461538461,1,0,0,0,1,0,0,0,0,1,0,0,0,0,0
908,-0.5,2,0.4736842105263157,2.083333333333333,6.0,7.333333333333333,2.0,7.08002493844642,5.5410308090987614,3.0,1.1538461538461535,0,1,0,0,0,1,1,0,0,1,0,0,0,1,0
909,0.6538461538461539,1,0.0,2.083333333333333,1.0,1.3333333333333333,0.0,0.6065537391818923,1.3360207313561765,0.0,-0.5384615384615384,0,0,0,0,0,1,0,0,1,0,1,0,0,0,1
910,-0.6153846153846154,2,-0.1578947368421052,-0.1666666666666666,-0.5,-0.6666666666666666,0.0,-0.6057083681168304,-0.6488146655149246,0.0,0.0384615384615384,0,0,1,0,0,0,0,1,0,1,0,0,0,0,0
911,0.6153846153846154,0,1.263157894736842,0.9583333333333334,0.0,0.0,0.0,-0.0124692232096625,0.0061426240522124,0.0,-0.1923076923076923,0,1,0,0,0,1,0,1,0,1,0,0,0,0,1
912,0.0769230769230769,2,-0.8421052631578947,-0.4583333333333333,-0.5,-0.6666666666666666,0.0,-0.6057083681168304,-0.6488146655149246,0.0,0.0384615384615384,0,0,0,1,0,1,0,1,0,1,0,0,0,0,0
913,0.0769230769230769,2,-0.2631578947368421,-0.2083333333333333,2.25,2.6666666666666665,1.0,2.8831802859467635,1.6842307323159615,1.0,-0.1923076923076923,0,1,0,0,0,1,0,1,0,0,0,0,0,1,0
914,-0.3076923076923077,0,-1.105263157894737,2.083333333333333,-0.5,-0.6666666666666666,0.0,-0.6057083681168304,-0.6488146655149246,0.0,-0.6538461538461539,0,0,0,1,0,1,0,0,1,0,0,1,0,0,0
915,0.7692307692307693,0,-0.2105263157894736,-0.2916666666666667,0.0,0.0,0.0,-0.1745691249352763,0.0614262405221231,0.0,1.0769230769230769,1,0,0,0,1,0,0,1,0,0,0,0,1,0,0
916,0.8846153846153846,0,-0.2631578947368421,-0.5833333333333334,-0.25,-0.6666666666666666,1.0,-0.554943835659865,-0.2080813897686917,0.0,-0.0769230769230769,0,0,0,1,0,1,0,0,1,1,0,0,0,0,1
917,0.5769230769230769,2,-0.7368421052631579,0.0833333333333333,-0.25,-0.3333333333333333,0.0,-0.2322657001257489,-0.5919953930319608,0.0,0.0,1,0,0,0,1,0,1,0,0,0,0,0,0,0,1
918,0.9230769230769232,1,-0.1578947368421052,1.125,1.25,1.0,2.0,0.8585588536768362,0.8799308954794127,1.0,1.8846153846153848,0,0,0,1,0,1,0,1,0,1,0,0,1,0,0
919,0.0384615384615384,0,-0.2631578947368421,1.875,0.25,-0.3333333333333333,2.0,-0.1940126594316993,-0.0318648622708512,0.0,-0.5769230769230769,0,0,0,0,0,1,1,0,0,0,0,1,0,0,1
920,0.8461538461538461,0,-0.5263157894736842,-0.3333333333333333,0.25,0.3333333333333333,0.0,0.4704489977069311,0.2944620405029274,0.0,0.3846153846153846,0,0,0,1,0,1,0,0,1,0,0,1,1,0,0
921,0.4230769230769231,1,0.4210526315789473,-0.5,-0.25,-0.3333333333333333,0.0,-0.0705884839326662,-0.5148286783760437,0.0,-1.1153846153846154,0,1,0,0,0,1,0,0,1,0,0,1,0,0,1
922,-0.6538461538461539,2,0.7368421052631579,0.5833333333333334,1.5,1.3333333333333333,2.0,1.6241268901968662,0.9298397159036376,2.0,0.5,0,0,1,0,0,0,1,0,0,0,0,0,0,1,0
923,-0.3076923076923077,0,-1.105263157894737,-0.5416666666666666,-0.25,-0.3333333333333333,0.0,-0.3051789544873353,-0.2445532200787023,0.0,-1.0384615384615383,0,0,0,1,0,1,0,0,1,0,0,1,0,0,1
924,0.4615384615384615,2,0.0,-0.2083333333333333,-0.5,-0.6666666666666666,0.0,-0.6057083681168304,-0.6488146655149246,0.0,0.9230769230769232,0,1,0,0,0,1,0,1,0,0,1,0,0,0,0
925,0.9615384615384616,2,-0.0526315789473684,-0.5416666666666666,4.25,4.0,5.0,2.8056597592805894,4.427296285632019,3.0,-0.1923076923076923,0,0,0,0,0,1,0,1,0,0,1,0,0,1,0
926,-0.1538461538461538,1,0.1052631578947368,-0.4583333333333333,-0.25,-0.3333333333333333,0.0,-0.3495609354030835,-0.2472406181015451,0.0,1.1923076923076923,0,0,1,0,0,0,0,0,0,0,1,0,1,0,0
927,-0.3846153846153846,2,0.5263157894736842,1.375,-0.25,-0.3333333333333333,0.0,-0.1593524457641626,-0.4545541798637105,0.0,-0.8076923076923077,1,0,0,0,1,0,0,0,0,1,0,0,0,0,1
928,-0.8461538461538461,2,-0.1052631578947368,0.2916666666666667,0.25,0.3333333333333333,0.0,0.3814736931091692,0.3032920625779826,0.0,0.2692307692307692,0,0,0,0,0,1,0,0,1,0,0,1,1,0,0
929,0.0,0,-0.5263157894736842,0.9166666666666666,0.0,0.0,0.0,-0.1817547789883022,0.2526154141472311,0.0,-1.1153846153846154,1,0,0,0,1,0,0,1,0,0,0,1,0,0,1
930,0.1923076923076923,0,-0.5789473684210527,0.2916666666666667,-0.25,-0.3333333333333333,0.0,-0.3662570139380555,-0.5939149630482772,0.0,1.0384615384615383,1,0,0,0,1,0,0,1,0,0,1,0,1,0,0
931,-0.0384615384615384,2,-0.631578947368421,0.9583333333333334,0.75,0.6666666666666666,1.0,0.4825800724905689,0.6883578078510414,2.0,0.8461538461538461,1,0,0,0,1,0,0,0,1,0,0,1,1,0,0
932,0.0769230769230769,2,-0.3157894736842105,1.3333333333333333,-0.5,-0.6666666666666666,0.0,-0.6057083681168304,-0.6488146655149246,0.0,-0.1923076923076923,0,0,0,0,0,1,1,0,0,0,0,1,0,0,0
933,-0.3461538461538461,2,1.1578947368421053,0.4166666666666667,-0.25,-0.3333333333333333,0.0,-0.4129637652827238,-0.53671177656205,0.0,-0.9615384615384616,0,0,1,0,0,0,0,1,0,1,0,0,0,0,1
934,0.9230769230769232,1,-1.105263157894737,-0.5833333333333334,-0.25,-0.3333333333333333,0.0,-0.4026079697357159,-0.2729628563201842,0.0,0.5,0,0,0,1,0,1,0,0,0,0,0,1,1,0,0
935,0.6923076923076923,1,1.2105263157894737,1.5833333333333333,4.25,4.666666666666667,3.0,5.701774222522799,4.681831269795565,1.0,0.7692307692307693,0,0,1,0,0,0,0,0,1,0,0,0,0,1,0
936,-0.7307692307692307,2,-0.631578947368421,-0.5,-0.25,-0.3333333333333333,0.0,-0.3975357433453447,-0.2053939917458488,0.0,1.9230769230769231,0,0,0,1,0,1,1,0,0,1,0,0,1,0,0
937,-0.3461538461538461,1,-0.4736842105263157,0.0833333333333333,-0.25,-0.3333333333333333,0.0,-0.3182822059957944,-0.2921585564833477,0.0,0.0,0,0,0,0,0,1,0,0,1,0,0,0,0,0,1
938,0.6538461538461539,1,-1.105263157894737,1.625,-0.25,-0.3333333333333333,0.0,-0.3761901239525325,-0.475285536039927,0.0,-0.8846153846153846,0,0,0,1,0,1,0,0,1,0,0,0,0,0,1
939,-0.0384615384615384,2,0.4210526315789473,-0.25,1.75,2.333333333333333,0.0,2.3866938594359266,2.5422785296093675,2.0,-0.2692307692307692,0,1,0,0,0,1,0,0,1,0,1,0,0,1,0
940,0.1538461538461538,2,0.631578947368421,-0.375,0.25,0.3333333333333333,0.0,0.3656229856392591,0.2172953258470102,0.0,-0.7307692307692307,0,0,0,0,0,1,0,1,0,0,0,0,0,0,1
941,-0.3461538461538461,1,0.2105263157894736,1.6666666666666667,-0.5,-0.6666666666666666,0.0,-0.6057083681168304,-0.6488146655149246,0.0,-0.4230769230769231,0,0,0,0,0,1,1,0,0,0,0,0,0,0,0
942,-0.1538461538461538,1,-0.2105263157894736,-0.25,-0.25,-0.3333333333333333,0.0,-0.303699555123477,-0.6077358671657548,0.0,0.7692307692307693,1,0,0,0,1,0,1,0,0,0,0,1,1,0,0
943,0.2307692307692307,1,1.1578947368421053,0.875,0.25,0.0,1.0,0.1213952849428847,0.2652845762549189,1.0,1.2307692307692308,0,0,1,0,0,0,0,0,0,1,0,0,1,0,0
944,0.3461538461538461,0,0.0,1.9583333333333333,-0.5,-0.6666666666666666,0.0,-0.6057083681168304,-0.6488146655149246,0.0,1.2692307692307692,0,1,0,0,0,1,0,0,1,0,1,0,0,0,0
945,-0.7307692307692307,1,0.6842105263157895,1.0833333333333333,-0.25,-0.3333333333333333,0.0,-0.4036646835670433,-0.4134753815145407,0.0,0.1538461538461538,0,0,0,0,0,1,0,0,1,0,0,0,0,0,1
946,0.2307692307692307,1,1.5263157894736843,0.625,0.0,-0.6666666666666666,2.0,-0.5041793032028997,0.2779537383626068,1.0,-0.3846153846153846,0,0,1,0,0,0,0,0,1,0,0,0,0,0,1
947,0.7307692307692307,0,-0.4210526315789473,0.625,0.75,1.0,0.0,1.2703813680217262,0.7804971686342259,1.0,-0.0384615384615384,0,1,0,0,0,1,0,0,1,1,0,0,0,0,1
948,0.0,2,0.4210526315789473,-0.4166666666666667,0.0,0.0,0.0,-0.1489966502171547,-0.1021211248680295,1.0,-0.5,1,0,0,0,1,0,0,0,0,0,0,0,0,0,1
949,-0.6923076923076923,2,-0.6842105263157895,-0.125,-0.5,-0.6666666666666666,0.0,-0.6057083681168304,-0.6488146655149246,0.0,-0.1923076923076923,1,0,0,0,1,0,1,0,0,0,0,1,0,0,0
950,0.5769230769230769,2,1.5263157894736843,-0.0833333333333333,0.0,-0.3333333333333333,1.0,-0.0011835194910866,0.0019195700163163,0.0,1.1923076923076923,0,0,1,0,0,0,1,0,0,0,0,0,1,0,0
951,0.8846153846153846,0,-0.0526315789473684,-0.5833333333333334,4.5,6.0,0.0,4.219881014022594,5.17554467799213,4.0,-0.2692307692307692,1,0,0,0,1,0,0,0,0,0,1,0,0,1,0
952,-0.2307692307692307,2,1.0,-0.5,0.5,0.6666666666666666,0.0,0.3351896272970318,0.6280833093387082,1.0,-0.7692307692307693,0,1,0,0,0,1,0,0,1,1,0,0,0,0,1
953,0.5769230769230769,0,1.105263157894737,0.7083333333333334,0.25,0.3333333333333333,0.0,0.3715405830946922,0.0280257222382186,1.0,0.9615384615384616,0,0,1,0,0,0,0,0,0,0,1,0,1,0,0
954,0.8076923076923077,2,1.5263157894736843,1.4583333333333333,1.25,1.3333333333333333,1.0,1.3864508152547212,1.4389096842307325,1.0,-0.8846153846153846,0,0,1,0,0,0,0,1,0,0,1,0,0,0,1
955,0.6153846153846154,0,-1.105263157894737,0.2083333333333333,0.0,0.0,0.0,0.1128570371857597,-0.5378635185718399,1.0,1.0,0,0,0,1,0,1,0,1,0,1,0,0,1,0,0
956,-0.8461538461538461,0,-0.2631578947368421,-0.5416666666666666,-0.25,-0.3333333333333333,0.0,-0.4083142244248836,-0.3044438045877722,0.0,0.6153846153846154,0,0,0,0,0,1,0,1,0,0,0,0,1,0,0
957,0.1538461538461538,2,0.0526315789473684,-0.125,0.25,0.3333333333333333,0.0,0.4491033783141188,0.3846818312697957,1.0,0.1153846153846153,0,0,0,1,0,1,0,0,0,0,1,0,1,0,0
958,0.2307692307692307,2,1.5263157894736843,-0.4166666666666667,4.0,4.333333333333333,3.0,4.334851478871008,3.932815049428928,2.0,-0.2692307692307692,0,1,0,0,0,1,0,1,0,0,0,0,0,1,0
959,-0.9615384615384616,1,0.7368421052631579,1.125,-0.25,-0.3333333333333333,0.0,-0.2523432629209684,-0.2675880602744985,1.0,0.6153846153846154,0,1,0,0,0,1,1,0,0,0,0,0,1,0,0
960,-0.5769230769230769,2,-0.4210526315789473,-0.5833333333333334,-0.25,-0.3333333333333333,0.0,-0.3981697716441411,-0.5205873884249927,0.0,-1.0384615384615383,0,0,0,1,0,1,0,0,1,0,0,0,0,0,1
961,0.5384615384615384,1,-0.0526315789473684,0.0416666666666666,0.25,-0.3333333333333333,2.0,-0.3178595204632634,0.4334389096842308,0.0,1.0384615384615383,0,0,0,1,0,1,0,0,0,0,0,0,1,0,0
962,-0.1923076923076923,1,-0.4210526315789473,2.083333333333333,-0.25,-0.6666666666666666,1.0,-0.554943835659865,-0.4146271235243305,0.0,-0.8076923076923077,1,0,0,0,1,0,1,0,0,0,1,0,0,0,1
963,-0.5384615384615384,0,-1.0,0.1666666666666666,0.0,0.0,0.0,-0.0494542073061194,0.1174776849985604,1.0,-0.1538461538461538,0,0,0,1,0,1,0,0,1,0,0,0,0,0,1
964,-0.5769230769230769,2,0.631578947368421,0.0416666666666666,0.25,0.3333333333333333,0.0,0.2836219923282576,0.0207313561762164,0.0,0.7307692307692307,1,0,0,0,1,0,0,0,0,0,0,1,1,0,0
965,-0.8846153846153846,1,0.4210526315789473,0.8333333333333334,-0.25,-0.3333333333333333,0.0,-0.2730548540149842,-0.4138592955178039,0.0,-1.1923076923076923,0,0,0,1,0,1,0,1,0,0,0,0,0,0,1
966,-0.7692307692307693,1,0.9473684210526316,-0.3333333333333333,0.0,0.0,0.0,-0.0917227605592129,-0.003071312026106,1.0,-0.4230769230769231,1,0,0,0,1,0,0,0,0,0,0,0,0,0,1
967,-0.2692307692307692,0,-0.8421052631578947,1.7083333333333333,-0.25,-0.3333333333333333,0.0,-0.3227204040873691,-0.5635857567904788,0.0,-0.2692307692307692,0,0,0,1,0,1,0,0,0,1,0,0,0,0,1
968,0.3076923076923077,0,-1.105263157894737,-0.5833333333333334,-0.5,-0.6666666666666666,0.0,-0.6057083681168304,-0.6488146655149246,0.0,-0.1538461538461538,0,0,0,0,0,1,0,0,0,1,0,0,0,0,0
969,0.5,1,0.4210526315789473,-0.5833333333333334,0.5,0.3333333333333333,1.0,0.8447793053163276,0.4127075535080142,1.0,0.3076923076923077,0,0,1,0,0,0,0,0,1,1,0,0,1,0,0
970,-0.9615384615384616,2,-1.0,-0.125,1.5,2.0,0.0,1.5379413101138086,1.5291294749976003,1.0,-1.0384615384615383,1,0,0,0,1,0,0,0,0,0,1,0,0,0,1
971,0.5384615384615384,0,1.2105263157894737,-0.375,-0.25,-0.3333333333333333,0.0,-0.0705884839326662,-0.3766196372012669,1.0,0.4615384615384615,0,0,1,0,0,0,0,1,0,0,1,0,1,0,0
972,-0.5,1,-0.1578947368421052,-0.5833333333333334,-0.25,-0.6666666666666666,1.0,-0.54408081747382,-0.4979364622324599,0.0,0.9230769230769232,0,0,1,0,0,0,0,1,0,0,1,0,1,0,0
973,0.6538461538461539,1,0.4210526315789473,-0.125,2.5,3.333333333333333,0.0,2.3562605010937,1.937997888472982,2.0,0.7692307692307693,0,1,0,0,0,1,1,0,0,0,0,0,0,1,0
974,-0.3461538461538461,0,-0.4736842105263157,0.125,0.5,0.6666666666666666,0.0,0.4989802711527693,0.65764468758998,1.0,-0.0769230769230769,1,0,0,0,1,0,0,0,1,1,0,0,0,0,1
975,0.3461538461538461,1,0.631578947368421,-0.5416666666666666,-0.25,-0.3333333333333333,0.0,-0.1384295119038813,-0.2798733083789231,0.0,0.0,0,0,1,0,0,0,0,0,1,0,1,0,0,0,1
976,-0.8076923076923077,1,1.5263157894736843,0.25,0.0,0.0,0.0,0.464531400251498,-0.4699107399942412,0.0,-1.1923076923076923,0,0,1,0,0,0,1,0,0,1,0,0,0,0,1
977,-0.4230769230769231,1,0.5789473684210527,-0.3333333333333333,0.25,0.3333333333333333,0.0,0.0674183424386842,0.0529801324503312,0.0,-0.7692307692307693,0,0,0,0,0,1,0,0,0,0,0,1,0,0,1
978,-0.5,0,-0.2105263157894736,0.2083333333333333,0.5,0.3333333333333333,1.0,0.5556624010651676,0.900278337652366,0.0,0.8461538461538461,1,0,0,0,1,0,0,0,1,0,1,0,1,0,0
979,-0.8461538461538461,0,-0.5789473684210527,1.125,-0.25,-0.3333333333333333,0.0,-0.4066234822947598,-0.3800748632306363,0.0,1.2307692307692308,1,0,0,0,1,0,0,0,0,0,1,0,1,0,0
980,-0.0769230769230769,1,-0.2631578947368421,-0.5833333333333334,-0.25,-0.3333333333333333,0.0,-0.2950345017065929,-0.3067472886073519,0.0,-0.5769230769230769,1,0,0,0,1,0,0,0,0,1,0,0,0,0,1
981,-0.1538461538461538,1,0.5789473684210527,-0.5416666666666666,0.5,0.6666666666666666,0.0,0.2333224139570764,0.1382090411747769,1.0,-0.8076923076923077,0,1,0,0,0,1,0,0,1,0,0,0,0,0,1
982,0.1538461538461538,0,1.5263157894736843,1.4583333333333333,0.25,0.3333333333333333,0.0,0.389082032694726,0.262597178232076,2.0,-0.7692307692307693,0,0,1,0,0,0,0,0,0,1,0,0,0,0,1
983,0.5,1,-0.1052631578947368,-0.4583333333333333,0.0,0.0,0.0,-0.1737237538702144,-0.5144447643727804,0.0,0.7692307692307693,0,0,0,0,0,1,0,0,0,0,1,0,1,0,0
984,0.2307692307692307,1,-1.0526315789473684,0.6666666666666666,-0.25,-0.3333333333333333,0.0,-0.4679128845117454,-0.2860159324311354,0.0,-0.1538461538461538,0,0,0,1,0,1,0,1,0,1,0,0,0,0,1
985,0.8461538461538461,1,0.4736842105263157,-0.5833333333333334,1.25,1.0,2.0,0.7015311783415935,0.9140992417698436,1.0,-0.8846153846153846,1,0,0,0,1,0,1,0,0,0,1,0,0,0,1
986,0.4615384615384615,1,0.0,0.7083333333333334,4.25,5.666666666666667,0.0,5.579026343875816,3.572703714367982,0.0,0.8846153846153846,0,1,0,0,0,1,0,1,0,0,0,0,0,1,0
987,0.8076923076923077,2,-0.3684210526315789,-0.5833333333333334,-0.25,-0.3333333333333333,0.0,-0.4334640136104742,-0.389672713312218,0.0,0.6153846153846154,1,0,0,0,1,0,0,1,0,0,0,0,1,0,0
988,0.1153846153846153,0,1.4736842105263157,0.9583333333333334,-0.5,-0.6666666666666666,0.0,-0.6057083681168304,-0.6488146655149246,0.0,-0.9230769230769232,0,0,1,0,0,0,0,0,1,0,1,0,0,0,0
989,-0.4615384615384615,1,-0.1578947368421052,1.9583333333333333,-0.25,-0.3333333333333333,0.0,-0.4622066298225779,-0.4764372780497168,0.0,1.2307692307692308,1,0,0,0,1,0,1,0,0,0,0,1,1,0,0
990,-0.9230769230769232,0,0.631578947368421,0.4583333333333333,-0.5,-0.6666666666666666,0.0,-0.6057083681168304,-0.6488146655149246,0.0,-1.1538461538461535,0,0,1,0,0,0,0,0,0,0,0,1,0,0,0
991,-0.9230769230769232,0,-0.3157894736842105,0.8333333333333334,0.0,0.0,0.0,-0.0936248454556021,0.0145887321240043,1.0,-0.4230769230769231,0,0,0,1,0,1,0,0,0,1,0,0,0,0,1
992,0.5769230769230769,0,-0.9473684210526316,2.083333333333333,-0.25,-0.6666666666666666,1.0,-0.5320765483499414,-0.5251943564641519,0.0,1.6153846153846154,0,0,0,0,0,1,0,0,1,0,0,0,1,0,0
993,0.3076923076923077,1,-0.4736842105263157,-0.2083333333333333,0.75,0.6666666666666666,1.0,0.6002557247471813,0.9263844898742682,0.0,-0.4615384615384615,0,0,0,0,0,1,0,1,0,0,0,1,0,0,1
994,0.3461538461538461,2,-0.5263157894736842,-0.4166666666666667,0.5,0.0,2.0,0.0196971458159415,0.8307899030617142,1.0,0.1923076923076923,0,0,0,1,0,1,0,0,1,0,1,0,1,0,0
995,0.2692307692307692,2,0.8947368421052632,0.2083333333333333,-0.25,-0.3333333333333333,0.0,-0.0705884839326662,-0.4606968039159227,1.0,0.6538461538461539,0,0,1,0,0,0,0,0,1,0,0,1,1,0,0
996,0.1538461538461538,2,-0.1578947368421052,-0.25,-0.25,-0.3333333333333333,0.0,-0.1443471093593144,-0.2518475861407044,0.0,-0.3846153846153846,0,0,0,0,0,1,1,0,0,0,0,0,0,0,1
997,0.7692307692307693,1,-1.105263157894737,1.3333333333333333,0.0,-0.3333333333333333,1.0,-0.2348440818741876,-0.4169306075439101,0.0,-0.7692307692307693,0,0,0,1,0,1,0,0,0,0,1,0,0,0,1
998,-0.6923076923076923,2,-0.8947368421052632,-0.1666666666666666,0.75,0.6666666666666666,1.0,0.4269123878562447,0.6111910931951243,0.0,-0.8846153846153846,0,0,0,1,0,1,0,0,0,1,0,0,0,0,1
999,-0.3076923076923077,2,1.2105263157894737,0.3333333333333333,0.0,-0.6666666666666666,2.0,-0.5003328648568682,-0.1132546309626643,0.0,0.5,0,0,0,0,0,1,1,0,0,1,0,0,1,0,0
1000,-0.1153846153846153,0,0.0,1.5416666666666667,1.0,1.3333333333333333,0.0,0.9309648853993854,0.5086860543238315,1.0,-0.8846153846153846,0,0,0,0,0,1,0,0,1,1,0,0,0,0,1
1001,0.6923076923076923,2,-0.2631578947368421,1.1666666666666667,-0.5,-0.6666666666666666,0.0,-0.6057083681168304,-0.6488146655149246,0.0,-0.6923076923076923,0,0,0,1,0,1,0,1,0,0,0,1,0,0,0
1002,-0.5,0,1.0526315789473684,-0.5833333333333334,1.75,1.6666666666666667,2.0,2.0994790400811563,1.51262117285728,2.0,-0.5,0,0,1,0,0,0,0,0,1,0,0,0,0,1,0
1003,-0.8076923076923077,1,-0.0526315789473684,0.0833333333333333,0.5,0.3333333333333333,1.0,0.7292170807223698,0.163931279393416,1.0,-0.1538461538461538,0,0,0,0,0,1,1,0,0,0,1,0,0,0,1
1004,0.2307692307692307,1,0.6842105263157895,-0.5833333333333334,-0.25,-0.3333333333333333,0.0,-0.3284266587765368,-0.1566369133314137,0.0,-0.6153846153846154,0,1,0,0,0,1,0,0,1,0,1,0,0,0,1
1005,-0.6538461538461539,0,-0.6842105263157895,-0.0833333333333333,-0.25,-0.6666666666666666,1.0,-0.5427282237697211,-0.4023418754199059,1.0,0.0769230769230769,0,0,0,1,0,1,0,1,0,0,0,1,0,0,1
1006,-0.2692307692307692,1,0.4736842105263157,0.75,-0.25,-0.3333333333333333,0.0,-0.2561474327137468,-0.1908052596218446,1.0,2.0,0,0,1,0,0,0,0,0,1,0,0,0,1,0,0
1007,0.0384615384615384,2,-0.1578947368421052,-0.2916666666666667,0.25,0.3333333333333333,0.0,0.0040155125590439,0.4303675976581246,1.0,0.0769230769230769,0,0,0,0,0,1,1,0,0,0,0,1,0,0,1
1008,0.3846153846153846,0,-0.4736842105263157,1.375,-0.5,-0.6666666666666666,0.0,-0.6057083681168304,-0.6488146655149246,0.0,1.2307692307692308,0,0,0,1,0,1,1,0,0,1,0,0,0,0,0
1009,0.9615384615384616,0,0.5263157894736842,-0.5833333333333334,-0.5,-0.6666666666666666,0.0,-0.6057083681168304,-0.6488146655149246,0.0,-1.2692307692307692,0,1,0,0,0,1,0,1,0,0,1,0,0,0,0
1010,-0.6153846153846154,0,0.0,-0.5833333333333334,1.5,1.3333333333333333,2.0,2.084600509336067,1.8854016700259144,0.0,0.0769230769230769,0,0,1,0,0,0,0,1,0,0,0,1,0,1,0
1011,0.7692307692307693,2,-0.1578947368421052,0.2083333333333333,-0.5,-0.6666666666666666,0.0,-0.6057083681168304,-0.6488146655149246,0.0,0.3461538461538461,0,1,0,0,0,1,0,0,0,0,0,1,0,0,0
1012,-0.5769230769230769,1,0.5789473684210527,0.0416666666666666,1.25,1.6666666666666667,0.0,1.8936311857385908,1.2292926384489875,1.0,0.8846153846153846,0,1,0,0,0,1,0,0,1,0,0,0,1,0,0
1013,0.1153846153846153,0,0.4736842105263157,1.4166666666666667,-0.25,-0.3333333333333333,0.0,-0.2821425929643993,-0.3205681927248295,0.0,0.2307692307692307,0,1,0,0,0,1,0,0,0,0,0,1,1,0,0
1014,0.6538461538461539,0,-1.105263157894737,2.083333333333333,-0.5,-0.6666666666666666,0.0,-0.6057083681168304,-0.6488146655149246,0.0,-0.0384615384615384,0,0,1,0,0,0,0,0,0,0,0,1,0,0,0
1015,-0.5769230769230769,2,-0.1578947368421052,-0.3333333333333333,0.5,0.3333333333333333,1.0,0.2700960552872676,0.4514828678376044,1.0,0.2692307692307692,0,0,0,1,0,1,0,0,1,0,0,1,1,0,0
1016,0.9230769230769232,1,-0.1052631578947368,-0.5,0.0,0.0,0.0,-0.2798178225354792,0.0468375083981189,0.0,0.8076923076923077,1,0,0,0,1,0,1,0,0,1,0,0,1,0,0
1017,0.2692307692307692,0,-0.7894736842105263,-0.2916666666666667,-0.5,-0.6666666666666666,0.0,-0.6057083681168304,-0.6488146655149246,0.0,0.0384615384615384,0,0,0,1,0,1,0,1,0,0,0,1,0,0,0
1018,0.4230769230769231,2,0.8947368421052632,-0.5833333333333334,0.0,0.0,0.0,0.140120254034005,-0.2764180823495537,0.0,2.0384615384615383,0,1,0,0,0,1,1,0,0,1,0,0,1,0,0
1019,-0.8846153846153846,1,-1.105263157894737,-0.5,-0.25,-0.3333333333333333,0.0,-0.3514630202994728,-0.4376619637201266,1.0,-0.3076923076923077,1,0,0,0,1,0,1,0,0,0,0,0,0,0,1
1020,-0.4230769230769231,0,0.5263157894736842,2.083333333333333,0.0,0.0,0.0,0.3115192374752993,-0.3063633746040886,0.0,-0.0384615384615384,0,0,0,1,0,1,0,0,1,0,0,1,0,0,1
1021,0.6153846153846154,1,-0.6842105263157895,-0.1666666666666666,0.25,-0.3333333333333333,2.0,-0.1867001997189141,0.1243881370572992,0.0,-0.2307692307692307,0,0,0,1,0,1,1,0,0,0,1,0,0,0,1
1022,0.3461538461538461,0,0.6842105263157895,-0.4166666666666667,0.0,-0.3333333333333333,1.0,0.0071011169465196,-0.5658892408100585,1.0,-0.9615384615384616,0,0,1,0,0,0,0,1,0,0,0,0,0,0,1
1023,0.5,2,0.7894736842105263,2.083333333333333,-0.25,-0.3333333333333333,0.0,-0.4562890323671447,-0.1973317976773202,0.0,-0.1538461538461538,0,0,0,0,0,1,1,0,0,0,0,0,0,0,1
1024,-0.0769230769230769,0,-0.5263157894736842,-0.25,-0.25,-0.3333333333333333,0.0,-0.3652003001067282,-0.3232555907476724,0.0,0.3076923076923077,1,0,0,0,1,0,0,0,1,0,0,1,1,0,0
1025,-0.2307692307692307,0,0.3684210526315789,0.7916666666666666,0.25,0.3333333333333333,0.0,0.3620301586127461,0.1374412131682504,1.0,-0.6538461538461539,0,0,0,0,0,1,0,0,0,0,0,0,0,0,1
1026,0.1153846153846153,0,-0.5263157894736842,0.0,3.0,3.333333333333333,2.0,2.539832827871885,3.685574431327383,2.0,0.7307692307692307,1,0,0,0,1,0,0,1,0,0,1,0,0,1,0
1027,0.5,1,-0.1052631578947368,0.0,-0.5,-0.6666666666666666,0.0,-0.6057083681168304,-0.6488146655149246,0.0,-1.0384615384615383,0,0,0,1,0,1,0,0,0,0,1,0,0,0,0
1028,-0.1538461538461538,1,0.1052631578947368,0.125,0.5,0.6666666666666666,0.0,0.4066234822947598,0.0445340243785392,1.0,-0.9615384615384616,0,0,0,1,0,1,0,0,1,1,0,0,0,0,1
1029,0.0384615384615384,1,0.1578947368421052,-0.2083333333333333,-0.25,-0.3333333333333333,0.0,-0.5177897773503959,-0.4180823495536999,0.0,0.6923076923076923,0,0,0,0,0,1,0,0,0,1,0,0,1,0,0
1030,-0.2692307692307692,2,0.4210526315789473,2.083333333333333,-0.25,-0.3333333333333333,0.0,-0.467278856212949,-0.6042806411363854,1.0,0.5769230769230769,1,0,0,0,1,0,0,0,1,1,0,0,1,0,0
1031,0.2307692307692307,2,-0.1578947368421052,1.4166666666666667,0.5,0.6666666666666666,0.0,0.6553739181892153,0.3094346866301949,1.0,-0.3076923076923077,0,0,0,0,0,1,0,0,0,1,0,0,0,0,1
1032,-0.3461538461538461,0,0.5263157894736842,-0.3333333333333333,4.5,5.333333333333333,2.0,4.719157165048134,4.295229868509454,1.0,0.9230769230769232,0,1,0,0,0,1,0,0,1,1,0,0,0,1,0
1033,0.2307692307692307,2,-1.105263157894737,-0.2083333333333333,-0.5,-0.6666666666666666,0.0,-0.6057083681168304,-0.6488146655149246,0.0,-0.8076923076923077,0,1,0,0,0,1,0,0,1,0,1,0,0,0,0
1034,-0.8076923076923077,2,-1.105263157894737,-0.2916666666666667,-0.25,-0.3333333333333333,0.0,-0.4254329884923865,-0.368173529129475,0.0,0.1153846153846153,1,0,0,0,1,0,0,1,0,0,0,1,1,0,0
1035,0.7307692307692307,1,-0.2631578947368421,0.125,0.5,0.6666666666666666,0.0,0.3282153160102712,-0.0161243881370572,3.0,-0.1923076923076923,1,0,0,0,1,0,0,0,1,0,0,1,0,0,1
1036,-0.8461538461538461,1,0.1578947368421052,-0.5416666666666666,-0.25,-0.3333333333333333,0.0,-0.183022835585895,-0.2372588540167002,0.0,0.5,0,0,0,1,0,1,0,1,0,0,0,1,1,0,0
1037,-0.8461538461538461,0,1.0,0.5833333333333334,0.25,0.3333333333333333,0.0,0.3795716082127799,0.0602744985123332,1.0,-0.7692307692307693,0,1,0,0,0,1,0,1,0,0,0,1,0,0,1
1038,-0.2692307692307692,2,-0.9473684210526316,2.083333333333333,-0.25,-0.3333333333333333,0.0,-0.4979235573214419,-0.1938765716479508,1.0,-0.1538461538461538,0,0,0,0,0,1,0,0,0,0,0,0,0,0,1
1039,0.8846153846153846,1,-0.5789473684210527,0.25,0.5,0.6666666666666666,0.0,0.3871799477983367,0.4614646319224495,1.0,-0.1538461538461538,0,0,0,1,0,1,1,0,0,0,0,1,0,0,1
1040,-0.7307692307692307,2,-0.631578947368421,-0.1666666666666666,-0.25,-0.6666666666666666,1.0,-0.5240455232318537,-0.6050484691429119,1.0,0.2307692307692307,0,0,0,0,0,1,0,0,0,0,0,1,1,0,0
1041,-0.2692307692307692,0,-0.8421052631578947,-0.2083333333333333,2.25,3.0,0.0,2.541396764342249,3.202994529225454,2.0,-0.6538461538461539,0,0,0,1,0,1,0,1,0,1,0,0,0,0,1
1042,-0.4615384615384615,1,0.1578947368421052,-0.2916666666666667,-0.25,-0.3333333333333333,0.0,-0.4209947904008116,-0.5159804203858335,0.0,0.9230769230769232,0,0,1,0,0,0,0,0,0,0,1,0,1,0,0
1043,-0.8076923076923077,1,0.2631578947368421,1.125,0.75,1.0,0.0,0.8195872475774837,0.9770611383050198,0.0,-0.3076923076923077,1,0,0,0,1,0,0,0,1,0,1,0,0,0,1
1044,0.7307692307692307,0,-0.7368421052631579,0.4583333333333333,2.25,2.6666666666666665,1.0,2.905793961937168,1.7713792110567232,1.0,-0.2692307692307692,0,0,0,0,0,1,0,1,0,0,1,0,0,1,0
1045,-0.9230769230769232,2,0.7894736842105263,0.4583333333333333,0.25,0.0,1.0,0.0041423182188031,-0.1861982915826854,0.0,0.6153846153846154,0,0,0,0,0,1,0,0,0,0,0,0,1,0,0
1046,0.7307692307692307,1,-0.1578947368421052,0.5416666666666666,0.75,0.3333333333333333,2.0,0.4104276520875383,0.6445916114790287,1.0,0.3461538461538461,0,1,0,0,0,1,0,0,0,0,0,1,1,0,0
1047,0.0769230769230769,2,1.4736842105263157,0.3333333333333333,0.5,0.3333333333333333,1.0,0.4302938721164923,1.0089260005758711,0.0,1.0,0,0,1,0,0,0,0,0,1,0,0,0,1,0,0
1048,-0.8846153846153846,1,0.1052631578947368,-0.3333333333333333,-0.25,-0.6666666666666666,1.0,-0.5444189658998447,-0.4487954698147614,0.0,0.4615384615384615,1,0,0,0,1,0,0,0,1,0,0,0,0,0,0
1049,-0.3461538461538461,1,0.1578947368421052,1.375,-0.25,-0.3333333333333333,0.0,-0.3115192374752993,-0.4284480276418081,0.0,-0.9230769230769232,0,0,1,0,0,0,1,0,0,0,0,0,0,0,1
1050,0.5,1,0.1578947368421052,-0.0416666666666666,1.0,1.3333333333333333,0.0,1.7247683154924818,0.772051060562434,1.0,0.1923076923076923,0,0,1,0,0,0,0,0,0,0,1,0,1,0,0
1051,-0.6153846153846154,2,0.7368421052631579,-0.2916666666666667,1.0,1.0,1.0,1.4160388025318869,1.6043766196372014,1.0,-0.2307692307692307,0,0,1,0,0,0,1,0,0,0,0,1,0,0,1
1052,0.9230769230769232,2,-0.2105263157894736,0.7083333333333334,0.5,0.6666666666666666,0.0,0.5201145477793161,0.582013628947116,0.0,-0.0384615384615384,0,0,0,1,0,1,0,0,1,0,1,0,0,0,1
1053,0.3076923076923077,1,1.3157894736842106,0.2916666666666667,0.0,0.0,0.0,0.1363160842412266,-0.2395623380362798,0.0,-1.1153846153846154,0,0,1,0,0,0,1,0,0,0,1,0,0,0,1
1054,0.8076923076923077,1,0.2105263157894736,-0.5833333333333334,0.25,0.0,1.0,0.307757336235774,0.4818120740954026,1.0,-0.6538461538461539,0,0,1,0,0,0,0,1,0,0,1,0,0,0,1
1055,-0.5384615384615384,0,0.631578947368421,-0.3333333333333333,2.0,2.6666666666666665,0.0,1.6645356271068237,0.8653421633554084,0.0,-0.4230769230769231,0,0,0,1,0,1,0,0,0,0,0,0,0,0,1
1056,-0.4615384615384615,2,0.4210526315789473,-0.5416666666666666,0.25,0.3333333333333333,0.0,0.0128919087421935,0.1973317976773204,0.0,0.6923076923076923,1,0,0,0,1,0,0,1,0,0,1,0,1,0,0
1057,0.1538461538461538,1,1.263157894736842,-0.0833333333333333,1.25,1.6666666666666667,0.0,1.582957319328353,1.812458009405893,2.0,-0.2307692307692307,0,0,1,0,0,0,0,1,0,0,1,0,0,0,1
1058,0.3846153846153846,2,0.1052631578947368,-0.5833333333333334,0.25,0.0,1.0,-0.0432407299779146,-0.2265092619253286,0.0,0.3846153846153846,0,0,0,0,0,1,0,0,1,0,0,0,1,0,0
1059,-0.0384615384615384,0,0.8421052631578947,-0.5,-0.5,-0.6666666666666666,0.0,-0.6057083681168304,-0.6488146655149246,0.0,-0.3076923076923077,0,0,1,0,0,0,1,0,0,1,0,0,0,0,0
1060,0.0384615384615384,0,-0.3684210526315789,0.5,2.75,3.333333333333333,1.0,2.379127788403623,3.002207505518764,1.0,0.4615384615384615,0,0,0,1,0,1,0,0,0,1,0,0,0,1,0
1061,-0.5384615384615384,1,0.4210526315789473,0.2916666666666667,0.0,0.0,0.0,-0.0350828992000676,-0.0326326902773777,0.0,0.0,0,0,0,0,0,1,0,0,1,1,0,0,0,0,1
1062,0.6538461538461539,2,-0.8947368421052632,-0.5833333333333334,0.25,0.3333333333333333,0.0,0.1403315968002705,0.3128899126595643,0.0,-0.5,0,0,0,1,0,1,0,0,1,0,0,0,0,0,1
1063,0.7307692307692307,2,-0.7368421052631579,2.083333333333333,0.0,0.0,0.0,-0.1806980651569749,0.0038391400326327,0.0,0.6153846153846154,1,0,0,0,1,0,0,0,0,0,0,0,1,0,0
1064,-0.1538461538461538,1,0.631578947368421,-0.5,-0.25,-0.3333333333333333,0.0,-0.3945769446176282,-0.3631826470870524,0.0,0.1153846153846153,0,1,0,0,0,1,0,0,1,1,0,0,1,0,0
1065,-0.3076923076923077,2,0.4736842105263157,-0.125,0.0,0.0,0.0,-0.3453340800777742,-0.172761301468471,1.0,1.5,1,0,0,0,1,0,0,1,0,0,0,1,1,0,0
1066,0.0,0,-0.1578947368421052,-0.5833333333333334,1.5,2.0,0.0,1.919626345989243,1.924560898358768,2.0,0.5384615384615384,0,0,0,1,0,1,0,0,0,0,0,1,1,0,0
1067,-0.3461538461538461,0,1.4736842105263157,0.2916666666666667,0.75,1.0,0.0,1.339279109824269,0.8549764852673003,1.0,-0.1153846153846153,0,0,1,0,0,0,0,0,0,1,0,0,0,0,1
1068,0.8461538461538461,1,0.4210526315789473,0.4166666666666667,0.0,0.0,0.0,0.183022835585895,-0.3359247528553603,1.0,0.0384615384615384,0,0,1,0,0,0,0,1,0,0,0,0,0,0,1
1069,0.5,2,-1.105263157894737,-0.2916666666666667,0.0,0.0,0.0,-0.1959147443280885,-0.0717919186102312,1.0,-0.6923076923076923,1,0,0,0,1,0,0,0,0,0,0,1,0,0,1
1070,-0.7307692307692307,1,-0.3684210526315789,1.375,-0.5,-0.6666666666666666,0.0,-0.6057083681168304,-0.6488146655149246,0.0,-0.8846153846153846,0,0,0,1,0,1,0,1,0,1,0,0,0,0,0
1071,0.2307692307692307,2,-0.4736842105263157,0.375,-0.5,-0.6666666666666666,0.0,-0.6057083681168304,-0.6488146655149246,0.0,-0.4230769230769231,1,0,0,0,1,0,1,0,0,0,0,1,0,0,0
1072,-0.6923076923076923,0,0.5263157894736842,-0.375,-0.5,-0.6666666666666666,0.0,-0.6057083681168304,-0.6488146655149246,0.0,0.0384615384615384,1,0,0,0,1,0,1,0,0,1,0,0,0,0,0
1073,-0.8846153846153846,1,-0.3684210526315789,1.5833333333333333,-0.25,-0.3333333333333333,0.0,-0.3449113945452433,-0.403877531432959,0.0,0.2692307692307692,1,0,0,0,1,0,1,0,0,0,1,0,1,0,0
1074,-0.6538461538461539,0,-1.105263157894737,-0.5416666666666666,-0.5,-0.6666666666666666,0.0,-0.6057083681168304,-0.6488146655149246,0.0,0.6538461538461539,1,0,0,0,1,0,0,1,0,1,0,0,0,0,0
1075,0.6538461538461539,2,-0.631578947368421,-0.4583333333333333,0.75,1.0,0.0,0.4030306552682468,0.8261829350225551,1.0,0.5769230769230769,1,0,0,0,1,0,0,1,0,1,0,0,1,0,0
1076,0.0,0,1.5263157894736843,-0.5833333333333334,0.5,0.6666666666666666,0.0,0.8939799013029286,0.442268931759286,0.0,-0.3846153846153846,0,0,1,0,0,0,0,1,0,1,0,0,0,0,1
1077,-0.8461538461538461,1,0.2105263157894736,-0.25,0.25,0.3333333333333333,0.0,0.301374784694557,-0.0848449947211824,1.0,-1.2692307692307692,0,0,0,0,0,1,0,0,0,0,0,0,0,0,1
1078,-0.9230769230769232,2,0.1578947368421052,0.375,0.25,0.0,1.0,-0.0938361882218676,0.3508973989826279,0.0,0.5384615384615384,0,0,0,1,0,1,0,1,0,0,0,1,1,0,0
1079,-0.1153846153846153,0,1.263157894736842,-0.5,-0.25,-0.3333333333333333,0.0,-0.3117305802415648,-0.1650830214032056,0.0,-0.1923076923076923,0,0,0,0,0,1,0,0,1,0,0,1,0,0,1
1080,0.6153846153846154,0,0.3684210526315789,-0.5416666666666666,0.5,0.3333333333333333,1.0,0.2699269810742554,0.8941357136001535,0.0,0.7692307692307693,0,1,0,0,0,1,0,0,1,0,0,0,1,0,0
1081,-0.5769230769230769,1,0.2631578947368421,0.75,0.0,-0.3333333333333333,1.0,-0.154576099246563,-0.1117189749496112,0.0,-1.0384615384615383,0,0,0,0,0,1,0,0,1,0,0,1,0,0,1
1082,0.4230769230769231,2,-0.4736842105263157,-0.2916666666666667,0.75,1.0,0.0,0.5642851859287987,0.4514828678376044,2.0,0.6923076923076923,1,0,0,0,1,0,1,0,0,1,0,0,1,0,0
1083,0.4615384615384615,1,0.2631578947368421,-0.4583333333333333,-0.25,-0.3333333333333333,0.0,-0.3956336584489555,-0.4856512141280353,0.0,0.8076923076923077,1,0,0,0,1,0,0,1,0,0,0,1,1,0,0
1084,-0.7307692307692307,0,-0.4736842105263157,-0.4166666666666667,0.25,0.3333333333333333,0.0,0.3201842908921836,-0.1324503311258278,0.0,0.2307692307692307,0,0,0,1,0,1,0,0,0,0,0,0,1,0,0
1085,0.8846153846153846,2,-1.105263157894737,1.5833333333333333,-0.5,-0.6666666666666666,0.0,-0.6057083681168304,-0.6488146655149246,0.0,-0.2692307692307692,0,0,0,1,0,1,0,0,0,0,0,1,0,0,0
1086,-0.5,0,-0.5263157894736842,0.1666666666666666,-0.25,-0.3333333333333333,0.0,-0.2542453478173576,-0.3992705633937997,0.0,0.8461538461538461,1,0,0,0,1,0,0,0,0,0,0,0,1,0,0
1087,-0.2307692307692307,2,0.3157894736842105,-0.1666666666666666,-0.5,-0.6666666666666666,0.0,-0.6057083681168304,-0.6488146655149246,0.0,0.3461538461538461,0,0,1,0,0,0,0,0,0,1,0,0,0,0,0
1088,-0.7307692307692307,2,-0.9473684210526316,-0.375,0.25,0.3333333333333333,0.0,0.225925417137785,0.0836932527113926,1.0,0.1923076923076923,0,0,0,1,0,1,1,0,0,0,0,1,1,0,0
1089,0.1923076923076923,0,-1.105263157894737,-0.5416666666666666,-0.5,-0.6666666666666666,0.0,-0.6057083681168304,-0.6488146655149246,0.0,-0.4230769230769231,0,0,0,1,0,1,1,0,0,0,1,0,0,0,0
1090,0.2692307692307692,0,0.4736842105263157,-0.3333333333333333,2.5,2.333333333333333,3.0,2.0675662823750702,3.674057011229485,1.0,0.5384615384615384,0,0,0,0,0,1,1,0,0,1,0,0,0,1,0
1091,-0.3461538461538461,2,-0.2105263157894736,-0.5,-0.25,-0.3333333333333333,0.0,-0.4290258155188994,-0.5704962088492178,0.0,-0.0384615384615384,1,0,0,0,1,0,0,0,0,1,0,0,0,0,0
1092,-0.5384615384615384,2,-0.6842105263157895,0.2916666666666667,-0.5,-0.6666666666666666,0.0,-0.6057083681168304,-0.6488146655149246,0.0,-0.1153846153846153,0,0,0,1,0,1,0,0,0,1,0,0,0,0,0
1093,0.5384615384615384,0,-0.2631578947368421,1.7083333333333333,-0.25,-0.3333333333333333,0.0,-0.251709234622172,-0.2480084461080717,0.0,-0.8846153846153846,0,0,0,1,0,1,0,0,0,0,0,0,0,0,1
1094,-0.3846153846153846,1,0.631578947368421,0.4166666666666667,0.25,0.3333333333333333,0.0,0.3833757780055583,-0.081389768691813,0.0,-0.3076923076923077,0,1,0,0,0,1,0,1,0,0,0,1,0,0,1
1095,0.5769230769230769,1,1.5263157894736843,-0.0833333333333333,0.75,1.0,0.0,1.1070134096985196,1.037335636817353,1.0,-0.3461538461538461,0,0,1,0,0,0,1,0,0,1,0,0,0,0,1
1096,-0.3461538461538461,2,0.6842105263157895,2.083333333333333,0.5,0.6666666666666666,0.0,0.5492798495239505,0.2161435838372205,0.0,1.1923076923076923,0,1,0,0,0,1,0,1,0,0,1,0,1,0,0
1097,-0.5,1,-0.3684210526315789,0.8333333333333334,0.75,0.6666666666666666,1.0,0.6792979193304661,0.9586332661483828,0.0,-0.8461538461538461,0,1,0,0,0,1,1,0,0,0,1,0,0,0,1
1098,0.0769230769230769,0,-0.5789473684210527,-0.125,2.75,2.6666666666666665,3.0,1.8470089715004283,3.16268355888281,2.0,-0.8846153846153846,0,0,0,1,0,1,0,0,0,0,0,0,0,1,0
1099,-0.9230769230769232,0,0.8421052631578947,1.875,0.0,0.0,0.0,-0.0283199306795726,0.0936750167962377,0.0,-0.4615384615384615,0,1,0,0,0,1,0,0,0,0,0,1,0,0,1
1100,0.9615384615384616,1,0.0526315789473684,-0.5833333333333334,-0.25,-0.3333333333333333,0.0,-0.2309976435281562,-0.2130722718111142,0.0,-0.3461538461538461,1,0,0,0,1,0,0,0,1,0,0,0,0,0,1
1101,-0.8076923076923077,0,0.4210526315789473,0.5416666666666666,0.75,0.3333333333333333,2.0,0.2099056354548625,0.9947211824551302,0.0,0.8846153846153846,0,0,0,0,0,1,0,0,1,0,0,1,1,0,0
1102,-0.3846153846153846,1,0.2105263157894736,-0.5,0.5,0.3333333333333333,1.0,0.2461720541460167,0.5167482483923601,1.0,-0.6923076923076923,0,1,0,0,0,1,1,0,0,0,0,0,0,0,1
1103,0.5,1,0.0526315789473684,-0.1666666666666666,1.5,2.0,0.0,2.0183234178352163,1.260389672713312,3.0,-0.5769230769230769,0,1,0,0,0,1,1,0,0,0,0,1,0,0,1
1104,0.0769230769230769,1,0.8947368421052632,-0.4166666666666667,0.25,0.3333333333333333,0.0,0.1124343516532288,-0.0099817640848449,0.0,0.1923076923076923,0,1,0,0,0,1,0,0,1,0,1,0,0,0,1
1105,0.1153846153846153,0,-0.3684210526315789,1.625,0.25,0.3333333333333333,0.0,-0.2092293386028129,0.0291774642480085,1.0,-0.4230769230769231,0,0,0,0,0,1,0,0,1,0,0,1,0,0,1
1106,0.7307692307692307,1,-0.3684210526315789,0.9166666666666666,2.25,2.6666666666666665,1.0,1.955808227573891,2.8156252999328157,1.0,1.3076923076923077,0,0,0,0,0,1,0,1,0,0,0,1,1,0,0
1107,-0.3076923076923077,1,0.0526315789473684,2.083333333333333,-0.25,-0.3333333333333333,0.0,-0.1515327634123403,-0.2744985123332373,0.0,0.5,0,1,0,0,0,1,0,1,0,0,0,1,1,0,0
1108,0.6153846153846154,2,0.2105263157894736,-0.5833333333333334,-0.25,-0.6666666666666666,1.0,-0.5284414527701754,-0.244169306075439,0.0,0.1538461538461538,0,0,1,0,0,0,0,0,1,0,0,0,0,0,1
1109,-0.0384615384615384,0,0.0,0.0,0.25,0.0,1.0,-0.0248961778660721,-0.072943660620021,1.0,-1.0,0,0,0,1,0,1,0,0,1,0,0,1,0,0,1
1110,-0.9615384615384616,0,0.4210526315789473,-0.25,0.0,0.0,0.0,0.0160620502361755,-0.0080621940685286,0.0,-0.1923076923076923,1,0,0,0,1,0,1,0,0,0,0,1,0,0,1
1111,-0.4615384615384615,1,0.631578947368421,0.0416666666666666,0.0,-0.3333333333333333,1.0,-0.1811207506895058,0.0971302428256071,0.0,0.0,0,0,0,0,0,1,1,0,0,1,0,0,0,0,1
1112,-0.7692307692307693,0,-0.1578947368421052,0.1666666666666666,-0.25,-0.3333333333333333,0.0,-0.3829530924730275,-0.4326710816777042,0.0,0.0384615384615384,0,0,0,0,0,1,0,1,0,1,0,0,0,0,1
1113,-0.7307692307692307,1,0.5789473684210527,0.25,0.0,-0.3333333333333333,1.0,-0.2859044942039247,0.0334005182839044,0.0,-0.0384615384615384,1,0,0,0,1,0,0,0,1,0,0,1,0,0,1
1114,0.8076923076923077,2,-0.631578947368421,0.5833333333333334,0.5,0.3333333333333333,1.0,0.2333646825103293,0.9455801900374318,1.0,-0.6538461538461539,0,0,0,1,0,1,0,1,0,0,0,1,0,0,1
1115,0.5769230769230769,0,0.631578947368421,2.083333333333333,0.5,0.3333333333333333,1.0,0.2640093836188222,0.8749400134369901,1.0,0.1538461538461538,0,1,0,0,0,1,0,0,1,0,1,0,1,0,0
1116,-0.1923076923076923,2,1.0,-0.5833333333333334,1.5,1.3333333333333333,2.0,1.2256189701267004,1.8043958153373645,2.0,0.5769230769230769,0,0,0,0,0,1,0,0,1,0,0,0,1,0,0
1117,0.7692307692307693,2,-0.7368421052631579,0.0416666666666666,0.0,0.0,0.0,-0.0642482009447021,-0.2814089643919761,0.0,0.0769230769230769,0,0,0,1,0,1,0,1,0,0,1,0,0,0,1
1118,0.8461538461538461,1,-0.4736842105263157,-0.4166666666666667,0.25,0.3333333333333333,0.0,-0.1601978168292245,0.4269123716287552,0.0,-0.1538461538461538,1,0,0,0,1,0,0,0,0,0,0,1,0,0,1
1119,-0.7692307692307693,0,1.5263157894736843,-0.4166666666666667,1.25,1.3333333333333333,1.0,0.7656948421797896,1.0093099145791342,3.0,-1.0384615384615383,0,1,0,0,0,1,0,0,0,0,0,1,0,0,1
1120,-0.4230769230769231,1,-1.105263157894737,0.375,-0.5,-0.6666666666666666,0.0,-0.6057083681168304,-0.6488146655149246,0.0,0.1923076923076923,0,0,0,1,0,1,0,0,0,0,0,0,0,0,0
1121,-0.3461538461538461,2,-0.1052631578947368,0.25,0.0,0.0,0.0,-0.0135259370409899,-0.0011517420097897,0.0,0.1538461538461538,0,1,0,0,0,1,0,0,1,0,1,0,1,0,0
1122,0.5,0,-1.105263157894737,1.625,-0.5,-0.6666666666666666,0.0,-0.6057083681168304,-0.6488146655149246,0.0,0.0769230769230769,1,0,0,0,1,0,0,0,1,0,1,0,0,0,0
1123,-0.6923076923076923,1,-1.105263157894737,0.1666666666666666,-0.5,-0.6666666666666666,0.0,-0.6057083681168304,-0.6488146655149246,0.0,-0.2692307692307692,0,0,0,1,0,1,0,1,0,1,0,0,0,0,0
1124,0.7692307692307693,1,-0.8947368421052632,-0.2916666666666667,0.75,1.0,0.0,1.0700284256020631,1.0311930127651403,0.0,-0.7692307692307693,0,1,0,0,0,1,1,0,0,0,1,0,0,0,1
1125,-0.0384615384615384,1,-0.3157894736842105,0.0833333333333333,-0.25,-0.3333333333333333,0.0,-0.3307514292054569,-0.1704578174488913,0.0,0.4615384615384615,1,0,0,0,1,0,0,0,0,1,0,0,1,0,0
1126,0.0384615384615384,1,0.4736842105263157,0.75,0.0,0.0,0.0,0.0407891538892352,-0.0721758326134945,0.0,-0.2692307692307692,0,1,0,0,0,1,0,0,0,1,0,0,0,0,1
1127,-0.3846153846153846,2,-0.5263157894736842,1.75,0.5,0.6666666666666666,0.0,0.3159574355668741,0.5497648526730012,1.0,0.2307692307692307,0,0,0,0,0,1,0,0,0,1,0,0,1,0,0
1128,-0.7692307692307693,1,-0.6842105263157895,0.375,-0.5,-0.6666666666666666,0.0,-0.6057083681168304,-0.6488146655149246,0.0,-0.1923076923076923,1,0,0,0,1,0,0,0,0,1,0,0,0,0,0
1129,0.6923076923076923,1,-0.1578947368421052,2.083333333333333,-0.5,-0.6666666666666666,0.0,-0.6057083681168304,-0.6488146655149246,0.0,-0.1153846153846153,1,0,0,0,1,0,0,1,0,1,0,0,0,0,0
1130,0.3846153846153846,1,1.4210526315789471,0.375,3.25,3.6666666666666665,2.0,4.79684676592732,3.8990306171417606,1.0,0.8846153846153846,0,0,1,0,0,0,1,0,0,0,0,0,0,1,0
1131,0.5,2,-0.631578947368421,-0.2916666666666667,-0.5,-0.6666666666666666,0.0,-0.6057083681168304,-0.6488146655149246,0.0,0.8846153846153846,0,0,0,0,0,1,0,0,1,0,0,0,0,0,0
1132,-0.0384615384615384,0,0.3157894736842105,-0.4166666666666667,0.25,0.3333333333333333,0.0,-0.1037692982363446,0.0725597466167578,1.0,-0.1923076923076923,0,0,0,1,0,1,1,0,0,1,0,0,0,0,1
1133,0.4615384615384615,1,0.1052631578947368,-0.4166666666666667,0.0,-0.3333333333333333,1.0,-0.1578307778470512,0.0794701986754967,1.0,0.1923076923076923,0,0,1,0,0,0,0,0,0,0,0,1,1,0,0
1134,-0.6538461538461539,1,-0.2105263157894736,-0.5833333333333334,0.75,1.0,0.0,0.49707818625638,0.516364334389097,1.0,0.5769230769230769,1,0,0,0,1,0,0,1,0,0,0,1,1,0,0
1135,-0.1923076923076923,1,0.9473684210526316,-0.5,0.75,1.0,0.0,1.021630932127271,1.0077742585660812,0.0,-0.5384615384615384,0,0,1,0,0,0,0,1,0,0,1,0,0,0,1
1136,0.0769230769230769,0,0.1052631578947368,-0.2083333333333333,0.25,0.0,1.0,-0.0189363118573858,0.5232747864478358,0.0,-0.2692307692307692,0,0,0,0,0,1,1,0,0,0,0,1,0,0,1
1137,-0.1923076923076923,2,-0.0526315789473684,2.0416666666666665,0.0,0.0,0.0,-0.0090877389494151,-0.0602744985123332,0.0,-0.1538461538461538,0,1,0,0,0,1,0,0,0,1,0,0,0,0,1
1138,-0.6153846153846154,1,1.0,-0.5416666666666666,1.0,0.6666666666666666,2.0,1.087231726776072,0.8281025050388713,1.0,-1.0769230769230769,0,1,0,0,0,1,0,0,0,0,1,0,0,0,1
1139,-0.5769230769230769,2,0.0,-0.4583333333333333,1.75,1.6666666666666667,2.0,1.8220705250811031,1.0480852289087246,1.0,-1.0,0,0,0,0,0,1,0,1,0,1,0,0,0,0,1
1140,0.1153846153846153,0,0.7894736842105263,-0.5,0.5,0.6666666666666666,0.0,0.7792207792207795,0.2863998464343987,1.0,-1.1923076923076923,0,0,1,0,0,0,0,1,0,1,0,0,0,0,1
1141,-0.6923076923076923,0,0.2631578947368421,-0.5833333333333334,0.0,0.0,0.0,0.0587532890218,-0.0660332085612822,0.0,0.1153846153846153,0,1,0,0,0,1,0,0,0,0,0,0,1,0,0
1142,0.8461538461538461,2,0.8421052631578947,0.9583333333333334,-0.25,-0.3333333333333333,0.0,-0.284256020627054,-0.5743353488818504,0.0,-0.8846153846153846,0,1,0,0,0,1,0,0,0,0,0,1,0,0,1
1143,-0.5384615384615384,0,-0.3684210526315789,0.0,1.75,1.0,4.0,0.7717815138482349,1.516844226893176,4.0,-0.1923076923076923,0,0,0,1,0,1,0,0,0,0,0,0,0,1,0
1144,-0.1538461538461538,1,1.5263157894736843,-0.5,0.5,0.6666666666666666,0.0,0.6845392199338498,0.807755062865918,1.0,0.1923076923076923,0,0,1,0,0,0,0,0,1,0,0,1,1,0,0
1145,-0.7307692307692307,0,-0.4210526315789473,0.2083333333333333,1.25,1.6666666666666667,0.0,1.376898122219522,1.151742009789807,2.0,0.3461538461538461,0,0,0,1,0,1,0,0,1,0,1,0,1,0,0
1146,0.1538461538461538,2,-0.6842105263157895,-0.375,-0.5,-0.6666666666666666,0.0,-0.6057083681168304,-0.6488146655149246,0.0,-0.7692307692307693,1,0,0,0,1,0,0,0,1,0,0,1,0,0,0
1147,0.1153846153846153,0,-0.4210526315789473,0.0,1.0,1.3333333333333333,0.0,1.238679953081906,0.8415394951530858,0.0,-0.3461538461538461,0,0,0,1,0,1,0,0,0,0,1,0,0,0,1
1148,-0.1923076923076923,1,0.1052631578947368,-0.5416666666666666,0.25,0.3333333333333333,0.0,0.1156044931472107,-0.2364910260101736,0.0,-0.5384615384615384,0,0,0,0,0,1,0,1,0,0,0,0,0,0,1
1149,-0.5384615384615384,1,-0.6842105263157895,-0.5416666666666666,-0.25,-0.3333333333333333,0.0,-0.5000369849840965,-0.4637681159420289,0.0,-0.4615384615384615,0,0,0,0,0,1,0,0,1,1,0,0,0,0,1
1150,-0.0384615384615384,0,-0.1052631578947368,-0.25,0.5,0.3333333333333333,1.0,0.3492227869770588,0.3455226029369421,1.0,0.0384615384615384,0,1,0,0,0,1,0,0,0,0,0,1,0,0,1
1151,0.0769230769230769,2,0.0,-0.4166666666666667,0.0,0.0,0.0,0.0593873173205963,-0.4280641136385449,0.0,0.4615384615384615,1,0,0,0,1,0,0,0,0,0,0,1,1,0,0
1152,-0.0769230769230769,2,-0.1578947368421052,-0.5,0.25,0.3333333333333333,0.0,0.7959168577557513,0.3328534408292543,1.0,-0.1153846153846153,0,0,1,0,0,0,0,1,0,0,1,0,0,0,1
1153,-0.3076923076923077,2,-0.0526315789473684,0.0,0.0,0.0,0.0,-0.1785846374943202,-0.5321048085228909,0.0,0.8076923076923077,1,0,0,0,1,0,0,0,1,1,0,0,1,0,0
1154,-0.5384615384615384,0,-0.1052631578947368,-0.1666666666666666,3.0,2.6666666666666665,4.0,2.316697135248804,2.3821863902485845,1.0,0.1923076923076923,0,0,0,1,0,1,0,0,1,1,0,0,0,1,0
1155,0.1538461538461538,2,0.0526315789473684,-0.0416666666666666,0.75,0.3333333333333333,2.0,-0.044762397895026,0.6945004319032538,1.0,0.4615384615384615,0,0,0,0,0,1,0,0,0,0,1,0,1,0,0
1156,-0.7692307692307693,0,-1.105263157894737,0.125,-0.25,-0.3333333333333333,0.0,-0.2075385964726892,-0.6077358671657548,1.0,0.0,0,0,0,1,0,1,0,1,0,1,0,0,0,0,1
1157,-0.6153846153846154,1,-0.631578947368421,-0.2916666666666667,1.25,1.3333333333333333,1.0,1.0335083955913902,1.0979940493329494,1.0,-0.7307692307692307,0,0,0,0,0,1,0,0,0,0,0,1,0,0,1
1158,-0.8461538461538461,2,-0.5263157894736842,-0.0833333333333333,0.75,0.6666666666666666,1.0,0.3529001511100779,0.8806987234859394,2.0,0.2307692307692307,0,0,0,1,0,1,0,0,1,0,0,0,1,0,0
1159,0.0384615384615384,1,0.0,0.0833333333333333,0.0,0.0,0.0,-0.2050024832775036,-0.2975333525290334,1.0,0.7692307692307693,1,0,0,0,1,0,1,0,0,1,0,0,1,0,0
1160,-0.7692307692307693,2,-0.1578947368421052,-0.375,0.0,0.0,0.0,0.013103251508459,-0.2514636721374412,0.0,-0.3461538461538461,0,0,0,1,0,1,0,0,1,0,0,0,0,0,1
1161,0.0,1,0.2631578947368421,-0.4166666666666667,1.25,1.3333333333333333,1.0,1.1864782898143356,1.2964775890200595,0.0,1.3461538461538465,0,1,0,0,0,1,0,1,0,0,0,0,1,0,0
1162,0.8076923076923077,0,0.3157894736842105,0.125,-0.25,-0.3333333333333333,0.0,-0.4634746864201706,-0.4921777521835108,0.0,-0.0384615384615384,0,0,0,1,0,1,1,0,0,1,0,0,0,0,1
1163,-0.5384615384615384,1,0.0,1.125,0.25,0.3333333333333333,0.0,0.615430135365042,0.1792878395239467,1.0,0.0,0,1,0,0,0,1,0,0,1,0,0,1,0,0,1
1164,-0.9615384615384616,0,1.5263157894736843,1.5,0.75,0.6666666666666666,1.0,1.479061215432249,0.7198387561186295,0.0,0.3461538461538461,0,0,1,0,0,0,0,0,1,0,0,0,1,0,0
1165,0.1538461538461538,2,-0.6842105263157895,-0.5833333333333334,2.0,2.6666666666666665,0.0,1.92490991514588,2.875899798445148,1.0,0.3461538461538461,1,0,0,0,1,0,0,1,0,1,0,0,1,0,0
1166,-0.0769230769230769,2,-0.4736842105263157,0.0833333333333333,2.0,1.6666666666666667,3.0,1.4637599991546293,1.848929839715904,1.0,-1.1538461538461535,0,0,0,1,0,1,1,0,0,1,0,0,0,0,1
1167,-0.9615384615384616,1,0.4736842105263157,2.083333333333333,0.5,0.3333333333333333,1.0,0.5447571143258695,0.4933294941933007,0.0,-0.1538461538461538,0,1,0,0,0,1,0,0,1,0,0,0,0,0,1
1168,0.1923076923076923,2,0.7368421052631579,-0.3333333333333333,1.25,1.6666666666666667,0.0,1.1710502678769568,1.07572703714368,1.0,-0.5,0,1,0,0,0,1,0,0,0,0,1,0,0,0,1
1169,-0.5,1,-0.1052631578947368,0.6666666666666666,0.0,-0.3333333333333333,1.0,-0.1770629695772088,-0.0245704962088492,0.0,0.3461538461538461,0,0,0,1,0,1,0,1,0,0,0,1,1,0,0
1170,-0.9230769230769232,1,0.2105263157894736,0.8333333333333334,0.0,0.0,0.0,-0.1050373548339374,-0.0023034840195795,1.0,-0.2692307692307692,1,0,0,0,1,0,0,0,0,0,1,0,0,0,1
1171,-0.9230769230769232,0,-0.2631578947368421,1.25,-0.25,-0.3333333333333333,0.0,-0.408525567191149,-0.4783568480660331,1.0,-0.3076923076923077,1,0,0,0,1,0,0,0,0,0,1,0,0,0,1
1172,-0.8461538461538461,0,-1.105263157894737,2.0416666666666665,-0.5,-0.6666666666666666,0.0,-0.6057083681168304,-0.6488146655149246,0.0,-0.8846153846153846,1,0,0,0,1,0,0,0,1,0,0,0,0,0,0
1173,0.8461538461538461,2,1.368421052631579,-0.5833333333333334,0.25,0.3333333333333333,0.0,0.1318778861496518,0.3462904309434688,1.0,-0.4230769230769231,1,0,0,0,1,0,0,0,1,0,0,1,0,0,1
1174,0.2692307692307692,2,0.3157894736842105,1.0,0.5,0.3333333333333333,1.0,-0.1043610579818879,0.3785392072175834,0.0,0.8461538461538461,1,0,0,0,1,0,0,0,0,1,0,0,1,0,0
1175,0.0769230769230769,2,1.5263157894736843,-0.2083333333333333,0.25,0.0,1.0,0.1640865237285092,-0.1393607831845666,1.0,-0.5769230769230769,0,0,1,0,0,0,0,0,1,0,0,1,0,0,1
1176,0.1923076923076923,1,-0.0526315789473684,-0.5,-0.25,-0.3333333333333333,0.0,-0.2958798727716548,-0.2268931759285919,1.0,1.0,1,0,0,0,1,0,1,0,0,1,0,0,1,0,0
1177,-0.9230769230769232,1,-0.2105263157894736,1.0,0.0,0.0,0.0,-0.2157809643570425,0.0744793166330742,0.0,0.8461538461538461,1,0,0,0,1,0,0,0,0,0,0,1,1,0,0
1178,-0.4230769230769231,2,-0.9473684210526316,-0.2916666666666667,-0.25,-0.6666666666666666,1.0,-0.5474200331808144,-0.3274786447835685,0.0,1.3846153846153846,1,0,0,0,1,0,1,0,0,0,1,0,1,0,0
1179,0.8076923076923077,2,0.1578947368421052,2.083333333333333,-0.25,-0.6666666666666666,1.0,-0.554943835659865,-0.2011709377099529,0.0,-0.3076923076923077,0,0,0,0,0,1,0,1,0,1,0,0,0,0,1
1180,0.5384615384615384,1,-0.2105263157894736,-0.5,-0.5,-0.6666666666666666,0.0,-0.6057083681168304,-0.6488146655149246,0.0,-1.4230769230769231,0,1,0,0,0,1,0,0,1,0,0,1,0,0,0
1181,-0.5,1,1.0,1.875,-0.5,-0.6666666666666666,0.0,-0.6057083681168304,-0.6488146655149246,0.0,-0.3461538461538461,0,1,0,0,0,1,0,0,1,1,0,0,0,0,0
1182,-0.3846153846153846,1,0.4210526315789473,-0.5833333333333334,2.0,2.6666666666666665,0.0,1.828114928196296,2.232843842979173,0.0,-0.5769230769230769,0,0,0,0,0,1,0,0,1,0,0,0,0,0,1
1183,0.6923076923076923,1,-0.2631578947368421,0.3333333333333333,1.0,1.0,1.0,1.0728604186700204,1.027737786735771,1.0,-0.8461538461538461,0,0,0,0,0,1,0,0,1,0,1,0,0,0,1
1184,-0.6923076923076923,2,-0.6842105263157895,-0.5833333333333334,-0.5,-0.6666666666666666,0.0,-0.6057083681168304,-0.6488146655149246,0.0,-0.0384615384615384,1,0,0,0,1,0,0,0,1,0,1,0,0,0,0
1185,-0.1538461538461538,0,-0.7894736842105263,-0.25,0.75,1.0,0.0,0.5600583306034893,1.0642096170457818,0.0,-1.1538461538461535,0,0,0,0,0,1,1,0,0,0,0,0,0,0,1
1186,0.5,2,-0.631578947368421,-0.5,0.0,0.0,0.0,0.0219796476916086,-0.1021211248680295,0.0,0.8076923076923077,0,0,0,1,0,1,0,0,1,0,0,0,1,0,0
1187,-0.7307692307692307,2,-0.1578947368421052,-0.2083333333333333,0.0,0.0,0.0,0.0169074213012374,-0.2376427680199634,1.0,0.6153846153846154,0,0,1,0,0,0,0,0,1,0,0,0,1,0,0
1188,-0.4615384615384615,0,0.2631578947368421,1.5833333333333333,2.0,2.0,2.0,2.9061743789164467,1.977157116805836,2.0,-0.1923076923076923,0,0,1,0,0,0,1,0,0,0,1,0,0,1,0
1189,0.8076923076923077,1,0.631578947368421,1.0416666666666667,0.25,0.3333333333333333,0.0,0.0663616286073568,0.2119205298013246,1.0,-0.6538461538461539,1,0,0,0,1,0,1,0,0,0,1,0,0,0,1
1190,-0.5,0,1.5263157894736843,0.2083333333333333,0.25,0.0,1.0,0.4168102036287555,-0.0153565601305307,0.0,0.7692307692307693,0,0,1,0,0,0,0,0,1,1,0,0,1,0,0
1191,-0.2692307692307692,2,0.2105263157894736,-0.5833333333333334,0.25,0.0,1.0,0.1574926294210265,0.1827430655533162,1.0,0.3076923076923077,0,0,0,0,0,1,0,0,1,0,1,0,1,0,0
1192,-0.0769230769230769,2,0.4736842105263157,0.3333333333333333,0.0,0.0,0.0,-0.1297644584869971,-0.1117189749496112,0.0,-0.7307692307692307,1,0,0,0,1,0,0,0,0,0,1,0,0,0,1
1193,0.0769230769230769,0,-1.105263157894737,1.0833333333333333,0.0,-0.3333333333333333,1.0,-0.1447275263385922,-0.1113350609463479,0.0,0.1538461538461538,0,1,0,0,0,1,0,1,0,1,0,0,1,0,0
1194,-0.6153846153846154,1,-0.1578947368421052,-0.5416666666666666,0.75,1.0,0.0,0.9007428698234234,1.0104616565889242,3.0,0.3846153846153846,1,0,0,0,1,0,0,0,1,0,0,0,1,0,0
1195,0.9230769230769232,1,0.5789473684210527,1.75,1.75,2.0,1.0,2.2567603267359173,2.450139168826183,1.0,1.1923076923076923,1,0,0,0,1,0,0,0,1,1,0,0,1,0,0
1196,0.4230769230769231,1,1.5263157894736843,-0.25,-0.25,-0.3333333333333333,0.0,-0.0887639618314964,-0.3800748632306363,0.0,-0.8846153846153846,0,1,0,0,0,1,0,1,0,0,0,1,0,0,1
1197,-0.2307692307692307,2,0.1052631578947368,0.125,0.0,-0.3333333333333333,1.0,-0.2406771422231146,-0.2418658220558594,0.0,0.3461538461538461,0,0,0,1,0,1,1,0,0,0,0,1,1,0,0
1198,0.5384615384615384,1,-0.2631578947368421,-0.125,0.0,0.0,0.0,-0.1287077446556698,-0.0191957001631634,0.0,0.0,0,0,0,1,0,1,0,1,0,1,0,0,0,0,1
1199,0.9615384615384616,2,-1.105263157894737,-0.2083333333333333,-0.25,-0.3333333333333333,0.0,-0.4338866991430052,-0.4875707841443516,0.0,0.4230769230769231,0,0,0,1,0,1,1,0,0,1,0,0,1,0,0
1200,-0.7692307692307693,1,-0.4210526315789473,-0.2916666666666667,0.0,-0.3333333333333333,1.0,-0.2528927541132585,-0.1408964391976196,0.0,0.6538461538461539,0,0,0,0,0,1,0,1,0,0,0,1,1,0,0
1201,-0.2692307692307692,1,-0.5789473684210527,0.75,0.5,0.6666666666666666,0.0,0.5877442329842656,-0.0310970342643247,0.0,-0.3076923076923077,0,0,0,1,0,1,1,0,0,0,0,0,0,0,1
1202,-0.9230769230769232,1,-0.7894736842105263,0.875,-0.5,-0.6666666666666666,0.0,-0.6057083681168304,-0.6488146655149246,0.0,-1.0,0,1,0,0,0,1,0,0,0,0,0,1,0,0,0
1203,0.2692307692307692,1,-1.0,-0.375,0.25,-0.3333333333333333,2.0,-0.3544640875804424,0.0491409924176984,1.0,0.7692307692307693,1,0,0,0,1,0,1,0,0,0,0,0,1,0,0
1204,-0.1153846153846153,1,-0.1578947368421052,-0.5833333333333334,1.75,2.333333333333333,0.0,2.010292392717129,2.146463192244937,1.0,-0.7307692307692307,0,0,0,1,0,1,0,0,1,0,0,0,0,0,1
1205,0.8461538461538461,1,0.4210526315789473,-0.25,-0.5,-0.6666666666666666,0.0,-0.6057083681168304,-0.6488146655149246,0.0,0.1923076923076923,0,0,0,1,0,1,1,0,0,1,0,0,0,0,0
1206,0.4230769230769231,2,-0.5263157894736842,-0.5833333333333334,-0.5,-0.6666666666666666,0.0,-0.6057083681168304,-0.6488146655149246,0.0,0.0,0,0,0,1,0,1,1,0,0,0,1,0,0,0,0
1207,0.6923076923076923,1,-0.1578947368421052,0.0,-0.25,-0.3333333333333333,0.0,-0.3914068031236462,-0.3727804971686341,0.0,0.5769230769230769,0,0,0,1,0,1,0,0,0,1,0,0,1,0,0
1208,0.4615384615384615,1,-0.6842105263157895,-0.3333333333333333,-0.25,-0.3333333333333333,0.0,-0.4581911172635339,-0.5056147422977253,0.0,0.0384615384615384,0,0,0,1,0,1,0,1,0,0,0,1,0,0,0
1209,0.0384615384615384,1,-0.4736842105263157,0.9583333333333334,-0.25,-0.3333333333333333,0.0,-0.3360349983620936,-0.3708609271523178,0.0,0.3076923076923077,1,0,0,0,1,0,0,0,1,0,0,0,1,0,0
1210,-0.4615384615384615,0,0.7894736842105263,0.0416666666666666,5.0,6.333333333333333,1.0,4.978221127936345,6.924656876859584,2.0,0.3076923076923077,1,0,0,0,1,0,1,0,0,0,0,0,0,1,0
1211,0.3076923076923077,0,-0.0526315789473684,2.083333333333333,0.5,0.3333333333333333,1.0,0.3254678600488203,0.6553412035704003,0.0,-0.8461538461538461,0,0,0,1,0,1,0,1,0,0,0,1,0,0,1
1212,0.8076923076923077,0,-0.1052631578947368,-0.0833333333333333,1.0,1.0,1.0,1.0773831538681014,0.4856512141280354,0.0,-0.4230769230769231,1,0,0,0,1,0,0,0,0,0,1,0,0,0,1
1213,-0.6538461538461539,2,0.0526315789473684,0.1666666666666666,0.5,0.3333333333333333,1.0,-0.0644172751577145,0.6568768595834533,0.0,0.1923076923076923,1,0,0,0,1,0,0,0,0,0,0,0,1,0,0
1214,0.8461538461538461,1,1.5263157894736843,-0.25,1.25,1.3333333333333333,1.0,1.7349550368264774,1.4615606104232652,2.0,-0.1153846153846153,0,0,1,0,0,0,0,0,1,0,0,1,0,1,0
1215,-0.0769230769230769,2,0.7368421052631579,-0.5833333333333334,1.5,1.6666666666666667,1.0,2.1968657867762835,0.9928016124388136,4.0,-0.9615384615384616,0,0,1,0,0,0,0,0,1,0,0,1,0,1,0
1216,-0.2307692307692307,0,0.5263157894736842,-0.375,-0.25,-0.3333333333333333,0.0,-0.2405080680101022,-0.2391784240330165,0.0,-0.7307692307692307,0,0,0,0,0,1,1,0,0,0,0,1,0,0,1
1217,-0.6153846153846154,2,1.5263157894736843,0.5833333333333334,0.0,0.0,0.0,-0.1092642101592468,0.0752471446396007,0.0,0.8846153846153846,0,1,0,0,0,1,0,0,1,1,0,0,1,0,0
1218,-0.5384615384615384,2,0.1578947368421052,0.4583333333333333,-0.25,-0.3333333333333333,0.0,-0.1540688766075259,-0.3251751607639888,0.0,-0.4615384615384615,0,1,0,0,0,1,0,0,1,1,0,0,0,0,1
1219,-0.8076923076923077,1,-0.5263157894736842,-0.2916666666666667,-0.5,-0.6666666666666666,0.0,-0.6057083681168304,-0.6488146655149246,0.0,0.1923076923076923,0,0,0,0,0,1,0,1,0,1,0,0,0,0,0
1220,-0.1538461538461538,0,0.2631578947368421,1.25,2.75,3.333333333333333,1.0,2.67817780266926,3.259429887705154,1.0,0.1923076923076923,1,0,0,0,1,0,0,0,0,1,0,0,0,1,0
1221,0.8846153846153846,0,0.0526315789473684,-0.2916666666666667,-0.25,-0.3333333333333333,0.0,-0.4632633436539052,-0.3693252711392647,1.0,-0.3461538461538461,1,0,0,0,1,0,0,0,0,1,0,0,0,0,1
1222,0.6538461538461539,2,-0.5263157894736842,-0.1666666666666666,-0.5,-0.6666666666666666,0.0,-0.6057083681168304,-0.6488146655149246,0.0,-0.6153846153846154,0,0,0,1,0,1,0,1,0,1,0,0,0,0,0
1223,0.3461538461538461,1,-0.2631578947368421,1.625,0.0,0.0,0.0,0.1407542823328015,0.1151742009789807,0.0,0.5384615384615384,0,0,0,0,0,1,1,0,0,1,0,0,1,0,0
1224,0.4230769230769231,2,0.6842105263157895,-0.375,-0.25,-0.3333333333333333,0.0,-0.4501600921454462,-0.234187541990594,0.0,1.5,0,0,1,0,0,0,0,0,1,0,0,1,1,0,0
1225,0.3461538461538461,2,-0.3157894736842105,0.7083333333333334,0.0,0.0,0.0,0.1927446028341065,0.0422305403589596,0.0,0.1923076923076923,0,0,0,1,0,1,0,0,0,0,0,0,1,0,0
1226,-0.6923076923076923,2,0.8947368421052632,0.0,0.25,0.3333333333333333,0.0,0.7060961820929275,0.271043286303868,2.0,0.6153846153846154,0,0,1,0,0,0,0,0,1,0,1,0,1,0,0
1227,0.7692307692307693,2,0.3684210526315789,-0.5416666666666666,0.5,0.6666666666666666,0.0,0.4091595954899455,0.4729820520203475,1.0,0.5384615384615384,0,1,0,0,0,1,0,0,1,1,0,0,1,0,0
1228,-0.8846153846153846,0,0.0526315789473684,-0.0416666666666666,-0.25,-0.3333333333333333,0.0,-0.2411420963088986,-0.2764180823495537,0.0,0.2692307692307692,0,0,0,1,0,1,1,0,0,0,0,0,0,0,1
1229,-0.9230769230769232,2,1.2105263157894737,2.083333333333333,-0.25,-0.3333333333333333,0.0,-0.451005463210508,-0.1531816873020443,1.0,0.3076923076923077,1,0,0,0,1,0,0,1,0,0,0,1,1,0,0
1230,-0.7307692307692307,2,-0.4736842105263157,-0.25,1.0,1.0,1.0,1.1664429955723694,0.9551780401190134,3.0,0.6923076923076923,0,0,1,0,0,0,1,0,0,0,1,0,1,0,0
1231,0.9230769230769232,1,1.1578947368421053,-0.375,0.25,0.3333333333333333,0.0,0.3751334101212051,0.3562721950283137,0.0,0.8076923076923077,0,0,0,0,0,1,1,0,0,0,1,0,1,0,0
1232,-0.8461538461538461,2,-0.2631578947368421,0.6666666666666666,1.75,2.333333333333333,0.0,2.1108915494594918,1.566753047317401,0.0,0.7692307692307693,0,1,0,0,0,1,0,0,0,0,0,1,1,0,0
1233,-0.2307692307692307,0,0.7894736842105263,2.083333333333333,0.0,-0.3333333333333333,1.0,-0.3165491953124175,0.2913907284768212,1.0,0.0769230769230769,0,0,1,0,0,0,1,0,0,0,0,0,1,0,0
1234,-0.3461538461538461,0,-0.631578947368421,-0.5416666666666666,0.25,0.0,1.0,-0.1331036741939915,0.0203474421729533,1.0,-0.6153846153846154,0,0,0,0,0,1,0,0,1,0,0,0,0,0,1
1235,0.4615384615384615,1,-0.4210526315789473,-0.5833333333333334,0.0,0.0,0.0,-0.1756258387666036,-0.4549380938669737,0.0,-0.9230769230769232,0,0,0,1,0,1,0,1,0,1,0,0,0,0,1
1236,-0.1923076923076923,0,0.5789473684210527,0.5,0.25,0.0,1.0,0.013610474147496,-0.3677896151262116,0.0,0.3461538461538461,0,0,1,0,0,0,0,0,1,1,0,0,1,0,0
1237,0.5769230769230769,1,0.1052631578947368,-0.4166666666666667,-0.5,-0.6666666666666666,0.0,-0.6057083681168304,-0.6488146655149246,0.0,0.7307692307692307,1,0,0,0,1,0,1,0,0,0,0,0,0,0,0
1238,0.6153846153846154,1,-0.5789473684210527,0.75,1.25,1.3333333333333333,1.0,1.0480910464637074,1.57251175736635,2.0,1.7307692307692308,0,0,0,1,0,1,0,1,0,0,0,1,1,0,0
1239,-0.4615384615384615,1,-0.4736842105263157,-0.5833333333333334,2.25,2.6666666666666665,1.0,2.413449853645135,1.837412419618006,1.0,0.3076923076923077,0,0,0,1,0,1,0,0,0,0,0,1,0,1,0
1240,0.3846153846153846,0,-0.1052631578947368,0.4166666666666667,0.25,0.3333333333333333,0.0,-0.1297644584869971,0.03992705633938,2.0,0.4230769230769231,1,0,0,0,1,0,0,0,1,0,0,0,1,0,0
1241,0.6153846153846154,1,0.1052631578947368,0.8333333333333334,-0.25,-0.3333333333333333,0.0,-0.4269123878562447,-0.3566561090315769,0.0,0.1923076923076923,0,0,0,0,0,1,0,0,1,0,0,0,1,0,0
1242,-0.3461538461538461,2,-0.2105263157894736,-0.5,-0.5,-0.6666666666666666,0.0,-0.6057083681168304,-0.6488146655149246,0.0,-0.8076923076923077,0,0,0,1,0,1,1,0,0,1,0,0,0,0,0
1243,-0.2692307692307692,1,-0.0526315789473684,-0.4583333333333333,-0.25,-0.3333333333333333,0.0,-0.4127524225164584,-0.1604760533640463,0.0,0.3076923076923077,0,0,0,1,0,1,0,0,1,0,1,0,1,0,0
1244,0.7307692307692307,1,0.4210526315789473,1.5,-0.25,-0.3333333333333333,0.0,-0.5013050415816893,-0.3470582589499952,0.0,-0.1538461538461538,1,0,0,0,1,0,1,0,0,0,1,0,0,0,1
1245,0.2692307692307692,0,-0.6842105263157895,-0.375,2.0,2.333333333333333,1.0,2.4573246119218464,2.1211248680295616,0.0,0.0769230769230769,0,0,0,1,0,1,1,0,0,0,0,1,0,1,0
1246,0.6538461538461539,0,1.5263157894736843,0.8333333333333334,1.5,2.0,0.0,2.510329377701225,1.0642096170457818,1.0,0.3076923076923077,0,1,0,0,0,1,0,0,0,0,0,1,1,0,0
1247,-0.9230769230769232,2,-0.5263157894736842,-0.5833333333333334,0.25,0.3333333333333333,0.0,0.3717519258609577,0.1009693828582398,0.0,0.3461538461538461,0,0,0,0,0,1,0,0,1,0,1,0,1,0,0
1248,0.6923076923076923,1,0.5263157894736842,0.0416666666666666,3.0,3.333333333333333,2.0,2.8907886255323203,3.546213648142816,3.0,-1.0384615384615383,0,0,1,0,0,0,0,1,0,1,0,0,0,1,0
1249,0.9615384615384616,2,-0.2631578947368421,0.5,3.75,5.0,0.0,5.348451385880192,4.455322007870237,1.0,0.1538461538461538,0,0,1,0,0,0,0,0,1,0,0,0,0,1,0
1250,-0.1153846153846153,0,0.0526315789473684,0.125,-0.5,-0.6666666666666666,0.0,-0.6057083681168304,-0.6488146655149246,0.0,0.5384615384615384,0,0,1,0,0,0,0,1,0,0,0,1,0,0,0
1251,-0.6923076923076923,0,-0.2631578947368421,0.125,-0.25,-0.3333333333333333,0.0,-0.0779854807519576,-0.4173145215471733,0.0,-0.8846153846153846,0,0,1,0,0,0,0,0,0,0,0,1,0,0,1
1252,0.8461538461538461,1,0.2105263157894736,1.2916666666666667,0.0,-0.3333333333333333,1.0,-0.1411769678653324,-0.3320856128227276,0.0,-0.9615384615384616,0,1,0,0,0,1,1,0,0,0,0,1,0,0,1
1253,0.5769230769230769,0,-0.4210526315789473,-0.375,0.25,0.3333333333333333,0.0,0.2421988101402259,0.467991169977925,0.0,0.7307692307692307,0,0,0,1,0,1,0,0,0,0,1,0,1,0,0
1254,-0.3076923076923077,0,0.3684210526315789,-0.1666666666666666,0.0,0.0,0.0,0.1297644584869971,-0.003071312026106,0.0,1.2307692307692308,0,0,1,0,0,0,0,0,1,0,1,0,1,0,0
1255,-0.6923076923076923,0,-0.0526315789473684,0.7916666666666666,-0.5,-0.6666666666666666,0.0,-0.6057083681168304,-0.6488146655149246,0.0,0.6923076923076923,1,0,0,0,1,0,0,0,0,1,0,0,0,0,0
1256,0.6923076923076923,2,0.1052631578947368,-0.375,1.25,1.6666666666666667,0.0,1.1380807963395436,1.7617813609751416,2.0,-0.1153846153846153,0,0,0,1,0,1,0,0,1,0,1,0,0,0,1
1257,-0.6538461538461539,0,0.4210526315789473,0.1666666666666666,0.75,0.6666666666666666,1.0,0.9636384770640266,0.8810826374892026,0.0,0.0769230769230769,0,0,1,0,0,0,1,0,0,0,1,0,1,0,0
1258,0.7307692307692307,2,1.5263157894736843,-0.5416666666666666,-0.5,-0.6666666666666666,0.0,-0.6057083681168304,-0.6488146655149246,0.0,-0.0769230769230769,0,0,1,0,0,0,0,1,0,0,0,1,0,0,0
1259,-0.1923076923076923,0,0.2631578947368421,-0.2916666666666667,0.25,0.0,1.0,0.1092642101592467,0.687589979844515,0.0,0.2307692307692307,0,0,1,0,0,0,1,0,0,1,0,0,1,0,0
1260,0.1538461538461538,0,-0.3157894736842105,-0.2083333333333333,-0.5,-0.6666666666666666,0.0,-0.6057083681168304,-0.6488146655149246,0.0,-0.2307692307692307,0,0,0,1,0,1,0,0,1,0,0,1,0,0,0
1261,0.0384615384615384,2,-0.3157894736842105,-0.1666666666666666,1.25,1.6666666666666667,0.0,1.5531579892849223,1.4285440061426242,1.0,0.1153846153846153,0,0,0,0,0,1,1,0,0,1,0,0,0,0,1
1262,-0.1538461538461538,1,-0.0526315789473684,0.4166666666666667,0.5,0.6666666666666666,0.0,0.7595659019580908,1.0526921969478835,4.0,-1.1923076923076923,0,1,0,0,0,1,0,0,0,0,0,0,0,0,1
1263,-0.5,1,0.5789473684210527,-0.5,-0.25,-0.3333333333333333,0.0,-0.376401466718798,-0.2698915442940781,0.0,0.8846153846153846,0,1,0,0,0,1,1,0,0,0,0,1,1,0,0
1264,-0.9230769230769232,0,-0.5263157894736842,0.1666666666666666,-0.25,-0.3333333333333333,0.0,-0.3662570139380555,-0.3343890968423073,0.0,-0.8461538461538461,0,0,1,0,0,0,0,0,1,1,0,0,0,0,1
1265,-0.7307692307692307,0,1.1578947368421053,0.7916666666666666,2.75,3.333333333333333,1.0,2.9349592636818027,2.188693732603897,1.0,0.5384615384615384,0,1,0,0,0,1,1,0,0,0,1,0,0,1,0
1266,0.9615384615384616,1,-0.7368421052631579,1.4166666666666667,-0.25,-0.3333333333333333,0.0,-0.2324770428920144,-0.2710432863038678,0.0,-1.0,0,0,0,1,0,1,0,1,0,0,0,0,0,0,1
1267,0.4615384615384615,1,-1.105263157894737,1.2083333333333333,-0.25,-0.3333333333333333,0.0,-0.2929210740439382,-0.2234379498992225,0.0,-0.8076923076923077,1,0,0,0,1,0,0,0,1,0,0,0,0,0,1
1268,0.7307692307692307,1,-0.2631578947368421,-0.2916666666666667,0.0,0.0,0.0,-0.025783817484387,-0.0460696803915922,1.0,-0.7307692307692307,0,0,0,0,0,1,0,0,1,0,1,0,0,0,1
1269,0.5384615384615384,2,-0.9473684210526316,-0.125,-0.5,-0.6666666666666666,0.0,-0.6057083681168304,-0.6488146655149246,0.0,0.0384615384615384,0,0,0,0,0,1,0,0,1,1,0,0,0,0,0
1270,0.3846153846153846,1,0.9473684210526316,0.625,-0.25,-0.3333333333333333,0.0,-0.3675250705356483,-0.5931471350417507,0.0,-0.9230769230769232,0,0,1,0,0,0,0,1,0,0,0,1,0,0,1
1271,0.8846153846153846,0,-0.2105263157894736,0.875,0.25,0.3333333333333333,0.0,0.6050743398180339,-0.1700739034456281,0.0,-0.3461538461538461,0,0,0,1,0,1,0,0,1,0,1,0,0,0,1
1272,0.9615384615384616,0,-1.0,0.0416666666666666,-0.5,-0.6666666666666666,0.0,-0.6057083681168304,-0.6488146655149246,0.0,0.1153846153846153,1,0,0,0,1,0,1,0,0,0,0,0,0,0,0
1273,-0.1538461538461538,2,-0.0526315789473684,-0.2916666666666667,-0.25,-0.3333333333333333,0.0,-0.4440311519237476,-0.5382474325751032,0.0,0.2692307692307692,0,0,0,1,0,1,0,0,1,0,1,0,1,0,0
1274,0.7692307692307693,1,-1.105263157894737,-0.5833333333333334,-0.5,-0.6666666666666666,0.0,-0.6057083681168304,-0.6488146655149246,0.0,1.1538461538461535,0,0,0,1,0,1,0,0,0,0,1,0,0,0,0
1275,0.1923076923076923,2,-0.9473684210526316,0.8333333333333334,-0.5,-0.6666666666666666,0.0,-0.6057083681168304,-0.6488146655149246,0.0,0.1153846153846153,1,0,0,0,1,0,0,0,0,1,0,0,0,0,0
1276,-0.8461538461538461,1,-0.3684210526315789,-0.3333333333333333,0.5,0.6666666666666666,0.0,0.869886825948665,0.483731644111719,1.0,-1.3846153846153846,0,0,1,0,0,0,0,1,0,0,0,1,0,0,1
1277,0.3461538461538461,1,0.2631578947368421,-0.3333333333333333,0.5,0.3333333333333333,1.0,0.4916255428867309,0.8622708513293023,1.0,-0.4230769230769231,0,0,0,1,0,1,0,1,0,0,1,0,0,0,1
1278,-0.2692307692307692,0,0.1052631578947368,1.5,-0.5,-0.6666666666666666,0.0,-0.6057083681168304,-0.6488146655149246,0.0,-0.9615384615384616,0,0,0,0,0,1,0,0,0,0,0,0,0,0,0
1279,0.3846153846153846,1,-0.0526315789473684,0.9583333333333334,-0.25,-0.3333333333333333,0.0,-0.4112730231526001,-0.2069296477589019,1.0,-0.3461538461538461,0,0,0,1,0,1,1,0,0,1,0,0,0,0,1
1280,0.9615384615384616,1,0.2105263157894736,-0.3333333333333333,1.0,1.3333333333333333,0.0,1.5799985206006366,0.7804971686342259,0.0,-0.3846153846153846,0,1,0,0,0,1,0,0,0,0,0,1,0,0,1
1281,0.5,2,-0.6842105263157895,-0.125,0.25,0.3333333333333333,0.0,0.0532583770988978,0.1616277953738362,0.0,0.4230769230769231,1,0,0,0,1,0,1,0,0,0,0,1,1,0,0
1282,-0.5769230769230769,1,-0.4210526315789473,0.875,3.25,3.0,4.0,2.6496465292234217,2.6754966887417218,3.0,-0.2307692307692307,0,0,0,0,0,1,0,0,1,1,0,0,0,1,0
1283,0.5769230769230769,1,0.4736842105263157,-0.25,1.0,1.0,1.0,1.647078714613296,0.8415394951530858,1.0,0.1923076923076923,0,0,1,0,0,0,0,1,0,0,1,0,1,0,0
1284,0.8461538461538461,0,0.4736842105263157,2.083333333333333,0.0,0.0,0.0,-0.0984857290797079,-0.1117189749496112,1.0,-0.5384615384615384,1,0,0,0,1,0,0,0,0,1,0,0,0,0,1
1285,-0.0769230769230769,1,0.8947368421052632,-0.1666666666666666,2.0,2.333333333333333,1.0,2.773324316041973,1.566753047317401,1.0,-0.3076923076923077,0,0,1,0,0,0,1,0,0,0,0,0,0,1,0
1286,-0.6153846153846154,0,0.2631578947368421,-0.0833333333333333,0.0,0.0,0.0,-0.107573468029123,-0.0702562625971781,0.0,-0.3846153846153846,0,0,1,0,0,0,0,0,0,1,0,0,0,0,1
1287,-0.5,1,0.4736842105263157,-0.3333333333333333,0.0,-0.3333333333333333,1.0,-0.0508913381167246,0.0195796141664267,1.0,0.5,0,0,1,0,0,0,0,0,0,0,0,1,1,0,0
1288,-0.1538461538461538,2,-0.1052631578947368,1.5,0.75,0.3333333333333333,2.0,0.6538099817188507,0.4691429119877148,0.0,-0.1923076923076923,0,1,0,0,0,1,0,0,0,0,1,0,0,0,1
1289,-0.3461538461538461,1,-0.3157894736842105,-0.2916666666666667,-0.25,-0.6666666666666666,1.0,-0.5396426193822452,-0.5889240810058546,0.0,0.0769230769230769,0,1,0,0,0,1,0,0,0,0,0,0,0,0,1
1290,-0.1538461538461538,1,-0.2105263157894736,-0.3333333333333333,-0.5,-0.6666666666666666,0.0,-0.6057083681168304,-0.6488146655149246,0.0,-0.3461538461538461,0,0,1,0,0,0,0,1,0,0,0,1,0,0,0
1291,0.6538461538461539,1,0.3157894736842105,-0.5833333333333334,1.0,1.0,1.0,0.8808343812412162,0.2748824263365006,0.0,-0.4615384615384615,0,0,0,0,0,1,0,0,1,1,0,0,0,0,1
1292,0.9615384615384616,1,-1.105263157894737,1.25,-0.5,-0.6666666666666666,0.0,-0.6057083681168304,-0.6488146655149246,0.0,-0.7692307692307693,0,1,0,0,0,1,0,1,0,0,1,0,0,0,0
1293,0.0769230769230769,2,-0.4210526315789473,0.0833333333333333,-0.5,-0.6666666666666666,0.0,-0.6057083681168304,-0.6488146655149246,0.0,0.0384615384615384,0,0,0,1,0,1,0,0,1,0,1,0,0,0,0
1294,0.9615384615384616,1,-1.0526315789473684,-0.3333333333333333,0.25,-0.3333333333333333,2.0,-0.2642207263850877,0.2806411363854497,0.0,1.1153846153846154,0,0,0,0,0,1,0,0,0,0,0,1,1,0,0
1295,-0.6538461538461539,2,-0.5789473684210527,0.0416666666666666,-0.25,-0.3333333333333333,0.0,-0.3523083913645347,-0.2265092619253286,0.0,0.4615384615384615,0,0,0,0,0,1,0,0,0,1,0,0,1,0,0
1296,-0.8076923076923077,1,-0.5263157894736842,0.8333333333333334,-0.5,-0.6666666666666666,0.0,-0.6057083681168304,-0.6488146655149246,0.0,-1.1538461538461535,0,0,0,1,0,1,1,0,0,1,0,0,0,0,0
1297,-0.5384615384615384,0,-1.105263157894737,-0.2916666666666667,0.5,0.6666666666666666,0.0,0.5182124628829268,0.3017564065649296,0.0,-0.2692307692307692,1,0,0,0,1,0,0,1,0,0,0,1,0,0,1
1298,0.4615384615384615,0,-0.6842105263157895,1.8333333333333333,-0.5,-0.6666666666666666,0.0,-0.6057083681168304,-0.6488146655149246,0.0,0.1153846153846153,0,0,0,0,0,1,0,0,0,0,0,0,0,0,0
1299,-0.3846153846153846,0,-0.2105263157894736,0.0416666666666666,1.25,1.6666666666666667,0.0,0.9377278539198802,1.6919090123812266,2.0,0.0769230769230769,1,0,0,0,1,0,1,0,0,0,1,0,1,0,0
1300,-0.5769230769230769,0,-0.1052631578947368,-0.4166666666666667,-0.25,-0.3333333333333333,0.0,-0.0887639618314964,-0.395431423361167,0.0,0.0384615384615384,0,0,0,1,0,1,0,0,1,0,0,1,0,0,1
1301,0.1153846153846153,2,-0.3684210526315789,-0.5416666666666666,0.25,0.3333333333333333,0.0,0.0109898238458043,0.5601305307611095,0.0,-0.6153846153846154,0,0,0,0,0,1,0,0,0,0,0,1,0,0,1
1302,0.5384615384615384,0,0.2631578947368421,2.083333333333333,0.25,0.0,1.0,-0.2920334344256232,0.2929263844898743,1.0,-0.9615384615384616,0,0,0,1,0,1,0,1,0,1,0,0,0,0,1
1303,-0.0769230769230769,0,-1.105263157894737,-0.5833333333333334,1.0,1.0,1.0,0.7612989126414679,1.2749784048373165,2.0,-0.2307692307692307,1,0,0,0,1,0,1,0,0,0,0,1,0,0,1
1304,0.1153846153846153,1,-0.6842105263157895,-0.5833333333333334,0.0,0.0,0.0,0.1101095812243087,-0.1316825031193012,0.0,-1.0384615384615383,0,1,0,0,0,1,0,0,1,0,0,1,0,0,1
1305,0.2692307692307692,2,-1.105263157894737,0.75,-0.5,-0.6666666666666666,0.0,-0.6057083681168304,-0.6488146655149246,0.0,-0.9230769230769232,0,0,0,0,0,1,1,0,0,0,0,0,0,0,0
1306,-0.8076923076923077,0,-0.5263157894736842,0.2916666666666667,0.5,0.3333333333333333,1.0,0.9897181744211856,0.1374412131682504,1.0,0.0,0,0,1,0,0,0,0,0,0,0,0,0,0,0,1
1307,-0.3461538461538461,0,0.5789473684210527,-0.5833333333333334,-0.5,-0.6666666666666666,0.0,-0.6057083681168304,-0.6488146655149246,0.0,0.1538461538461538,0,0,0,0,0,1,0,0,0,0,0,1,0,0,0
1308,-0.3461538461538461,1,-1.0526315789473684,2.083333333333333,0.25,0.3333333333333333,0.0,0.169496898544905,-0.0046069680391591,0.0,0.1538461538461538,0,0,0,1,0,1,1,0,0,0,0,1,0,0,0
1309,0.4615384615384615,2,-0.4210526315789473,-0.25,0.0,-0.3333333333333333,1.0,-0.2356049158327433,-0.309818600633458,0.0,-1.0384615384615383,1,0,0,0,1,0,0,1,0,0,0,0,0,0,1
1310,-0.4230769230769231,2,-0.1052631578947368,-0.375,0.25,0.3333333333333333,0.0,0.1485739646846237,0.3658700451098954,0.0,0.9230769230769232,0,1,0,0,0,1,0,1,0,0,1,0,1,0,0
1311,0.9615384615384616,2,-0.7368421052631579,-0.0833333333333333,-0.25,-0.3333333333333333,0.0,-0.2772817093402936,-0.1604760533640463,0.0,0.0384615384615384,0,0,0,1,0,1,0,1,0,1,0,0,0,0,1
1312,-0.5,0,-0.3684210526315789,0.0,-0.5,-0.6666666666666666,0.0,-0.6057083681168304,-0.6488146655149246,0.0,-0.5,0,0,0,0,0,1,0,0,0,1,0,0,0,0,0
1313,-0.9230769230769232,0,-1.0526315789473684,-0.2083333333333333,-0.5,-0.6666666666666666,0.0,-0.6057083681168304,-0.6488146655149246,0.0,0.1923076923076923,0,0,0,1,0,1,0,0,0,0,1,0,0,0,0
1314,0.2307692307692307,2,0.0526315789473684,-0.4583333333333333,2.0,2.6666666666666665,0.0,3.143300962666301,1.4335348881850467,0.0,-0.8076923076923077,0,0,1,0,0,0,1,0,0,0,0,1,0,0,1
1315,0.6923076923076923,0,-1.105263157894737,-0.5833333333333334,-0.25,-0.3333333333333333,0.0,-0.2705187408197986,-0.5405509165946827,0.0,-0.6538461538461539,1,0,0,0,1,0,1,0,0,0,0,1,0,0,1
1316,-0.6538461538461539,1,0.6842105263157895,2.083333333333333,2.5,3.0,1.0,3.1514587934441485,2.363758518091948,4.0,-0.3846153846153846,0,0,1,0,0,0,0,1,0,0,0,1,0,1,0
1317,-0.8076923076923077,2,0.5263157894736842,-0.4583333333333333,4.75,5.666666666666667,2.0,4.535288958397177,5.529129474997601,2.0,1.0,1,0,0,0,1,0,0,0,0,1,0,0,0,1,0
1318,0.4230769230769231,0,-0.8947368421052632,-0.5833333333333334,0.0,-0.3333333333333333,1.0,-0.2379296862616635,-0.4894903541606679,0.0,-0.9230769230769232,0,0,0,0,0,1,0,0,1,0,0,1,0,0,1
1319,-0.5384615384615384,1,0.4736842105263157,-0.5833333333333334,-0.25,-0.3333333333333333,0.0,-0.3149007217355468,-0.1604760533640463,0.0,0.9615384615384616,0,0,0,1,0,1,0,0,1,1,0,0,1,0,0
1320,-0.0384615384615384,0,1.5263157894736843,-0.5416666666666666,1.0,1.0,1.0,1.3376306362473982,0.8772434974565698,2.0,1.1538461538461535,0,0,1,0,0,0,0,0,0,0,1,0,1,0,0
1321,-0.8076923076923077,0,0.2631578947368421,-0.0416666666666666,-0.25,-0.3333333333333333,0.0,-0.2893282470174252,-0.182743065553316,1.0,-0.5,0,0,0,1,0,1,1,0,0,0,0,0,0,0,1
1322,0.0384615384615384,0,-1.105263157894737,1.2083333333333333,0.0,-0.3333333333333333,1.0,-0.2588526201219449,-0.1366733851617237,0.0,1.5384615384615383,0,0,0,0,0,1,0,0,1,0,1,0,1,0,0
1323,0.1923076923076923,2,-0.2105263157894736,0.6666666666666666,0.5,0.6666666666666666,0.0,0.5120835226612283,0.3286303867933584,1.0,0.8846153846153846,1,0,0,0,1,0,0,1,0,0,0,0,1,0,0
1324,-0.2307692307692307,0,0.1578947368421052,-0.5833333333333334,-0.5,-0.6666666666666666,0.0,-0.6057083681168304,-0.6488146655149246,0.0,-0.3461538461538461,0,1,0,0,0,1,0,0,0,1,0,0,0,0,0
1325,0.2692307692307692,2,1.5263157894736843,0.375,2.75,3.333333333333333,1.0,3.326154724039184,2.44975525482292,2.0,-0.7692307692307693,0,1,0,0,0,1,1,0,0,1,0,0,0,1,0
1326,0.1153846153846153,1,-1.105263157894737,0.2916666666666667,-0.25,-0.3333333333333333,0.0,-0.4119070514513965,-0.2910068144735578,0.0,0.6538461538461539,0,1,0,0,0,1,0,0,0,1,0,0,1,0,0
1327,0.1538461538461538,0,0.2631578947368421,-0.25,0.75,1.0,0.0,0.2745342533788425,0.5751031768883771,0.0,-0.9230769230769232,1,0,0,0,1,0,0,0,1,0,0,0,0,0,1
1328,-0.1153846153846153,2,0.0526315789473684,-0.1666666666666666,0.75,0.6666666666666666,1.0,0.37602104973952,1.0576830789903064,0.0,0.1153846153846153,1,0,0,0,1,0,0,1,0,0,0,1,1,0,0
1329,-0.5384615384615384,2,-0.631578947368421,0.9583333333333334,-0.25,-0.3333333333333333,0.0,-0.3635095579766044,-0.1961800556675304,1.0,-0.3846153846153846,0,1,0,0,0,1,0,1,0,1,0,0,0,0,1
1330,0.7307692307692307,2,0.4210526315789473,1.0,-0.5,-0.6666666666666666,0.0,-0.6057083681168304,-0.6488146655149246,0.0,0.0769230769230769,0,1,0,0,0,1,0,1,0,0,0,0,0,0,0
1331,-0.3076923076923077,2,-0.7368421052631579,-0.0833333333333333,0.75,0.3333333333333333,2.0,0.4214597444865956,0.1220846530377195,0.0,-0.3076923076923077,0,1,0,0,0,1,0,0,1,0,0,1,0,0,1
1332,0.8846153846153846,2,-0.3157894736842105,0.1666666666666666,-0.25,-0.3333333333333333,0.0,-0.3626641869115425,-0.2622132642288127,0.0,0.6923076923076923,1,0,0,0,1,0,1,0,0,0,0,0,1,0,0
1333,0.9230769230769232,0,-0.5263157894736842,0.25,0.0,-0.3333333333333333,1.0,-0.202001415996534,-0.1877339475957385,1.0,-0.5,0,0,0,1,0,1,0,1,0,1,0,0,0,0,1
1334,0.2692307692307692,1,0.6842105263157895,-0.2083333333333333,1.25,1.3333333333333333,1.0,1.7781957668043922,2.0535560034552263,0.0,0.2307692307692307,0,1,0,0,0,1,0,0,1,1,0,0,1,0,0
1335,-0.0384615384615384,0,0.2105263157894736,-0.4166666666666667,0.75,1.0,0.0,0.4962328151913181,0.3489778289663115,1.0,0.1923076923076923,1,0,0,0,1,0,0,0,0,1,0,0,1,0,0
1336,-0.3461538461538461,1,-0.0526315789473684,1.2083333333333333,0.0,0.0,0.0,0.4055667684634325,0.0959785008158172,1.0,-0.1538461538461538,0,0,1,0,0,0,1,0,0,0,1,0,0,0,1
1337,-0.8076923076923077,1,-0.5263157894736842,0.625,0.0,0.0,0.0,-0.163156615556941,-0.2714272003071311,0.0,-0.3076923076923077,1,0,0,0,1,0,0,1,0,0,1,0,0,0,1
1338,-0.5769230769230769,1,-0.1052631578947368,2.083333333333333,-0.25,-0.3333333333333333,0.0,-0.3030655268246807,-0.5570592187350033,0.0,0.0769230769230769,0,0,0,0,0,1,0,0,1,0,0,0,1,0,0
1339,0.3461538461538461,2,1.5263157894736843,-0.3333333333333333,0.0,0.0,0.0,-0.169919584077436,-0.426912371628755,0.0,-0.3076923076923077,0,0,1,0,0,0,0,0,0,1,0,0,0,0,1
1340,0.6923076923076923,0,1.5263157894736843,-0.0833333333333333,0.0,0.0,0.0,-0.0836917354411252,-0.388137057299165,2.0,-0.3076923076923077,0,0,1,0,0,0,0,1,0,0,1,0,0,0,1
1341,0.7692307692307693,1,0.1578947368421052,-0.1666666666666666,0.0,0.0,0.0,0.0179641351325647,-0.2199827238698531,0.0,-0.2692307692307692,0,1,0,0,0,1,0,1,0,0,1,0,0,0,1
1342,0.6153846153846154,2,-0.5263157894736842,-0.5833333333333334,-0.5,-0.6666666666666666,0.0,-0.6057083681168304,-0.6488146655149246,0.0,0.5,0,0,0,1,0,1,0,1,0,0,0,0,0,0,0
1343,0.5,1,1.263157894736842,0.0416666666666666,-0.25,-0.3333333333333333,0.0,-0.4552323185358173,-0.353968711008734,1.0,0.5769230769230769,0,0,1,0,0,0,0,1,0,0,0,0,1,0,0
1344,-0.3846153846153846,1,-0.6842105263157895,-0.375,0.25,0.0,1.0,-0.1722443545063561,0.5006238602553029,0.0,0.2307692307692307,0,0,0,0,0,1,0,0,1,0,0,0,1,0,0
1345,-0.1538461538461538,1,0.6842105263157895,0.0416666666666666,1.5,1.3333333333333333,2.0,1.5600054949119233,1.2396583165370958,1.0,0.1923076923076923,0,0,1,0,0,0,0,0,0,0,0,0,0,1,0
1346,0.8076923076923077,1,0.4736842105263157,0.0,-0.25,-0.3333333333333333,0.0,-0.1460378514894381,-0.5194356464152029,0.0,1.0769230769230769,0,1,0,0,0,1,0,1,0,0,0,0,1,0,0
1347,0.3846153846153846,2,-0.631578947368421,-0.125,1.25,1.3333333333333333,1.0,1.1614553062885042,1.3602073135617625,3.0,0.9230769230769232,0,0,0,0,0,1,0,0,0,0,1,0,1,0,0
1348,-0.4230769230769231,1,-0.4736842105263157,0.2916666666666667,0.25,0.3333333333333333,0.0,0.8675620555197451,0.0437661963720126,1.0,0.3076923076923077,0,0,1,0,0,0,1,0,0,0,0,0,1,0,0
1349,0.0,2,0.7368421052631579,0.6666666666666666,-0.5,-0.6666666666666666,0.0,-0.6057083681168304,-0.6488146655149246,0.0,-0.7692307692307693,0,0,1,0,0,0,0,0,1,0,0,1,0,0,0
1350,-0.4230769230769231,1,0.5263157894736842,-0.5833333333333334,1.5,2.0,0.0,1.6406538945188258,1.6542854400614264,1.0,0.8461538461538461,1,0,0,0,1,0,1,0,0,0,0,1,1,0,0
1351,0.0384615384615384,0,1.4210526315789471,-0.5416666666666666,0.0,0.0,0.0,0.0019020848963892,-0.2188309818600633,0.0,-0.1538461538461538,0,1,0,0,0,1,0,0,1,1,0,0,0,0,1
1352,0.5,0,1.0526315789473684,-0.4583333333333333,0.0,0.0,0.0,0.0135259370409899,-0.4415011037527593,1.0,1.0769230769230769,0,0,1,0,0,0,0,0,0,1,0,0,1,0,0
1353,0.6538461538461539,0,-0.1578947368421052,-0.5833333333333334,-0.5,-0.6666666666666666,0.0,-0.6057083681168304,-0.6488146655149246,0.0,1.2692307692307692,0,0,0,0,0,1,1,0,0,0,0,0,0,0,0
1354,0.1153846153846153,0,-0.5789473684210527,1.6666666666666667,2.5,2.333333333333333,3.0,1.399427261103421,2.321527977732988,3.0,-0.0384615384615384,0,0,0,1,0,1,0,0,1,0,1,0,0,1,0
1355,0.8846153846153846,1,0.0526315789473684,1.5416666666666667,0.0,-0.3333333333333333,1.0,-0.1243963522238542,-0.0978980708321335,1.0,0.2307692307692307,0,0,0,1,0,1,0,0,0,0,0,1,1,0,0
1356,-0.7692307692307693,1,-0.1052631578947368,-0.5416666666666666,0.0,-0.3333333333333333,1.0,-0.1770629695772088,0.0994337268451866,1.0,0.5384615384615384,0,0,0,1,0,1,1,0,0,0,1,0,1,0,0
1357,-0.6153846153846154,0,1.5263157894736843,-0.0416666666666666,2.5,3.0,1.0,2.6365010091617096,2.8056435358479708,0.0,-0.8461538461538461,0,1,0,0,0,1,0,0,1,0,1,0,0,1,0
1358,0.1153846153846153,2,-0.2631578947368421,-0.0833333333333333,-0.25,-0.6666666666666666,1.0,-0.554943835659865,-0.4004223054035896,0.0,0.2692307692307692,0,0,0,1,0,1,0,0,0,0,0,1,1,0,0
1359,0.3076923076923077,0,0.5789473684210527,0.5833333333333334,0.25,0.3333333333333333,0.0,0.684116534401319,0.2994529225453499,2.0,0.5769230769230769,0,0,1,0,0,0,0,0,1,0,0,1,1,0,0
1360,-0.1538461538461538,1,-0.5263157894736842,-0.5,2.75,2.333333333333333,4.0,2.232582714275148,1.731836068720607,1.0,-0.7307692307692307,0,0,0,0,0,1,0,0,1,0,1,0,0,1,0
1361,0.5,0,0.5789473684210527,0.5416666666666666,2.0,2.6666666666666665,0.0,2.4724990225397065,1.916114790286976,1.0,0.5384615384615384,0,1,0,0,0,1,0,0,0,0,0,1,1,0,0
1362,-0.8076923076923077,0,1.5263157894736843,-0.5416666666666666,1.5,2.0,0.0,1.3534390751640553,1.1214128035320088,1.0,0.0384615384615384,0,0,1,0,0,0,0,0,0,0,0,0,0,0,1
1363,-0.4615384615384615,1,-0.4736842105263157,0.9583333333333334,-0.25,-0.3333333333333333,0.0,-0.2371265837498547,-0.5198195604184662,0.0,-0.4615384615384615,0,1,0,0,0,1,0,0,0,0,0,0,0,0,1
1364,-0.7692307692307693,0,-0.0526315789473684,-0.1666666666666666,1.75,2.0,1.0,1.508015174410618,1.7947979652557828,2.0,-0.0384615384615384,0,0,0,1,0,1,1,0,0,1,0,0,0,1,0
1365,-0.3846153846153846,0,-1.0,-0.5833333333333334,-0.25,-0.3333333333333333,0.0,-0.2495958069595173,-0.2710432863038678,1.0,-0.8461538461538461,0,1,0,0,0,1,0,0,0,0,1,0,0,0,1
1366,0.1153846153846153,2,-0.8947368421052632,1.3333333333333333,0.25,0.0,1.0,-0.1828960299261357,0.326710816777042,0.0,-0.1153846153846153,0,0,0,1,0,1,1,0,0,0,1,0,0,0,1
1367,0.0,0,-0.5263157894736842,-0.0416666666666666,-0.25,-0.3333333333333333,0.0,-0.1773165808967274,-0.1689221614358383,0.0,0.3076923076923077,0,0,0,0,0,1,0,1,0,0,1,0,1,0,0
1368,0.5384615384615384,2,-0.4210526315789473,-0.1666666666666666,0.0,-0.3333333333333333,1.0,-0.3692580812190252,-0.2422497360591227,1.0,-0.6923076923076923,0,0,0,1,0,1,0,0,0,1,0,0,0,0,1
1369,0.0769230769230769,1,-1.0526315789473684,1.7083333333333333,-0.5,-0.6666666666666666,0.0,-0.6057083681168304,-0.6488146655149246,0.0,0.0,1,0,0,0,1,0,0,0,0,0,0,1,0,0,0
1370,0.1538461538461538,0,1.3157894736842106,-0.0416666666666666,0.25,0.3333333333333333,0.0,0.0019020848963892,0.0076782800652654,0.0,0.5769230769230769,1,0,0,0,1,0,1,0,0,1,0,0,1,0,0
1371,0.1923076923076923,1,-0.4210526315789473,0.0833333333333333,0.25,0.0,1.0,-0.0252343262920968,0.3950475093579039,0.0,0.4615384615384615,0,0,0,1,0,1,0,0,0,0,0,1,1,0,0
1372,-0.5,1,-0.4210526315789473,-0.5416666666666666,0.0,0.0,0.0,-0.2047911405112382,-0.0821575966983395,0.0,-0.0384615384615384,0,1,0,0,0,1,1,0,0,0,0,0,1,0,0
1373,0.0,2,-0.3684210526315789,-0.1666666666666666,0.0,-0.3333333333333333,1.0,-0.3123223399871082,0.0552836164699109,0.0,0.7692307692307693,1,0,0,0,1,0,0,1,0,0,0,1,1,0,0
1374,-0.8076923076923077,0,-1.105263157894737,0.0,-0.25,-0.3333333333333333,0.0,-0.2348018133209345,-0.5858527689797485,0.0,0.1923076923076923,0,0,0,1,0,1,0,0,1,0,0,0,0,0,1
1375,-0.5,0,0.1578947368421052,0.5,2.75,3.333333333333333,1.0,2.2890535014212805,3.060562434014781,3.0,0.8461538461538461,0,1,0,0,0,1,1,0,0,0,0,1,0,1,0
1376,0.7307692307692307,1,-0.2631578947368421,2.083333333333333,-0.25,-0.3333333333333333,0.0,-0.3277926304777404,-0.3800748632306363,1.0,-0.4230769230769231,0,0,0,0,0,1,0,1,0,1,0,0,0,0,1
1377,-0.8846153846153846,0,-0.631578947368421,-0.125,2.0,2.0,2.0,1.004512168059768,1.8523850657452732,4.0,1.0769230769230769,1,0,0,0,1,0,0,0,0,0,0,0,1,0,0
1378,0.6923076923076923,1,-0.1578947368421052,-0.0416666666666666,4.25,5.0,2.0,3.8825779590629073,5.0734235531241,4.0,-0.1153846153846153,1,0,0,0,1,0,0,0,0,0,0,1,0,1,0
1379,0.9230769230769232,1,0.2105263157894736,-0.125,0.25,0.3333333333333333,0.0,0.8162057633172363,0.3842979172665323,0.0,-0.5384615384615384,0,0,1,0,0,0,0,1,0,1,0,0,0,0,1
1380,0.0769230769230769,1,0.3684210526315789,-0.5833333333333334,1.5,1.0,3.0,0.6667864275675506,1.247336596602361,0.0,0.9615384615384616,0,1,0,0,0,1,1,0,0,1,0,0,1,0,0
1381,0.6538461538461539,0,-1.0,0.875,-0.5,-0.6666666666666666,0.0,-0.6057083681168304,-0.6488146655149246,0.0,0.2692307692307692,0,0,0,1,0,1,0,1,0,0,0,1,0,0,0
1382,0.9230769230769232,0,-0.2105263157894736,0.0833333333333333,-0.25,-0.6666666666666666,1.0,-0.554943835659865,-0.2257414339188021,0.0,0.5384615384615384,0,0,0,1,0,1,1,0,0,0,1,0,1,0,0
1383,0.7307692307692307,0,-0.3157894736842105,-0.125,-0.25,-0.3333333333333333,0.0,-0.3258905455813511,-0.2817928783952394,0.0,-0.2307692307692307,1,0,0,0,1,0,0,0,0,0,0,0,0,0,1
1384,-0.8076923076923077,2,0.3157894736842105,-0.25,0.25,0.3333333333333333,0.0,0.8047932539389009,0.0464535943948555,0.0,-0.4230769230769231,0,0,1,0,0,0,0,1,0,1,0,0,0,0,1
1385,-0.5769230769230769,1,-0.8947368421052632,-0.5833333333333334,-0.25,-0.3333333333333333,0.0,-0.2379719548149166,-0.1934926576446875,1.0,0.1538461538461538,1,0,0,0,1,0,0,0,0,0,0,1,0,0,1
1386,-0.5384615384615384,2,-0.5263157894736842,0.2083333333333333,0.0,0.0,0.0,-0.3294833726078641,-0.4399654477397062,0.0,0.2692307692307692,1,0,0,0,1,0,0,1,0,0,0,0,1,0,0
1387,-0.8461538461538461,2,0.1052631578947368,0.25,0.75,1.0,0.0,0.4379022117020491,0.4338228236874942,1.0,-1.1153846153846154,0,1,0,0,0,1,0,0,0,0,1,0,0,0,1
1388,0.5769230769230769,2,-1.105263157894737,1.0416666666666667,0.0,0.0,0.0,-0.2337450994896072,0.2234379498992225,0.0,-0.8076923076923077,1,0,0,0,1,0,0,0,0,0,0,0,0,0,0
1389,-0.0384615384615384,1,1.0526315789473684,-0.0416666666666666,1.25,1.3333333333333333,1.0,1.5004913719315676,1.072655725117574,2.0,-0.6538461538461539,0,0,1,0,0,0,0,0,1,0,0,1,0,0,1
1390,-0.3846153846153846,0,-0.4736842105263157,0.2916666666666667,0.0,-0.3333333333333333,1.0,-0.1561400357169275,-0.0226509261925328,0.0,-1.0384615384615383,0,0,0,1,0,1,0,0,1,1,0,0,0,0,1
1391,0.8846153846153846,1,-0.7894736842105263,1.375,2.5,3.0,1.0,2.6021366753669444,2.231692100969383,2.0,0.4615384615384615,0,0,0,0,0,1,0,0,1,0,0,0,0,1,0
1392,-0.0384615384615384,2,0.2631578947368421,-0.5833333333333334,0.0,0.0,0.0,0.1084188390941849,-0.2172953258470102,1.0,0.0769230769230769,0,0,1,0,0,0,0,1,0,0,0,1,0,0,1
1393,0.0769230769230769,0,0.0,-0.25,-0.25,-0.3333333333333333,0.0,-0.3436433379476504,-0.2380266820232267,0.0,0.6923076923076923,0,0,0,1,0,1,1,0,0,0,0,1,1,0,0
1394,0.6538461538461539,0,0.1052631578947368,2.083333333333333,-0.5,-0.6666666666666666,0.0,-0.6057083681168304,-0.6488146655149246,0.0,0.0,0,0,0,0,0,1,0,0,1,1,0,0,0,0,0
1395,-0.9615384615384616,0,0.4210526315789473,0.4583333333333333,-0.25,-0.3333333333333333,0.0,-0.1147591220821489,-0.4606968039159227,0.0,-0.4615384615384615,0,0,1,0,0,0,0,0,0,1,0,0,0,0,1
1396,0.3076923076923077,0,1.3157894736842106,0.125,0.5,0.0,2.0,0.1729629199116587,0.2165274978404837,2.0,-0.1538461538461538,0,0,1,0,0,0,1,0,0,0,1,0,0,0,1
1397,0.2692307692307692,0,-0.6842105263157895,0.0416666666666666,-0.5,-0.6666666666666666,0.0,-0.6057083681168304,-0.6488146655149246,0.0,1.1923076923076923,1,0,0,0,1,0,0,0,1,0,1,0,0,0,0
1398,-0.8846153846153846,2,0.3157894736842105,-0.1666666666666666,4.0,4.333333333333333,3.0,3.737934969830821,4.145503407236778,7.0,-0.3461538461538461,0,0,0,0,0,1,0,1,0,0,0,1,0,1,0
1399,0.0,2,1.0526315789473684,-0.375,-0.5,-0.6666666666666666,0.0,-0.6057083681168304,-0.6488146655149246,0.0,-0.8076923076923077,1,0,0,0,1,0,1,0,0,0,0,0,0,0,0
1400,0.8076923076923077,0,0.9473684210526316,-0.5833333333333334,3.75,4.666666666666667,1.0,4.8246594739678565,3.5504367021787115,5.0,-0.2692307692307692,0,0,1,0,0,0,0,0,0,0,0,1,0,1,0
1401,0.9615384615384616,2,-0.3684210526315789,0.6666666666666666,-0.25,-0.3333333333333333,0.0,-0.3983811144104066,-0.5259621844706786,1.0,0.8461538461538461,0,0,0,1,0,1,0,0,0,0,0,0,1,0,0
1402,0.6923076923076923,2,0.2105263157894736,-0.0833333333333333,3.75,4.0,3.0,3.137467902317374,4.245704962088492,1.0,1.3846153846153846,0,0,0,0,0,1,0,0,0,1,0,0,0,1,0
1403,0.6538461538461539,2,-0.3157894736842105,-0.2083333333333333,0.0,0.0,0.0,-0.0443819809157482,-0.268355888281025,0.0,0.1153846153846153,1,0,0,0,1,0,0,0,0,0,1,0,1,0,0
1404,-0.7307692307692307,0,1.5263157894736843,0.2083333333333333,-0.25,-0.3333333333333333,0.0,-0.0705884839326662,-0.5516844226893176,0.0,-0.9615384615384616,0,0,1,0,0,0,0,0,0,0,0,0,0,0,1
1405,-0.4230769230769231,2,1.0,-0.1666666666666666,1.0,0.6666666666666666,2.0,0.4561622267073854,1.4385257702274694,1.0,1.1923076923076923,0,0,0,0,0,1,0,1,0,0,0,1,1,0,0
1406,0.3461538461538461,2,-0.631578947368421,0.125,0.0,0.0,0.0,-0.1196200057062547,0.215375755830694,0.0,0.7692307692307693,0,1,0,0,0,1,0,0,1,1,0,0,1,0,0
1407,0.9230769230769232,2,-0.5789473684210527,2.083333333333333,0.25,0.0,1.0,-0.0805638625003963,0.0188117861599002,0.0,0.0384615384615384,0,0,0,1,0,1,1,0,0,0,0,0,0,0,1
1408,0.6153846153846154,2,-0.2631578947368421,0.0416666666666666,0.25,0.0,1.0,-0.1424027559096721,-0.128611191093195,0.0,-0.8846153846153846,1,0,0,0,1,0,0,0,0,1,0,0,0,0,1
1409,-0.2692307692307692,1,0.7368421052631579,1.4166666666666667,0.0,-0.3333333333333333,1.0,-0.1094332843722591,-0.2629810922353392,0.0,1.0384615384615383,0,0,1,0,0,0,0,0,1,0,0,0,1,0,0
1410,-0.5,2,-0.3684210526315789,-0.1666666666666666,-0.25,-0.3333333333333333,0.0,-0.1312438578508554,-0.5301852385065745,0.0,0.4615384615384615,0,0,0,1,0,1,1,0,0,0,0,0,1,0,0
1411,0.4230769230769231,2,-0.4210526315789473,2.083333333333333,2.25,3.0,0.0,1.880316591463866,1.779441405125252,2.0,0.3846153846153846,1,0,0,0,1,0,1,0,0,0,0,0,1,0,0
1412,-0.5,0,-1.105263157894737,0.9583333333333334,0.5,0.6666666666666666,0.0,0.7458286221508356,0.2207505518763797,0.0,-0.2307692307692307,0,0,0,1,0,1,1,0,0,1,0,0,0,0,1
1413,0.3076923076923077,2,-1.105263157894737,-0.4583333333333333,0.25,0.3333333333333333,0.0,0.0832690499085943,-0.0176600441501102,0.0,-0.2692307692307692,0,1,0,0,0,1,0,0,1,0,1,0,0,0,1
1414,0.1538461538461538,0,-0.1052631578947368,-0.1666666666666666,-0.5,-0.6666666666666666,0.0,-0.6057083681168304,-0.6488146655149246,0.0,-0.5384615384615384,0,0,0,1,0,1,1,0,0,0,1,0,0,0,0
1415,-0.6153846153846154,2,-0.7894736842105263,-0.2916666666666667,-0.25,-0.3333333333333333,0.0,-0.2132448511618569,-0.3389960648814665,0.0,-0.4615384615384615,1,0,0,0,1,0,0,0,0,0,0,1,0,0,1
1416,-0.2307692307692307,2,-0.2105263157894736,-0.4166666666666667,-0.25,-0.3333333333333333,0.0,-0.4622066298225779,-0.5225069584413091,0.0,0.1153846153846153,0,0,0,0,0,1,1,0,0,0,0,0,1,0,0
1417,0.2307692307692307,0,-1.0526315789473684,-0.4166666666666667,-0.5,-0.6666666666666666,0.0,-0.6057083681168304,-0.6488146655149246,0.0,-0.0769230769230769,0,1,0,0,0,1,0,0,1,1,0,0,0,0,0
1418,0.8076923076923077,1,-0.1578947368421052,0.2916666666666667,-0.5,-0.6666666666666666,0.0,-0.6057083681168304,-0.6488146655149246,0.0,-0.0769230769230769,0,1,0,0,0,1,0,0,0,0,0,0,0,0,0
1419,-0.2307692307692307,2,-0.0526315789473684,-0.375,0.25,0.3333333333333333,0.0,0.143290395527987,0.3155773106824072,0.0,-0.7307692307692307,1,0,0,0,1,0,0,0,1,0,1,0,0,0,1
1420,0.6923076923076923,0,-1.105263157894737,0.2083333333333333,-0.5,-0.6666666666666666,0.0,-0.6057083681168304,-0.6488146655149246,0.0,-0.6538461538461539,1,0,0,0,1,0,0,1,0,0,0,1,0,0,0
1421,0.8076923076923077,0,0.2631578947368421,-0.1666666666666666,1.75,2.0,1.0,1.6324537951877256,2.390248584317113,1.0,-0.0384615384615384,0,0,0,1,0,1,0,0,0,0,0,1,0,0,1
1422,-0.1923076923076923,2,-1.105263157894737,-0.2083333333333333,1.75,2.0,1.0,2.454154470427864,2.0408868413475383,0.0,0.0769230769230769,0,1,0,0,0,1,1,0,0,0,0,0,0,0,1
1423,0.4230769230769231,1,0.0526315789473684,0.3333333333333333,0.0,0.0,0.0,-0.2495958069595173,0.3098186006334581,0.0,0.4615384615384615,0,1,0,0,0,1,0,1,0,1,0,0,1,0,0
1424,-0.4615384615384615,2,0.3157894736842105,0.0,-0.5,-0.6666666666666666,0.0,-0.6057083681168304,-0.6488146655149246,0.0,-0.0769230769230769,0,1,0,0,0,1,0,0,1,0,1,0,0,0,0
1425,-0.7307692307692307,2,0.1052631578947368,-0.0833333333333333,0.5,0.6666666666666666,0.0,0.0336034998362093,0.5608983587676362,1.0,0.6153846153846154,0,0,0,1,0,1,0,1,0,0,1,0,1,0,0
1426,-0.8461538461538461,1,0.1578947368421052,0.375,3.5,4.333333333333333,1.0,3.726184312026461,4.358959593051156,1.0,0.5769230769230769,0,1,0,0,0,1,0,1,0,0,0,1,0,1,0
1427,0.2692307692307692,2,-1.105263157894737,0.875,-0.25,-0.3333333333333333,0.0,-0.0705884839326662,-0.5025434302716191,0.0,1.0384615384615383,0,0,1,0,0,0,0,1,0,0,0,1,1,0,0
1428,-0.3846153846153846,1,0.3157894736842105,-0.5833333333333334,-0.25,-0.6666666666666666,1.0,-0.554943835659865,-0.2779537383626067,1.0,0.9615384615384616,1,0,0,0,1,0,0,0,0,0,0,0,1,0,0
1429,0.7307692307692307,2,-1.105263157894737,0.375,-0.25,-0.3333333333333333,0.0,-0.3474475077404288,-0.5958345330645936,0.0,-0.5,0,0,0,0,0,1,0,1,0,0,1,0,0,0,1
1430,-0.3076923076923077,2,0.2105263157894736,-0.2916666666666667,2.25,2.6666666666666665,1.0,1.670072807582979,2.1522219022938867,0.0,0.6923076923076923,1,0,0,0,1,0,1,0,0,1,0,0,1,0,0
1431,-0.7692307692307693,1,0.7894736842105263,2.083333333333333,0.0,0.0,0.0,0.3603394164826224,-0.0767828006526537,0.0,-1.0769230769230769,0,0,1,0,0,0,0,0,0,1,0,0,0,0,1
1432,0.4230769230769231,0,0.1578947368421052,-0.375,0.0,0.0,0.0,0.0114125093783352,-0.1888856896055283,0.0,-1.1538461538461535,0,0,0,1,0,1,0,0,1,0,0,1,0,0,1
1433,0.6153846153846154,2,0.0526315789473684,0.0,0.25,0.0,1.0,-0.1943930764109772,0.4272962856320185,2.0,0.2692307692307692,1,0,0,0,1,0,1,0,0,1,0,0,1,0,0
1434,-0.8076923076923077,2,0.8421052631578947,0.0833333333333333,0.5,0.6666666666666666,0.0,0.4556550040683483,0.5981380170841734,0.0,0.6153846153846154,0,0,0,0,0,1,0,1,0,0,1,0,1,0,0
1435,0.3461538461538461,2,-1.105263157894737,-0.5416666666666666,0.0,0.0,0.0,-0.1713989834412942,-0.0990498128419233,0.0,-0.9615384615384616,0,0,0,1,0,1,0,0,1,1,0,0,0,0,1
1436,-0.5384615384615384,2,1.1578947368421053,-0.25,0.75,1.0,0.0,1.3722485813616818,0.866109991361935,1.0,0.9615384615384616,0,0,1,0,0,0,0,0,1,0,1,0,1,0,0
1437,-0.8846153846153846,1,1.4210526315789471,-0.5833333333333334,0.5,0.0,2.0,0.3568733951158687,0.6276993953354449,1.0,0.0,0,0,1,0,0,0,0,0,0,0,1,0,0,0,1
1438,0.8846153846153846,1,-0.4736842105263157,0.4583333333333333,-0.5,-0.6666666666666666,0.0,-0.6057083681168304,-0.6488146655149246,0.0,-0.8076923076923077,0,0,0,0,0,1,0,0,1,0,0,0,0,0,0
1439,-0.5769230769230769,0,0.0,-0.0833333333333333,0.25,0.3333333333333333,0.0,0.0593873173205963,0.1259237930703522,0.0,0.7307692307692307,0,0,0,1,0,1,0,0,0,0,0,0,1,0,0
1440,0.9615384615384616,0,-0.4210526315789473,0.875,0.0,0.0,0.0,0.0836917354411252,0.0902197907668682,0.0,0.2692307692307692,0,0,0,1,0,1,0,0,0,1,0,0,1,0,0
1441,0.3076923076923077,0,-0.8947368421052632,0.5416666666666666,-0.5,-0.6666666666666666,0.0,-0.6057083681168304,-0.6488146655149246,0.0,-0.5,0,0,0,0,0,1,0,0,1,0,1,0,0,0,0
1442,-0.5,1,1.3157894736842106,0.625,0.25,0.0,1.0,-0.0602326883856583,0.2775698243593435,1.0,0.0769230769230769,0,0,1,0,0,0,0,0,0,0,0,1,0,0,1
1443,-0.4615384615384615,2,-1.105263157894737,0.5,0.75,1.0,0.0,0.9620322720404092,0.7858719646799117,0.0,0.6923076923076923,0,0,0,1,0,1,1,0,0,0,0,1,1,0,0
1444,0.0769230769230769,1,-0.9473684210526316,-0.5416666666666666,-0.5,-0.6666666666666666,0.0,-0.6057083681168304,-0.6488146655149246,0.0,-0.4230769230769231,0,0,0,1,0,1,1,0,0,0,0,1,0,0,0
1445,0.0,0,1.4736842105263157,0.5416666666666666,1.75,2.333333333333333,0.0,2.1297010556571183,1.3091467511277477,1.0,0.5,0,1,0,0,0,1,1,0,0,0,0,0,1,0,0
1446,0.3461538461538461,1,0.631578947368421,1.4166666666666667,-0.25,-0.3333333333333333,0.0,-0.1020785561062209,-0.4944812362030905,0.0,-0.1923076923076923,0,1,0,0,0,1,1,0,0,0,0,0,0,0,1
1447,0.4230769230769231,2,-0.2105263157894736,-0.5833333333333334,0.0,0.0,0.0,-0.32081831919098,-0.2410979940493329,0.0,0.0769230769230769,0,0,0,0,0,1,0,1,0,0,1,0,0,0,1
1448,-0.0384615384615384,1,-0.7894736842105263,1.5,-0.25,-0.3333333333333333,0.0,-0.4922173026322742,-0.4929455801900374,0.0,-0.1153846153846153,1,0,0,0,1,0,0,0,1,0,1,0,0,0,1
1449,-0.6923076923076923,2,-0.1578947368421052,0.25,3.75,4.0,3.0,3.757674384200016,4.2165274978404845,3.0,-0.6538461538461539,0,0,0,1,0,1,0,0,1,1,0,0,0,1,0
1450,-0.0769230769230769,0,-0.1052631578947368,-0.1666666666666666,1.5,1.6666666666666667,1.0,1.8322149778618455,1.233899606488147,0.0,0.5,0,0,1,0,0,0,0,0,0,0,0,1,1,0,0
1451,-0.7307692307692307,0,0.2105263157894736,0.625,0.5,0.6666666666666666,0.0,0.6365644119915888,0.2641328342451292,2.0,0.3076923076923077,0,0,1,0,0,0,0,1,0,0,1,0,1,0,0
1452,0.3076923076923077,2,0.4210526315789473,0.4166666666666667,-0.5,-0.6666666666666666,0.0,-0.6057083681168304,-0.6488146655149246,0.0,-0.4230769230769231,0,1,0,0,0,1,0,1,0,0,0,1,0,0,0
1453,0.7307692307692307,2,0.7368421052631579,-0.125,1.25,0.6666666666666666,3.0,0.993691418426976,1.1847586140704482,0.0,-0.3846153846153846,0,0,0,0,0,1,1,0,0,0,0,1,0,0,1
1454,-0.1923076923076923,0,1.5263157894736843,2.083333333333333,2.5,2.6666666666666665,2.0,2.9065970644489774,2.7622612534792204,2.0,0.0769230769230769,0,1,0,0,0,1,1,0,0,0,1,0,0,1,0
1455,-0.6538461538461539,0,-0.5789473684210527,0.25,0.25,0.3333333333333333,0.0,0.0448046664482791,-0.2437853920721757,2.0,0.9615384615384616,0,0,0,1,0,1,0,0,0,0,0,0,1,0,0
1456,0.4230769230769231,2,-1.105263157894737,-0.375,-0.5,-0.6666666666666666,0.0,-0.6057083681168304,-0.6488146655149246,0.0,-0.6538461538461539,1,0,0,0,1,0,0,0,1,0,0,1,0,0,0
1457,0.6923076923076923,2,-0.1578947368421052,-0.4583333333333333,0.5,0.3333333333333333,1.0,0.2336605623831011,0.1167098569920338,1.0,-0.3076923076923077,0,1,0,0,0,1,0,1,0,1,0,0,0,0,1
1458,0.1538461538461538,2,0.5789473684210527,0.375,0.0,0.0,0.0,-0.1018672133399554,-0.2744985123332373,0.0,1.4230769230769231,0,0,0,0,0,1,1,0,0,0,0,1,1,0,0
1459,-0.2307692307692307,2,0.8947368421052632,0.25,-0.25,-0.3333333333333333,0.0,-0.0705884839326662,-0.5739514348785871,0.0,-1.1538461538461535,0,1,0,0,0,1,1,0,0,0,0,0,0,0,1
1460,0.5769230769230769,1,-0.4736842105263157,0.4166666666666667,-0.25,-0.3333333333333333,0.0,-0.3683704416007102,-0.5263460984739418,0.0,-0.1923076923076923,0,0,1,0,0,0,0,0,0,0,0,0,0,0,1
1461,-0.8461538461538461,1,-0.8947368421052632,0.125,-0.25,-0.3333333333333333,0.0,-0.4964441579575836,-0.4783568480660331,0.0,0.1923076923076923,0,0,0,1,0,1,0,1,0,0,0,1,0,0,1
1462,0.8076923076923077,1,0.9473684210526316,2.083333333333333,2.5,2.6666666666666665,2.0,2.193611108175796,2.868221518379883,2.0,-1.1923076923076923,0,0,0,1,0,1,0,1,0,1,0,0,0,1,0
1463,0.5384615384615384,1,1.2105263157894737,0.0416666666666666,-0.25,-0.3333333333333333,0.0,-0.1128570371857597,-0.4226893175928591,0.0,-0.2307692307692307,0,0,1,0,0,0,0,1,0,0,0,0,0,0,1
1464,0.6923076923076923,2,-0.3684210526315789,-0.2916666666666667,-0.25,-0.3333333333333333,0.0,-0.3840098063043548,-0.5816297149438525,1.0,0.8076923076923077,0,0,0,1,0,1,0,1,0,0,0,0,1,0,0
1465,-0.4230769230769231,1,-0.5789473684210527,1.2916666666666667,0.0,-0.3333333333333333,1.0,-0.297359272135513,-0.4802764180823495,0.0,0.5384615384615384,0,0,0,1,0,1,1,0,0,0,0,0,1,0,0
1466,-0.8461538461538461,0,0.1578947368421052,0.4166666666666667,2.0,2.333333333333333,1.0,1.8425285048556004,2.976869181303388,3.0,0.5769230769230769,0,0,0,0,0,1,0,1,0,1,0,0,0,1,0
1467,-0.1538461538461538,2,1.105263157894737,0.625,2.5,3.333333333333333,0.0,3.032557353143196,3.1312026106152224,2.0,-0.3846153846153846,0,0,1,0,0,0,0,0,1,0,1,0,0,1,0
1468,-0.2692307692307692,0,0.7368421052631579,1.0416666666666667,0.5,0.6666666666666666,0.0,0.2354358416197309,0.6442076974757655,0.0,-0.7692307692307693,1,0,0,0,1,0,0,0,1,0,1,0,0,0,1
1469,0.6153846153846154,2,0.2631578947368421,-0.0833333333333333,-0.25,-0.3333333333333333,0.0,-0.4440311519237476,-0.3547365390152605,0.0,-1.3076923076923077,0,0,0,0,0,1,0,1,0,0,0,0,0,0,1
1470,-0.9615384615384616,2,0.2105263157894736,1.7916666666666667,0.0,0.0,0.0,0.0648822292434985,0.1908052596218448,0.0,-0.1153846153846153,0,0,0,0,0,1,1,0,0,1,0,0,0,0,1
1471,-0.9615384615384616,0,0.6842105263157895,-0.5,0.0,0.0,0.0,-0.117929263576131,-0.3148094826758806,1.0,-0.7307692307692307,0,0,1,0,0,0,0,1,0,0,1,0,0,0,1
1472,0.0769230769230769,0,0.7894736842105263,-0.5,0.0,0.0,0.0,0.1221561189014402,-0.2883194164507149,1.0,0.3461538461538461,0,0,1,0,0,0,0,0,1,0,1,0,1,0,0
1473,0.2307692307692307,1,1.368421052631579,0.2916666666666667,1.25,1.6666666666666667,0.0,1.8856001606205024,0.9724541702658605,1.0,-0.7692307692307693,0,0,1,0,0,0,1,0,0,0,1,0,0,0,1
1474,-0.0769230769230769,0,-0.5263157894736842,-0.5,-0.25,-0.3333333333333333,0.0,-0.4353660985068635,-0.4349745656972837,0.0,1.0769230769230769,1,0,0,0,1,0,0,1,0,0,0,1,1,0,0
1475,-0.7307692307692307,0,0.1578947368421052,0.2083333333333333,1.25,1.3333333333333333,1.0,1.3788424756691644,1.4918898166810637,0.0,0.3461538461538461,0,0,0,0,0,1,0,0,0,1,0,0,1,0,0
1476,-0.9615384615384616,0,0.4210526315789473,0.4166666666666667,0.25,0.0,1.0,0.1973518751386936,0.1911891736251079,0.0,0.0769230769230769,1,0,0,0,1,0,0,0,1,0,1,0,0,0,1
1477,-0.6538461538461539,0,-0.3684210526315789,0.625,0.0,0.0,0.0,-0.186192977079877,-0.2288127459449083,0.0,1.3076923076923077,0,0,1,0,0,0,1,0,0,1,0,0,1,0,0
1478,0.1923076923076923,2,0.2105263157894736,-0.5416666666666666,0.0,-0.3333333333333333,1.0,-0.1227478786469836,-0.4745177080334005,0.0,1.3076923076923077,0,1,0,0,0,1,0,0,1,0,0,1,1,0,0
1479,0.2307692307692307,2,-0.3684210526315789,0.25,0.0,0.0,0.0,-0.2891169042511597,0.255302812170074,1.0,0.3461538461538461,0,0,0,1,0,1,1,0,0,0,1,0,1,0,0
1480,-0.6538461538461539,1,0.0,0.5,-0.5,-0.6666666666666666,0.0,-0.6057083681168304,-0.6488146655149246,0.0,-0.4230769230769231,1,0,0,0,1,0,0,0,1,0,0,0,0,0,0
1481,0.2692307692307692,1,-0.3157894736842105,-0.5833333333333334,0.0,-0.3333333333333333,1.0,-0.2284192617797174,0.065649294558019,0.0,0.3846153846153846,0,0,0,0,0,1,0,0,1,0,1,0,1,0,0
1482,0.8461538461538461,1,-0.4210526315789473,-0.5833333333333334,-0.25,-0.3333333333333333,0.0,-0.4239535891285282,-0.53671177656205,1.0,-0.4615384615384615,0,0,0,1,0,1,0,1,0,1,0,0,0,0,1
1483,-0.7692307692307693,0,0.3684210526315789,-0.0416666666666666,-0.25,-0.3333333333333333,0.0,-0.43832489723458,-0.1915730876283712,1.0,0.8076923076923077,1,0,0,0,1,0,0,0,0,0,1,0,1,0,0
1484,0.9230769230769232,1,0.0526315789473684,-0.4166666666666667,-0.5,-0.6666666666666666,0.0,-0.6057083681168304,-0.6488146655149246,0.0,-0.1923076923076923,0,0,0,0,0,1,0,0,0,0,0,1,0,0,0
1485,0.7692307692307693,1,-0.4210526315789473,-0.5833333333333334,0.0,0.0,0.0,-0.045650037513341,-0.1224685670409827,1.0,0.0769230769230769,1,0,0,0,1,0,0,0,0,0,1,0,0,0,1
1486,-0.6538461538461539,0,0.0526315789473684,-0.5416666666666666,0.0,0.0,0.0,-0.0145826508723172,-0.0499088204242249,1.0,-0.5384615384615384,0,0,1,0,0,0,1,0,0,0,0,0,0,0,1
1487,-0.9230769230769232,2,-0.6842105263157895,-0.5416666666666666,0.0,0.0,0.0,0.0295879872771654,-0.0180439581533736,0.0,0.1923076923076923,1,0,0,0,1,0,0,0,1,0,1,0,1,0,0
1488,0.3076923076923077,0,-0.2631578947368421,0.0,-0.25,-0.6666666666666666,1.0,-0.554943835659865,-0.1934926576446875,0.0,0.0,1,0,0,0,1,0,0,0,0,0,1,0,0,0,0
1489,-0.8461538461538461,2,-0.7368421052631579,0.125,0.25,-0.3333333333333333,2.0,-0.1475172508532964,-0.1815913235435262,0.0,-0.6538461538461539,1,0,0,0,1,0,0,0,1,1,0,0,0,0,1
1490,-0.0769230769230769,0,1.0526315789473684,1.125,-0.25,-0.3333333333333333,0.0,-0.2312089862944217,-0.2645167482483923,0.0,-0.8076923076923077,0,0,0,0,0,1,0,1,0,0,0,1,0,0,1
1491,-0.5384615384615384,1,0.1578947368421052,-0.5416666666666666,0.75,1.0,0.0,1.844176978432471,1.1317784816201173,2.0,0.4230769230769231,0,0,1,0,0,0,0,0,1,0,0,0,1,0,0
1492,0.1923076923076923,0,0.2631578947368421,-0.0833333333333333,0.25,-0.6666666666666666,3.0,-0.4504559720182178,0.1823591515500528,0.0,0.7692307692307693,0,0,0,0,0,1,0,1,0,0,0,0,1,0,0
1493,-0.0769230769230769,0,-0.3684210526315789,1.2083333333333333,-0.5,-0.6666666666666666,0.0,-0.6057083681168304,-0.6488146655149246,0.0,0.6923076923076923,1,0,0,0,1,0,0,0,1,0,0,1,0,0,0
1494,0.6923076923076923,2,0.631578947368421,0.2083333333333333,0.25,0.3333333333333333,0.0,0.2831993067957267,0.2829446204050293,0.0,-0.8461538461538461,0,0,1,0,0,0,1,0,0,0,1,0,0,0,1
1495,0.8461538461538461,2,-0.4736842105263157,-0.5833333333333334,0.0,-0.3333333333333333,1.0,-0.2510752063233756,0.0284096362414819,1.0,-0.7307692307692307,0,0,0,0,0,1,0,0,0,0,0,1,0,0,1
1496,-0.0384615384615384,1,-0.7894736842105263,-0.125,-0.25,-0.3333333333333333,0.0,-0.2734775395475152,-0.188501775602265,0.0,0.5384615384615384,0,0,0,1,0,1,0,0,0,0,0,0,1,0,0
1497,0.6153846153846154,1,0.0526315789473684,-0.4583333333333333,-0.25,-0.6666666666666666,1.0,-0.552661333784198,-0.2564545541798636,0.0,0.3076923076923077,0,0,0,1,0,1,0,1,0,0,1,0,1,0,0
1498,0.5384615384615384,0,-0.7368421052631579,-0.5833333333333334,0.0,0.0,0.0,-0.0350828992000676,0.065649294558019,1.0,0.6153846153846154,0,0,0,1,0,1,0,1,0,0,0,1,1,0,0
1499,-0.8846153846153846,1,-0.5263157894736842,1.375,-0.25,-0.3333333333333333,0.0,-0.2278275020341742,-0.2050100777425856,1.0,0.6153846153846154,0,1,0,0,0,1,0,1,0,0,1,0,1,0,0
1500,-0.0769230769230769,0,-0.7368421052631579,-0.5833333333333334,0.25,0.3333333333333333,0.0,0.0648822292434985,0.4395815337364431,1.0,1.3461538461538465,0,0,0,0,0,1,0,1,0,0,0,0,1,0,0
1501,0.3076923076923077,2,0.7894736842105263,1.375,0.75,0.3333333333333333,2.0,0.3390783341963164,1.1832229580573952,1.0,-0.8076923076923077,1,0,0,0,1,0,0,0,0,0,0,0,0,0,1
1502,-0.2692307692307692,1,-0.0526315789473684,-0.1666666666666666,4.5,6.0,0.0,4.929570023142034,3.336596602361071,2.0,0.1538461538461538,0,1,0,0,0,1,0,0,0,0,0,0,0,1,0
1503,0.2692307692307692,1,-1.105263157894737,-0.125,0.0,0.0,0.0,0.1481512791520929,0.1259237930703522,1.0,-0.9230769230769232,0,0,0,1,0,1,0,1,0,0,1,0,0,0,1
1504,0.0,2,-0.2105263157894736,1.3333333333333333,0.0,0.0,0.0,-0.3654116428729936,0.0721758326134946,1.0,-0.5769230769230769,1,0,0,0,1,0,0,0,0,0,0,1,0,0,1
1505,0.4230769230769231,1,1.5263157894736843,0.8333333333333334,7.0,7.666666666666667,5.0,6.522671795251129,8.171993473461944,5.0,0.0769230769230769,0,1,0,0,0,1,0,1,0,0,0,0,0,1,0
1506,-0.2692307692307692,2,0.5263157894736842,-0.0416666666666666,4.25,5.0,2.0,4.8432999059524695,3.872156636913332,3.0,0.0769230769230769,0,1,0,0,0,1,0,0,1,0,0,1,0,1,0
1507,0.3461538461538461,1,0.4210526315789473,-0.5833333333333334,4.25,5.0,2.0,5.448078365897732,4.105960264900662,4.0,-0.1153846153846153,0,0,1,0,0,0,0,0,1,0,0,1,0,1,0
1508,-0.3076923076923077,1,-0.2631578947368421,-0.1666666666666666,-0.25,-0.3333333333333333,0.0,-0.3159574355668741,-0.1566369133314137,1.0,-0.1538461538461538,0,1,0,0,0,1,0,0,0,0,1,0,0,0,1
1509,0.5769230769230769,2,0.2631578947368421,-0.5833333333333334,0.25,-0.3333333333333333,2.0,-0.2986695972863589,0.2756502543430271,0.0,0.7307692307692307,0,0,0,0,0,1,1,0,0,0,0,1,1,0,0
1510,-0.3461538461538461,2,-0.7368421052631579,0.7083333333333334,0.0,0.0,0.0,0.0025361131951856,0.1289951050964585,0.0,0.1538461538461538,0,0,0,1,0,1,0,1,0,0,1,0,1,0,0
1511,0.5769230769230769,1,1.1578947368421053,-0.5416666666666666,-0.25,-0.3333333333333333,0.0,-0.4040873690995742,-0.5482291966599481,1.0,-0.4230769230769231,0,0,1,0,0,0,0,0,0,0,0,1,0,0,1
1512,-0.9230769230769232,2,-0.2105263157894736,0.2916666666666667,0.25,0.0,1.0,0.0940052624348801,0.0176600441501104,0.0,-0.5769230769230769,0,0,0,0,0,1,0,1,0,0,0,0,0,0,1
1513,0.3846153846153846,1,-1.105263157894737,-0.5,-0.5,-0.6666666666666666,0.0,-0.6057083681168304,-0.6488146655149246,0.0,-0.8461538461538461,0,0,0,1,0,1,0,0,0,1,0,0,0,0,0
1514,0.4615384615384615,2,0.1578947368421052,-0.5833333333333334,-0.25,-0.3333333333333333,0.0,-0.3812623503429037,-0.510989538343411,0.0,0.4615384615384615,0,1,0,0,0,1,0,0,0,1,0,0,1,0,0
1515,-0.0769230769230769,1,0.0,0.0416666666666666,-0.5,-0.6666666666666666,0.0,-0.6057083681168304,-0.6488146655149246,0.0,0.8461538461538461,1,0,0,0,1,0,0,0,1,1,0,0,0,0,0
1516,-0.5384615384615384,1,-0.4210526315789473,-0.0833333333333333,0.0,0.0,0.0,0.186615662612408,0.0863806507342355,0.0,-0.7307692307692307,1,0,0,0,1,0,0,1,0,0,1,0,0,0,1
1517,-0.9230769230769232,0,0.5263157894736842,-0.5833333333333334,0.25,0.3333333333333333,0.0,0.6158528208975728,-0.0061426240522121,0.0,0.3461538461538461,0,0,0,0,0,1,0,0,0,0,1,0,1,0,0
1518,-0.5,1,-1.0526315789473684,0.6666666666666666,0.25,0.3333333333333333,0.0,0.0361396130313949,0.0214991841827431,2.0,1.8846153846153848,0,0,0,1,0,1,0,0,1,0,1,0,1,0,0
1519,0.6153846153846154,0,-0.1578947368421052,-0.4166666666666667,1.5,1.3333333333333333,2.0,1.3710650618705953,1.257318360687206,2.0,-0.8461538461538461,1,0,0,0,1,0,0,0,0,0,0,0,0,0,1
1520,-0.0384615384615384,0,1.5263157894736843,-0.0833333333333333,1.0,1.0,1.0,1.419842972324665,1.0826374892024189,0.0,0.7692307692307693,0,0,1,0,0,0,0,0,1,0,0,0,1,0,0
1521,-0.6538461538461539,1,0.4210526315789473,-0.4166666666666667,1.0,1.0,1.0,1.3760950197077133,1.2181591323543528,0.0,0.9230769230769232,0,0,1,0,0,0,1,0,0,0,0,0,1,0,0
1522,-0.9615384615384616,1,-0.631578947368421,-0.0833333333333333,2.0,2.6666666666666665,0.0,2.338719051493665,2.019387657164795,2.0,-0.5769230769230769,0,0,0,1,0,1,1,0,0,0,0,0,0,0,1
1523,0.1923076923076923,2,-0.1578947368421052,0.4166666666666667,-0.25,-0.3333333333333333,0.0,-0.2479050648293936,-0.606584125155965,1.0,0.4230769230769231,0,1,0,0,0,1,0,0,0,1,0,0,1,0,0
1524,-0.6153846153846154,1,-1.105263157894737,-0.375,-0.5,-0.6666666666666666,0.0,-0.6057083681168304,-0.6488146655149246,0.0,-0.0384615384615384,1,0,0,0,1,0,1,0,0,0,0,0,0,0,0
1525,-0.7307692307692307,2,1.5263157894736843,-0.0833333333333333,0.0,-0.3333333333333333,1.0,-0.3717519258609577,-0.0733275746232843,0.0,0.8461538461538461,0,0,1,0,0,0,0,0,1,0,0,1,1,0,0
1526,-0.4230769230769231,1,1.5263157894736843,0.25,4.0,4.333333333333333,3.0,5.214544609174391,4.40387753143296,2.0,0.2692307692307692,0,0,1,0,0,0,0,1,0,0,1,0,0,1,0
1527,0.6153846153846154,0,0.5263157894736842,1.0416666666666667,1.25,1.3333333333333333,1.0,1.060602538226623,2.00710240906037,1.0,0.1538461538461538,0,0,0,0,0,1,0,1,0,0,1,0,1,0,0
1528,-0.6923076923076923,1,-0.0526315789473684,-0.4166666666666667,2.5,3.0,1.0,2.610463580357804,1.8765716479508592,1.0,-0.8846153846153846,0,1,0,0,0,1,1,0,0,0,0,0,0,1,0
1529,-0.1538461538461538,1,-1.105263157894737,0.2916666666666667,-0.25,-0.3333333333333333,0.0,-0.2100747096678749,-0.2879355024474517,0.0,-0.3846153846153846,0,0,0,1,0,1,0,0,1,0,0,1,0,0,1
1530,-0.5384615384615384,0,0.2105263157894736,1.125,0.0,0.0,0.0,0.2168376781883698,0.1101833189365583,0.0,-0.5,0,1,0,0,0,1,0,0,0,0,0,1,0,0,1
1531,0.5384615384615384,0,0.1052631578947368,-0.375,0.25,-0.3333333333333333,2.0,-0.0745617279384569,0.3006046645551397,1.0,0.0,0,0,0,0,0,1,0,0,1,0,0,1,0,0,1
1532,-0.3461538461538461,2,-0.5789473684210527,-0.5833333333333334,0.0,0.0,0.0,-0.136527427007492,0.2088492177752184,0.0,-0.7692307692307693,0,0,0,0,0,1,0,0,1,0,0,0,0,0,1
1533,-0.1923076923076923,1,0.2105263157894736,-0.4583333333333333,0.5,0.6666666666666666,0.0,0.6395232107193053,0.4023418754199061,0.0,0.8461538461538461,0,1,0,0,0,1,0,1,0,1,0,0,1,0,0
1534,0.4230769230769231,0,0.3157894736842105,-0.4166666666666667,0.25,0.3333333333333333,0.0,0.7293438863821291,-0.1266916210768787,1.0,-0.7307692307692307,0,0,1,0,0,0,0,0,0,0,0,1,0,0,1
1535,-0.5384615384615384,0,1.2105263157894737,-0.375,0.25,0.3333333333333333,0.0,0.3041222406560079,0.0802380266820232,0.0,-0.3461538461538461,0,1,0,0,0,1,1,0,0,0,0,1,0,0,1
1536,0.7307692307692307,0,-1.105263157894737,0.125,-0.5,-0.6666666666666666,0.0,-0.6057083681168304,-0.6488146655149246,0.0,0.4230769230769231,1,0,0,0,1,0,0,0,0,0,0,1,0,0,0
1537,0.3846153846153846,0,-0.3157894736842105,0.4166666666666667,-0.25,-0.3333333333333333,0.0,-0.2760136527427008,-0.395431423361167,1.0,0.3461538461538461,1,0,0,0,1,0,0,0,0,1,0,0,1,0,0
1538,0.7692307692307693,0,0.2631578947368421,-0.0416666666666666,0.0,0.0,0.0,-0.3225090613211037,-0.1789039255206833,1.0,-0.1923076923076923,0,0,0,1,0,1,0,0,1,0,1,0,0,0,1
1539,-0.4615384615384615,1,1.5263157894736843,-0.5416666666666666,3.75,4.333333333333333,2.0,5.386662158020988,3.775794222094251,1.0,-0.2692307692307692,0,0,1,0,0,0,0,1,0,0,0,1,0,1,0
1540,-0.1153846153846153,0,0.5789473684210527,2.083333333333333,0.0,0.0,0.0,-0.0078196823518223,-0.0476053364046453,0.0,-0.0384615384615384,0,0,1,0,0,0,1,0,0,0,1,0,1,0,0
1541,0.0384615384615384,1,0.1052631578947368,-0.4583333333333333,0.75,0.3333333333333333,2.0,0.4033688036942717,0.4702946539975046,2.0,-0.7307692307692307,0,0,0,1,0,1,0,0,0,0,1,0,0,0,1
1542,-0.6923076923076923,2,-0.1052631578947368,0.2083333333333333,1.5,2.0,0.0,1.6721439666923803,1.1912851521259238,0.0,2.1923076923076925,0,1,0,0,0,1,0,1,0,0,1,0,1,0,0
1543,-0.0769230769230769,1,-0.2631578947368421,0.7083333333333334,0.0,0.0,0.0,0.1608318451280209,-0.017276130146847,0.0,0.1538461538461538,1,0,0,0,1,0,0,0,1,0,0,0,1,0,0
1544,-0.9230769230769232,1,-0.8947368421052632,-0.375,0.25,0.3333333333333333,0.0,0.2216985618124755,0.4848833861215089,0.0,-1.0384615384615383,0,1,0,0,0,1,0,0,0,0,0,1,0,0,1
1545,-0.9615384615384616,2,0.1578947368421052,0.25,6.0,7.333333333333333,2.0,8.725455179482845,6.58834821000096,2.0,-0.8846153846153846,0,0,1,0,0,0,0,0,0,1,0,0,0,1,0
1546,0.8461538461538461,2,0.0,0.2083333333333333,1.25,1.0,2.0,1.1865205583675889,1.21431999232172,0.0,-0.4615384615384615,0,1,0,0,0,1,0,1,0,0,0,1,0,0,1
1547,0.1153846153846153,2,0.3684210526315789,-0.5833333333333334,-0.25,-0.3333333333333333,0.0,-0.3599167309500915,-0.4157788655341203,0.0,0.6153846153846154,0,0,0,0,0,1,1,0,0,0,0,0,1,0,0
1548,0.6153846153846154,1,-0.8421052631578947,0.4583333333333333,-0.25,-0.3333333333333333,0.0,-0.4176133061405641,-0.4591611479028696,0.0,-0.1153846153846153,0,0,1,0,0,0,0,0,0,0,1,0,0,0,1
1549,0.6923076923076923,0,0.0,-0.5833333333333334,2.0,2.333333333333333,1.0,1.758709963754716,1.6569728380842692,3.0,-0.6153846153846154,1,0,0,0,1,0,1,0,0,0,0,1,0,1,0
1550,-0.3076923076923077,1,-0.5789473684210527,0.9583333333333334,-0.5,-0.6666666666666666,0.0,-0.6057083681168304,-0.6488146655149246,0.0,-0.3461538461538461,0,1,0,0,0,1,0,0,0,1,0,0,0,0,0
1551,-0.8461538461538461,1,-0.8947368421052632,-0.4583333333333333,-0.5,-0.6666666666666666,0.0,-0.6057083681168304,-0.6488146655149246,0.0,-0.4230769230769231,0,0,0,1,0,1,0,0,0,1,0,0,0,0,0
1552,0.1923076923076923,0,0.631578947368421,-0.5416666666666666,3.0,3.0,3.0,2.075512770386652,3.1749688069872346,3.0,-0.9230769230769232,1,0,0,0,1,0,0,1,0,1,0,0,0,1,0
1553,0.6153846153846154,0,-0.2631578947368421,-0.25,-0.5,-0.6666666666666666,0.0,-0.6057083681168304,-0.6488146655149246,0.0,0.9230769230769232,0,0,0,0,0,1,1,0,0,0,1,0,0,0,0
1554,-0.0769230769230769,2,-0.4736842105263157,0.8333333333333334,-0.25,-0.3333333333333333,0.0,-0.2322657001257489,-0.5428544006142624,1.0,-0.2692307692307692,0,0,1,0,0,0,0,0,1,0,0,1,0,0,1
1555,0.3461538461538461,1,0.1052631578947368,-0.3333333333333333,-0.25,-0.3333333333333333,0.0,-0.2176830492534317,-0.5263460984739418,0.0,0.3461538461538461,0,1,0,0,0,1,0,0,0,0,0,0,1,0,0
1556,0.3846153846153846,1,-0.2631578947368421,1.875,3.75,4.666666666666667,1.0,3.918971183413821,3.780017276130147,4.0,-0.3846153846153846,0,1,0,0,0,1,0,0,0,0,0,0,0,1,0
1557,0.4230769230769231,1,-0.6842105263157895,-0.1666666666666666,0.5,0.6666666666666666,0.0,0.3351896272970318,0.6929647758902008,1.0,-0.7692307692307693,0,0,0,1,0,1,0,0,1,1,0,0,0,0,1
1558,-0.2307692307692307,1,-0.5789473684210527,-0.3333333333333333,0.0,0.0,0.0,0.2305749579956252,0.0238026682023227,0.0,0.6538461538461539,0,0,1,0,0,0,1,0,0,0,0,1,1,0,0
1559,-0.1923076923076923,0,-0.4736842105263157,-0.1666666666666666,2.0,2.333333333333333,1.0,2.021535827882452,1.6105192436894138,2.0,-0.1538461538461538,0,1,0,0,0,1,0,0,0,0,0,1,0,1,0
1560,0.8461538461538461,2,-0.8947368421052632,-0.5833333333333334,-0.5,-0.6666666666666666,0.0,-0.6057083681168304,-0.6488146655149246,0.0,-0.9615384615384616,1,0,0,0,1,0,0,0,0,0,0,0,0,0,0
1561,0.1923076923076923,2,0.3157894736842105,0.6666666666666666,0.0,0.0,0.0,-0.0302220155759618,-0.1289951050964583,0.0,0.2692307692307692,1,0,0,0,1,0,1,0,0,0,0,0,1,0,0
1562,-0.7692307692307693,2,-0.1052631578947368,-0.2916666666666667,-0.25,-0.3333333333333333,0.0,-0.3616074730802152,-0.3328534408292541,0.0,0.7307692307692307,1,0,0,0,1,0,0,0,0,0,0,0,1,0,0
1563,0.9230769230769232,2,-1.105263157894737,-0.4583333333333333,-0.25,-0.3333333333333333,0.0,-0.2240233322413957,-0.3608791630674728,0.0,-0.0769230769230769,0,1,0,0,0,1,1,0,0,0,1,0,0,0,1
1564,-0.2692307692307692,0,0.4736842105263157,-0.5416666666666666,0.0,-0.3333333333333333,1.0,-0.1894899242336182,-0.1247720510605623,0.0,-0.7307692307692307,0,0,0,0,0,1,0,0,1,1,0,0,0,0,1
1565,0.5384615384615384,2,-1.105263157894737,-0.0833333333333333,0.0,0.0,0.0,-0.0061289402216985,-0.1996352816968998,1.0,0.1923076923076923,0,1,0,0,0,1,0,0,0,0,0,0,1,0,0
1566,-0.6153846153846154,0,0.7894736842105263,0.7916666666666666,1.0,1.3333333333333333,0.0,2.151680703348726,1.941837028505615,1.0,-0.0384615384615384,0,0,1,0,0,0,0,1,0,0,0,0,0,0,1
1567,-0.5769230769230769,0,-0.5789473684210527,0.375,0.5,0.6666666666666666,0.0,0.0636141726459058,0.181207409540263,1.0,-1.0,0,0,0,0,0,1,0,0,1,0,1,0,0,0,1
1568,-0.1153846153846153,1,0.8421052631578947,0.1666666666666666,0.25,0.0,1.0,0.2166263354221043,0.0049908820424225,0.0,1.0769230769230769,0,0,0,0,0,1,0,0,0,0,0,0,1,0,0
1569,-0.3461538461538461,0,-0.8947368421052632,2.083333333333333,-0.5,-0.6666666666666666,0.0,-0.6057083681168304,-0.6488146655149246,0.0,0.2307692307692307,1,0,0,0,1,0,0,0,1,0,1,0,0,0,0
1570,-0.2692307692307692,0,0.7368421052631579,2.083333333333333,0.25,0.3333333333333333,0.0,0.3630868724440735,-0.1289951050964583,1.0,0.4230769230769231,0,0,0,0,0,1,0,0,0,1,0,0,1,0,0
1571,0.5384615384615384,0,-0.5789473684210527,-0.4583333333333333,-0.25,-0.3333333333333333,0.0,-0.4193040482706879,-0.4787407620692964,0.0,0.1538461538461538,0,0,0,1,0,1,0,0,1,0,0,1,1,0,0
1572,-0.3461538461538461,2,-0.8947368421052632,0.4583333333333333,2.5,2.6666666666666665,2.0,2.0575486352540877,2.963048277185911,1.0,-0.5769230769230769,1,0,0,0,1,0,0,0,1,0,0,0,0,1,0
1573,-0.9615384615384616,1,0.3157894736842105,0.1666666666666666,0.0,0.0,0.0,-0.2119767945642641,-0.3570400230348401,1.0,0.7692307692307693,0,0,0,1,0,1,1,0,0,0,0,0,1,0,0
1574,0.0,1,-1.105263157894737,-0.5833333333333334,-0.5,-0.6666666666666666,0.0,-0.6057083681168304,-0.6488146655149246,0.0,0.5769230769230769,0,0,0,1,0,1,0,1,0,0,1,0,0,0,0
1575,-0.1153846153846153,0,1.0,-0.2916666666666667,8.0,8.333333333333334,7.0,8.873733264294698,8.131682503119302,4.0,0.1923076923076923,0,0,1,0,0,0,0,1,0,1,0,0,0,1,0
1576,0.8076923076923077,1,0.0526315789473684,0.0,-0.25,-0.3333333333333333,0.0,-0.2694620269884713,-0.4176984355504367,0.0,0.6538461538461539,0,1,0,0,0,1,0,1,0,1,0,0,1,0,0
1577,-0.8076923076923077,0,0.0,-0.4583333333333333,0.25,0.3333333333333333,0.0,0.0209229338602812,0.1044246088876092,1.0,0.5769230769230769,0,0,0,0,0,1,0,1,0,0,0,1,1,0,0
1578,-0.6923076923076923,0,0.7368421052631579,0.9583333333333334,0.0,0.0,0.0,-0.1606205023617554,-0.2057779057491121,1.0,-0.3846153846153846,1,0,0,0,1,0,0,0,1,1,0,0,0,0,1
1579,0.5769230769230769,1,1.2105263157894737,-0.4166666666666667,0.25,0.3333333333333333,0.0,0.0433252670844208,0.1604760533640464,3.0,-0.2692307692307692,0,1,0,0,0,1,0,0,1,0,0,1,0,0,1
1580,0.9615384615384616,0,-0.3157894736842105,0.0,-0.25,-0.3333333333333333,0.0,-0.2639671150655691,-0.4165466935406468,0.0,-0.5384615384615384,0,0,0,0,0,1,0,0,0,1,0,0,0,0,1
1581,0.8846153846153846,2,-0.1578947368421052,0.2083333333333333,1.5,2.0,0.0,2.8751069922754224,0.7693636625395911,2.0,0.0769230769230769,0,0,1,0,0,0,1,0,0,1,0,0,0,0,1
1582,-0.7692307692307693,1,0.5789473684210527,0.0,0.75,1.0,0.0,1.266577198228948,0.9620884921777524,0.0,-0.1538461538461538,0,1,0,0,0,1,1,0,0,0,0,0,0,0,1
1583,0.7692307692307693,0,0.4210526315789473,-0.125,1.25,0.6666666666666666,3.0,0.2271512051821247,1.2864958249352143,1.0,-0.3846153846153846,0,0,0,0,0,1,0,0,0,1,0,0,0,0,1
1584,-0.7692307692307693,0,0.631578947368421,0.25,0.25,0.3333333333333333,0.0,0.8884849893800263,-0.0748632306363374,0.0,0.6153846153846154,0,0,1,0,0,0,1,0,0,0,0,1,1,0,0
1585,0.0384615384615384,0,0.7894736842105263,-0.0833333333333333,-0.25,-0.3333333333333333,0.0,-0.3436433379476504,-0.2169114118437469,0.0,0.1538461538461538,0,0,0,0,0,1,0,0,0,1,0,0,1,0,0
1586,-0.0384615384615384,1,0.3157894736842105,0.0833333333333333,0.0,-0.3333333333333333,1.0,-0.3973666691323323,-0.1374412131682502,0.0,-0.1923076923076923,0,0,0,1,0,1,0,0,1,0,1,0,0,0,0
1587,-0.9615384615384616,1,-0.1052631578947368,0.625,0.0,-0.3333333333333333,1.0,-0.3143512305432566,-0.0211152701794796,0.0,2.0,0,0,0,0,0,1,0,0,0,1,0,0,1,0,0
1588,0.9615384615384616,2,1.5263157894736843,-0.5833333333333334,1.25,1.0,2.0,1.2820897572728331,1.4009021979076688,1.0,-1.1923076923076923,0,0,1,0,0,0,1,0,0,1,0,0,0,0,1
1589,0.5769230769230769,0,-0.0526315789473684,-0.2916666666666667,0.0,-0.3333333333333333,1.0,-0.28201578730464,-0.1996352816968998,0.0,0.0769230769230769,0,1,0,0,0,1,0,0,1,0,0,0,1,0,0
1590,0.0384615384615384,2,0.0526315789473684,-0.0833333333333333,0.0,-0.3333333333333333,1.0,-0.3387401857702916,0.0238026682023227,0.0,0.0384615384615384,0,1,0,0,0,1,0,1,0,0,1,0,0,0,0
1591,-0.5,2,0.4736842105263157,0.7916666666666666,0.0,0.0,0.0,0.2174717064871663,-0.1243881370572991,0.0,0.3076923076923077,0,1,0,0,0,1,1,0,0,0,0,0,1,0,0
1592,-0.2307692307692307,2,-0.1052631578947368,0.5833333333333334,0.0,-0.3333333333333333,1.0,-0.310927477729756,-0.2261253479220654,1.0,0.3461538461538461,0,0,0,0,0,1,0,1,0,0,0,0,1,0,0
1593,-0.1153846153846153,0,-0.8947368421052632,-0.4166666666666667,-0.5,-0.6666666666666666,0.0,-0.6057083681168304,-0.6488146655149246,0.0,-0.7307692307692307,1,0,0,0,1,0,1,0,0,1,0,0,0,0,0
1594,0.0769230769230769,0,-0.9473684210526316,1.125,2.25,2.0,3.0,1.3111282533577084,3.284000383914003,0.0,-0.3846153846153846,1,0,0,0,1,0,0,0,0,0,1,0,0,1,0
1595,0.6538461538461539,2,0.0526315789473684,-0.2916666666666667,0.75,0.6666666666666666,1.0,0.5305971489860831,0.6288511373452348,0.0,-0.8846153846153846,0,0,0,0,0,1,1,0,0,1,0,0,0,0,1
1596,-0.7692307692307693,2,0.0526315789473684,0.5,3.0,3.6666666666666665,1.0,4.299134551372144,3.636433438909685,1.0,-0.5384615384615384,0,0,1,0,0,0,0,1,0,0,0,0,0,1,0
1597,0.3461538461538461,1,-0.3157894736842105,-0.0833333333333333,4.75,5.333333333333333,3.0,4.543700400494543,5.290334964967847,3.0,-0.0769230769230769,0,0,0,1,0,1,0,0,1,1,0,0,0,1,0
1598,-0.4230769230769231,0,0.8421052631578947,0.0833333333333333,0.75,1.0,0.0,0.7739372100641427,1.3440829254247049,0.0,-0.1153846153846153,0,1,0,0,0,1,0,0,1,1,0,0,0,0,1
1599,-0.1153846153846153,0,0.6842105263157895,-0.375,0.0,0.0,0.0,0.1642133293882683,-0.1470390632498319,0.0,1.6538461538461535,0,0,1,0,0,0,0,1,0,1,0,0,1,0,0
1600,0.2692307692307692,0,0.5789473684210527,-0.0833333333333333,-0.25,-0.3333333333333333,0.0,-0.0858051631037798,-0.3055955465975621,0.0,1.3076923076923077,0,1,0,0,0,1,1,0,0,0,0,1,1,0,0
1601,-0.9615384615384616,0,0.2631578947368421,0.125,-0.25,-0.3333333333333333,0.0,-0.4858770196443102,-0.2322679719742777,0.0,-0.3076923076923077,0,1,0,0,0,1,0,0,1,0,0,0,0,0,1
1602,0.3076923076923077,2,-1.0,-0.5833333333333334,-0.25,-0.3333333333333333,0.0,-0.4753098813310368,-0.1831269795565792,0.0,-0.3076923076923077,0,0,0,0,0,1,1,0,0,0,0,1,0,0,1
1603,-0.3846153846153846,2,0.1052631578947368,2.083333333333333,-0.25,-0.3333333333333333,0.0,-0.3649889573404627,-0.2595258662059698,0.0,1.4615384615384617,1,0,0,0,1,0,0,0,0,1,0,0,1,0,0
1604,0.0769230769230769,1,-0.2631578947368421,1.1666666666666667,-0.5,-0.6666666666666666,0.0,-0.6057083681168304,-0.6488146655149246,0.0,0.8846153846153846,0,0,0,1,0,1,0,0,0,1,0,0,0,0,0
1605,-0.5769230769230769,0,-1.105263157894737,-0.5833333333333334,0.0,0.0,0.0,0.1745691249352763,-0.2165274978404837,1.0,-0.9615384615384616,0,0,0,1,0,1,0,0,1,0,1,0,0,0,1
1606,0.5769230769230769,2,-0.0526315789473684,-0.1666666666666666,-0.25,-0.3333333333333333,0.0,-0.3343442562319699,-0.334005182839044,0.0,-0.1538461538461538,0,0,1,0,0,0,1,0,0,1,0,0,0,0,1
1607,-0.7692307692307693,1,-0.2105263157894736,1.1666666666666667,2.25,3.0,0.0,2.956473957287628,1.6554371820712162,0.0,-0.3846153846153846,0,1,0,0,0,1,0,1,0,0,0,0,0,0,1
1608,-0.6153846153846154,1,-0.8421052631578947,-0.125,-0.25,-0.3333333333333333,0.0,-0.2246573605401921,-0.4445724157788654,0.0,0.1153846153846153,0,0,0,1,0,1,0,1,0,0,0,0,0,0,1
1609,0.1538461538461538,2,0.5263157894736842,-0.2083333333333333,0.25,0.3333333333333333,0.0,0.3537877907283929,0.1205489970246665,0.0,0.3461538461538461,0,1,0,0,0,1,0,0,0,0,0,1,1,0,0
1610,-0.2307692307692307,1,0.8947368421052632,-0.375,0.75,0.3333333333333333,2.0,0.1713989834412943,0.9225453498416356,1.0,-0.8076923076923077,0,1,0,0,0,1,0,1,0,0,1,0,0,0,1
1611,-0.3076923076923077,1,0.1578947368421052,-0.5833333333333334,0.25,0.0,1.0,0.2829879640294612,0.0,1.0,-0.6923076923076923,0,0,1,0,0,0,0,0,1,0,1,0,0,0,1
1612,0.5,1,-0.9473684210526316,0.4583333333333333,0.0,0.0,0.0,0.0069743112867603,0.1159420289855073,1.0,-0.1153846153846153,1,0,0,0,1,0,0,0,0,0,0,0,0,0,1
1613,-0.7692307692307693,1,0.1052631578947368,2.083333333333333,0.0,0.0,0.0,-0.0122578804433971,-0.0092139360783183,1.0,-0.2692307692307692,0,1,0,0,0,1,1,0,0,1,0,0,0,0,1
1614,0.2307692307692307,1,1.5263157894736843,0.0,0.25,0.0,1.0,0.4433125865184451,0.3520491409924178,0.0,-1.0,0,0,1,0,0,0,0,0,1,1,0,0,0,0,1
1615,-0.4615384615384615,2,1.368421052631579,-0.5,0.0,0.0,0.0,0.3535764479621274,-0.0909876187733947,0.0,0.6153846153846154,0,0,1,0,0,0,0,1,0,1,0,0,1,0,0
1616,-0.5769230769230769,1,-0.1578947368421052,-0.2916666666666667,-0.25,-0.3333333333333333,0.0,-0.2965139010704511,-0.2656684902581821,0.0,0.7307692307692307,1,0,0,0,1,0,0,0,1,0,0,1,1,0,0
1617,0.5769230769230769,2,-0.3684210526315789,2.083333333333333,0.0,0.0,0.0,-0.1792186657931166,-0.1209329110279296,2.0,0.0384615384615384,0,0,0,1,0,1,0,0,1,0,0,0,0,0,1
1618,0.5384615384615384,2,-0.3157894736842105,0.3333333333333333,0.75,0.6666666666666666,1.0,0.9362484545560218,0.8565121412803534,1.0,-0.5,1,0,0,0,1,0,0,0,0,0,0,0,0,0,1
1619,0.5,1,0.631578947368421,-0.375,0.25,0.3333333333333333,0.0,-0.0378303551615187,0.0691045205873884,0.0,0.1153846153846153,0,1,0,0,0,1,0,0,0,0,0,0,1,0,0
1620,-0.4615384615384615,1,1.5263157894736843,-0.125,0.0,0.0,0.0,0.2884828759523634,-0.008830022075055,0.0,0.0769230769230769,0,0,1,0,0,0,0,0,0,0,0,1,0,0,1
1621,-0.3076923076923077,0,0.1578947368421052,-0.5833333333333334,0.75,1.0,0.0,0.4862997051768412,0.5228908724445724,1.0,-0.5,0,1,0,0,0,1,0,0,0,1,0,0,0,0,1
1622,0.6153846153846154,0,0.1052631578947368,-0.5833333333333334,0.25,0.0,1.0,-0.1341603880253188,0.2564545541798637,0.0,-0.3461538461538461,0,0,0,1,0,1,0,1,0,1,0,0,0,0,1
1623,-0.5,0,0.6842105263157895,-0.2916666666666667,0.0,0.0,0.0,-0.01585070746991,-0.4445724157788654,0.0,1.3076923076923077,1,0,0,0,1,0,0,0,0,0,1,0,1,0,0
1624,0.4615384615384615,2,1.5263157894736843,0.375,1.5,2.0,0.0,2.2943370705779174,1.4865150206353777,3.0,0.0384615384615384,0,0,1,0,0,0,0,0,0,0,0,1,0,1,0
1625,0.0769230769230769,0,-0.2105263157894736,0.0,-0.25,-0.3333333333333333,0.0,-0.3474475077404288,-0.5259621844706786,0.0,0.3846153846153846,1,0,0,0,1,0,1,0,0,1,0,0,1,0,0
1626,0.5,0,0.0,-0.5416666666666666,0.0,0.0,0.0,0.3861232339670096,-0.3343890968423072,0.0,-0.8076923076923077,0,0,1,0,0,0,0,0,0,1,0,0,0,0,1
1627,0.1153846153846153,1,0.5263157894736842,0.4166666666666667,0.25,0.0,1.0,0.4388321198736172,0.5071503983107785,2.0,0.1153846153846153,0,0,1,0,0,0,1,0,0,0,0,0,0,0,1
1628,0.6153846153846154,2,-0.1052631578947368,1.4583333333333333,0.0,-0.3333333333333333,1.0,-0.1791763972398635,-0.081389768691813,0.0,-0.3076923076923077,0,0,0,1,0,1,0,1,0,0,0,1,0,0,1
1629,-0.1923076923076923,0,0.6842105263157895,0.0833333333333333,0.25,0.3333333333333333,0.0,-0.1227901472002367,0.0368557443132738,2.0,1.3846153846153846,0,1,0,0,0,1,1,0,0,0,1,0,1,0,0
1630,0.6538461538461539,0,-1.0,-0.2083333333333333,0.0,-0.6666666666666666,2.0,-0.5041793032028997,0.1359055571551973,1.0,1.0769230769230769,0,1,0,0,0,1,0,0,0,0,0,1,1,0,0
1631,-0.1923076923076923,2,0.3684210526315789,-0.5833333333333334,4.25,4.666666666666667,3.0,5.363414453731786,5.301852385065745,3.0,0.8846153846153846,0,0,1,0,0,0,1,0,0,0,0,0,0,1,0
1632,0.9615384615384616,0,-0.7368421052631579,0.7083333333333334,0.0,0.0,0.0,-0.0374076696289877,-0.0721758326134945,0.0,0.5,0,0,0,1,0,1,0,0,1,0,1,0,1,0,0
1633,-0.4615384615384615,2,-0.5263157894736842,-0.0833333333333333,1.5,1.6666666666666667,1.0,0.8303234601037697,1.302620213072272,1.0,0.1923076923076923,0,0,0,1,0,1,0,0,1,0,1,0,1,0,0
1634,0.6538461538461539,1,0.631578947368421,-0.5833333333333334,0.25,0.0,1.0,-0.1151395390614267,0.0034552260293695,1.0,0.5769230769230769,0,0,0,1,0,1,0,1,0,1,0,0,1,0,0
1635,-0.5,1,0.4210526315789473,0.0833333333333333,-0.5,-0.6666666666666666,0.0,-0.6057083681168304,-0.6488146655149246,0.0,0.5769230769230769,0,1,0,0,0,1,0,1,0,1,0,0,0,0,0
1636,-0.6923076923076923,1,1.105263157894737,0.5,0.5,0.6666666666666666,0.0,0.2538226622848267,0.1562529993281505,2.0,-0.3846153846153846,1,0,0,0,1,0,0,0,0,1,0,0,0,0,1
1637,-0.3846153846153846,2,0.0,-0.1666666666666666,-0.5,-0.6666666666666666,0.0,-0.6057083681168304,-0.6488146655149246,0.0,-0.8846153846153846,1,0,0,0,1,0,1,0,0,0,0,0,0,0,0
1638,-0.9615384615384616,0,0.0,1.5833333333333333,-0.25,-0.3333333333333333,0.0,-0.4600932021599231,-0.4975525482291966,1.0,0.6923076923076923,0,0,0,1,0,1,0,0,0,0,0,1,1,0,0
1639,0.3076923076923077,1,-0.2631578947368421,2.083333333333333,-0.25,-0.6666666666666666,1.0,-0.554943835659865,-0.3186486227085132,0.0,-0.1923076923076923,0,0,0,1,0,1,0,0,1,0,0,1,0,0,0
1640,0.0384615384615384,2,1.5263157894736843,0.2083333333333333,0.5,0.6666666666666666,0.0,0.993311001447698,0.0364718303100106,2.0,0.3076923076923077,0,0,1,0,0,0,1,0,0,0,0,1,1,0,0
1641,-0.7692307692307693,2,-0.1578947368421052,0.4166666666666667,0.25,0.3333333333333333,0.0,0.202043684549787,0.165466935406469,0.0,0.6923076923076923,1,0,0,0,1,0,0,1,0,0,0,1,1,0,0
1642,0.7307692307692307,0,-0.0526315789473684,0.875,0.0,-0.3333333333333333,1.0,-0.4207411790812931,-0.0330166042806411,0.0,0.1923076923076923,0,0,0,0,0,1,0,0,1,1,0,0,0,0,1
1643,-0.9230769230769232,1,0.3157894736842105,0.2083333333333333,0.0,0.0,0.0,0.1255376031616878,0.0936750167962377,1.0,-1.0769230769230769,0,0,1,0,0,0,0,0,1,0,0,0,0,0,1
1644,0.7307692307692307,2,-0.5789473684210527,-0.0833333333333333,0.25,0.3333333333333333,0.0,0.0955269303519913,0.1861982915826855,2.0,0.1923076923076923,0,0,0,0,0,1,0,0,0,1,0,0,1,0,0
1645,0.8076923076923077,0,-0.3684210526315789,-0.4166666666666667,0.0,0.0,0.0,-0.0688977418025425,-0.1489586332661483,0.0,0.5384615384615384,0,1,0,0,0,1,0,0,1,0,0,0,1,0,0
1646,-0.8461538461538461,0,1.105263157894737,-0.0833333333333333,0.0,0.0,0.0,0.3368803694271555,-0.0026873980228428,1.0,0.0769230769230769,0,0,1,0,0,0,1,0,0,0,0,0,0,0,1
1647,0.9615384615384616,0,-1.105263157894737,1.2916666666666667,0.0,-0.3333333333333333,1.0,-0.323100821066647,-0.0579710144927535,1.0,-0.9230769230769232,0,0,0,1,0,1,0,0,0,0,0,1,0,0,1
1648,-0.6923076923076923,1,-0.2105263157894736,0.125,-0.25,-0.6666666666666666,1.0,-0.5435735948347828,-0.2529993281504942,0.0,1.0769230769230769,1,0,0,0,1,0,0,0,0,0,0,1,1,0,0
1649,0.6538461538461539,1,-0.5263157894736842,0.875,0.75,1.0,0.0,0.5733729248782138,1.005854688549765,0.0,1.0,1,0,0,0,1,0,0,1,0,0,1,0,1,0,0
1650,0.9230769230769232,2,-0.9473684210526316,-0.2916666666666667,0.5,0.3333333333333333,1.0,-0.0625151902613253,0.2399462520395431,0.0,1.0,0,0,0,0,0,1,0,0,0,1,0,0,1,0,0
1651,0.7692307692307693,1,0.0,-0.5,-0.25,-0.3333333333333333,0.0,-0.470871683239462,-0.2956137825127171,0.0,-1.0,0,0,0,0,0,1,0,0,0,0,0,1,0,0,1
1652,-0.8076923076923077,0,1.0526315789473684,0.1666666666666666,3.25,4.0,1.0,4.904166622636925,2.537287647566945,1.0,-0.5,0,0,1,0,0,0,0,0,0,0,0,0,0,1,0
1653,0.1538461538461538,0,-0.5789473684210527,-0.4583333333333333,-0.25,-0.3333333333333333,0.0,-0.3438546807139159,-0.2165274978404837,0.0,0.6153846153846154,0,1,0,0,0,1,0,1,0,0,1,0,1,0,0
1654,0.4615384615384615,2,1.5263157894736843,0.1666666666666666,0.0,0.0,0.0,0.1601978168292245,-0.2695076302908147,0.0,-0.0769230769230769,0,1,0,0,0,1,1,0,0,0,0,1,0,0,1
1655,0.2692307692307692,1,0.631578947368421,0.9583333333333334,2.25,2.6666666666666665,1.0,3.198672767427853,2.101929167866398,2.0,-0.4615384615384615,0,1,0,0,0,1,0,0,0,0,1,0,0,1,0
1656,0.5384615384615384,2,-0.1578947368421052,0.0,-0.5,-0.6666666666666666,0.0,-0.6057083681168304,-0.6488146655149246,0.0,-0.7692307692307693,1,0,0,0,1,0,0,1,0,0,1,0,0,0,0
1657,0.0769230769230769,1,-1.105263157894737,-0.3333333333333333,-0.5,-0.6666666666666666,0.0,-0.6057083681168304,-0.6488146655149246,0.0,0.7307692307692307,0,0,0,0,0,1,0,0,1,0,0,1,0,0,0
1658,0.8461538461538461,1,1.5263157894736843,0.0,1.75,0.6666666666666666,5.0,1.74919953927277,2.196755926672425,1.0,0.1923076923076923,0,0,1,0,0,0,0,0,1,0,1,0,0,1,0
1659,-0.9230769230769232,0,0.2105263157894736,-0.2083333333333333,0.5,0.3333333333333333,1.0,0.5725698223664051,0.3800748632306364,2.0,-0.2307692307692307,0,0,0,0,0,1,1,0,0,1,0,0,0,0,1
1660,-0.7692307692307693,0,-1.105263157894737,-0.3333333333333333,-0.25,-0.3333333333333333,0.0,-0.3899274037597878,-0.6046645551396487,0.0,0.8846153846153846,0,0,0,1,0,1,0,0,0,1,0,0,1,0,0
1661,0.0769230769230769,2,-0.6842105263157895,-0.0833333333333333,-0.25,-0.3333333333333333,0.0,-0.4209947904008116,-0.3885209713024282,0.0,-1.1538461538461535,0,0,0,1,0,1,0,0,1,0,0,1,0,0,1
1662,-0.7307692307692307,1,-0.4736842105263157,0.1666666666666666,2.5,2.6666666666666665,2.0,2.959728635888116,2.0251463672137446,0.0,-0.6923076923076923,0,0,0,0,0,1,0,1,0,1,0,0,0,1,0
1663,0.0,1,0.1578947368421052,-0.5833333333333334,1.5,2.0,0.0,1.47305908087031,1.6723293982148,1.0,1.3461538461538465,0,1,0,0,0,1,0,1,0,0,0,1,1,0,0
1664,0.6153846153846154,1,-0.3684210526315789,-0.4583333333333333,3.25,4.0,1.0,4.963215791531496,3.614166426720416,2.0,-0.3846153846153846,0,0,1,0,0,0,0,0,0,0,0,0,0,1,0
1665,0.4230769230769231,0,1.105263157894737,-0.2916666666666667,1.25,1.3333333333333333,1.0,1.57703972187292,1.41395527401862,1.0,0.0769230769230769,0,0,1,0,0,0,0,0,1,0,1,0,0,1,0
1666,0.5384615384615384,2,1.0,0.8333333333333334,0.0,0.0,0.0,-0.2197964769160863,0.0061426240522124,1.0,-0.1923076923076923,0,1,0,0,0,1,0,1,0,1,0,0,0,0,1
1667,0.8076923076923077,2,0.3157894736842105,-0.4583333333333333,0.75,0.6666666666666666,1.0,0.5640738431625333,0.9025818216719456,3.0,-0.8461538461538461,0,1,0,0,0,1,0,1,0,0,0,1,0,0,1
1668,-0.1153846153846153,2,-1.105263157894737,-0.5416666666666666,0.0,0.0,0.0,0.0272632168482453,0.0863806507342355,1.0,0.5,0,1,0,0,0,1,1,0,0,0,0,1,1,0,0
1669,0.2692307692307692,2,1.263157894736842,-0.25,0.0,0.0,0.0,-0.0283199306795726,-0.3006046645551395,0.0,-0.5,0,1,0,0,0,1,1,0,0,1,0,0,0,0,1
1670,0.6923076923076923,1,0.7368421052631579,-0.0416666666666666,0.25,0.0,1.0,0.0500882356049158,0.0445340243785392,0.0,-0.6923076923076923,0,0,0,0,0,1,0,0,0,0,1,0,0,0,1
1671,-0.9615384615384616,2,-0.6842105263157895,0.375,-0.25,-0.3333333333333333,0.0,-0.3639322435091353,-0.5013916882618293,0.0,1.0769230769230769,0,1,0,0,0,1,0,1,0,1,0,0,1,0,0
1672,-0.3461538461538461,1,0.631578947368421,-0.1666666666666666,3.0,3.333333333333333,2.0,2.670611731636956,3.712064497552548,1.0,0.9230769230769232,0,1,0,0,0,1,0,0,1,0,1,0,0,1,0
1673,-0.9615384615384616,0,-0.8421052631578947,-0.0416666666666666,0.0,0.0,0.0,0.0249384464193251,0.0253383242153757,0.0,0.4230769230769231,0,0,0,1,0,1,0,1,0,0,1,0,1,0,0
1674,0.4230769230769231,2,0.9473684210526316,1.0416666666666667,0.75,0.6666666666666666,1.0,0.5108577346168885,0.99702466647471,2.0,-0.9230769230769232,0,0,1,0,0,0,0,0,0,0,0,1,0,0,1
1675,-0.7307692307692307,0,0.6842105263157895,-0.5416666666666666,1.5,1.3333333333333333,2.0,2.2065875540244955,1.0976101353296863,4.0,-0.4230769230769231,0,0,1,0,0,0,0,1,0,0,0,1,0,1,0
1676,0.3461538461538461,0,-0.2631578947368421,0.5,1.5,2.0,0.0,1.9695032388278932,1.285727996928688,1.0,1.1538461538461535,0,0,0,0,0,1,1,0,0,1,0,0,1,0,0
1677,-0.1153846153846153,0,1.5263157894736843,-0.25,0.0,0.0,0.0,-0.1496306785159511,0.0011517420097898,0.0,-1.0769230769230769,0,0,1,0,0,0,0,1,0,0,0,1,0,0,1
1678,0.8076923076923077,2,-0.631578947368421,-0.2916666666666667,-0.25,-0.3333333333333333,0.0,-0.2514978918559065,-0.1934926576446875,1.0,0.7307692307692307,0,0,0,1,0,1,0,0,0,0,0,0,1,0,0
1679,-0.1153846153846153,0,0.7894736842105263,-0.1666666666666666,2.0,2.6666666666666665,0.0,2.654465144294274,2.237066897015069,1.0,-0.6923076923076923,0,1,0,0,0,1,0,0,0,0,0,0,0,1,0
1680,0.8461538461538461,1,1.5263157894736843,-0.5833333333333334,2.5,2.6666666666666665,2.0,2.6320628110701345,2.376811594202899,2.0,-0.2692307692307692,0,1,0,0,0,1,0,1,0,0,1,0,0,1,0
1681,0.1153846153846153,2,-0.4210526315789473,1.25,2.75,3.0,2.0,2.416577726585864,2.1380170841731454,2.0,-0.7307692307692307,0,0,0,1,0,1,1,0,0,0,1,0,0,1,0
1682,0.4615384615384615,0,-0.0526315789473684,-0.5833333333333334,0.75,1.0,0.0,0.6238838460156606,0.8350129570976101,1.0,-0.7692307692307693,1,0,0,0,1,0,1,0,0,0,0,1,0,0,1
1683,0.3076923076923077,2,-0.1578947368421052,0.4166666666666667,0.25,0.3333333333333333,0.0,0.1272283452918115,0.2188309818600634,0.0,0.7307692307692307,0,0,0,1,0,1,0,0,1,0,0,1,1,0,0
1684,0.9615384615384616,0,0.5263157894736842,0.9166666666666666,-0.5,-0.6666666666666666,0.0,-0.6057083681168304,-0.6488146655149246,0.0,-0.1923076923076923,0,0,0,1,0,1,0,0,1,0,0,1,0,0,0
1685,0.1538461538461538,2,1.1578947368421053,0.4583333333333333,0.5,0.6666666666666666,0.0,0.9356144262572256,0.6426720414627124,1.0,-0.7692307692307693,0,1,0,0,0,1,1,0,0,0,1,0,0,0,1
1686,-0.2692307692307692,1,-0.9473684210526316,-0.5,0.0,0.0,0.0,-0.2111314234992022,-0.289855072463768,0.0,0.7307692307692307,1,0,0,0,1,0,0,0,1,0,0,1,1,0,0
1687,-0.2692307692307692,2,1.263157894736842,-0.5416666666666666,0.0,-0.3333333333333333,1.0,-0.411653440131878,-0.0863806507342354,1.0,0.4230769230769231,0,1,0,0,0,1,0,0,1,0,0,0,1,0,0
1688,0.0769230769230769,0,-0.3684210526315789,-0.125,0.25,0.0,1.0,0.4313083173945664,0.157020827334677,0.0,0.1153846153846153,0,0,1,0,0,0,0,0,1,0,0,0,1,0,0
1689,-0.2692307692307692,2,-0.3157894736842105,0.4166666666666667,0.25,0.3333333333333333,0.0,0.035294241966333,-0.3247912467607255,0.0,-0.3461538461538461,0,0,0,0,0,1,0,0,1,0,1,0,0,0,1
1690,0.0769230769230769,2,-0.1578947368421052,1.0,-0.25,-0.3333333333333333,0.0,-0.4596705166273922,-0.5117573663499375,0.0,0.1538461538461538,0,1,0,0,0,1,1,0,0,0,0,0,1,0,0
1691,-0.1153846153846153,1,-0.3684210526315789,-0.5,-0.5,-0.6666666666666666,0.0,-0.6057083681168304,-0.6488146655149246,0.0,-1.2692307692307692,1,0,0,0,1,0,0,1,0,1,0,0,0,0,0
1692,-0.2307692307692307,2,0.5263157894736842,0.625,5.5,6.333333333333333,3.0,5.0666892098950695,5.754870908916403,4.0,-0.1538461538461538,0,0,0,0,0,1,0,0,0,0,0,1,0,1,0
1693,0.4615384615384615,1,-0.1052631578947368,0.25,-0.25,-0.3333333333333333,0.0,-0.2834106495619922,-0.3800748632306363,0.0,-0.6538461538461539,0,0,0,0,0,1,1,0,0,0,1,0,0,0,1
1694,-0.5,0,0.0,-0.4166666666666667,2.5,2.6666666666666665,2.0,2.2450096689315573,2.2313081869661198,2.0,-0.1153846153846153,0,0,0,1,0,1,0,0,1,0,0,1,0,1,0
1695,0.3461538461538461,1,0.2631578947368421,0.9583333333333334,0.25,0.3333333333333333,0.0,-0.0046495408578402,0.1343699011421441,0.0,0.2307692307692307,1,0,0,0,1,0,0,1,0,1,0,0,1,0,0
1696,0.1153846153846153,2,-0.7368421052631579,0.9583333333333334,0.5,0.6666666666666666,0.0,0.4930626736973361,0.5681927248296382,0.0,-0.5384615384615384,0,0,0,1,0,1,1,0,0,0,0,1,0,0,1
1697,0.1538461538461538,0,-0.1578947368421052,-0.5,0.0,0.0,0.0,-0.0224023332241395,-0.0955945868125539,0.0,-0.4230769230769231,1,0,0,0,1,0,0,1,0,1,0,0,0,0,1
1698,0.9230769230769232,0,-0.4736842105263157,0.375,-0.5,-0.6666666666666666,0.0,-0.6057083681168304,-0.6488146655149246,0.0,-0.7692307692307693,0,0,1,0,0,0,0,0,0,0,0,0,0,0,0
1699,0.2692307692307692,0,-0.7368421052631579,1.4166666666666667,-0.5,-0.6666666666666666,0.0,-0.6057083681168304,-0.6488146655149246,0.0,1.3846153846153846,0,0,0,1,0,1,1,0,0,0,1,0,0,0,0
1700,0.0,2,-1.105263157894737,1.7916666666666667,-0.25,-0.3333333333333333,0.0,-0.1620999017256137,-0.3958153373644303,0.0,0.3461538461538461,0,1,0,0,0,1,0,1,0,0,0,0,1,0,0
1701,-0.8461538461538461,0,0.0526315789473684,1.7916666666666667,0.25,0.3333333333333333,0.0,0.7012352984688219,0.0936750167962377,0.0,-1.0384615384615383,0,0,1,0,0,0,1,0,0,0,0,0,0,0,1
1702,0.1923076923076923,2,-0.0526315789473684,0.125,-0.25,-0.3333333333333333,0.0,-0.2546680333498886,-0.3332373548325174,0.0,1.5769230769230769,0,0,0,1,0,1,0,0,1,0,0,1,1,0,0
1703,0.6923076923076923,2,-0.7368421052631579,1.0833333333333333,-0.25,-0.3333333333333333,0.0,-0.4755212240973023,-0.3800748632306363,1.0,-1.0384615384615383,0,0,0,1,0,1,0,0,0,0,0,0,0,0,1
1704,-0.6538461538461539,1,-0.1052631578947368,-0.5833333333333334,-0.5,-0.6666666666666666,0.0,-0.6057083681168304,-0.6488146655149246,0.0,-1.2307692307692308,1,0,0,0,1,0,1,0,0,0,1,0,0,0,0
1705,0.2307692307692307,2,-0.7894736842105263,0.5833333333333334,0.0,0.0,0.0,0.0910887322604165,-0.1577886553412035,0.0,-0.5384615384615384,0,0,1,0,0,0,0,0,1,0,1,0,0,0,1
1706,0.5,1,0.4736842105263157,-0.5833333333333334,0.75,1.0,0.0,0.8411442097365613,0.3259429887705155,1.0,-0.6538461538461539,0,1,0,0,0,1,0,0,0,0,0,0,0,0,1
1707,-0.9230769230769232,2,-0.7368421052631579,0.5416666666666666,1.0,1.3333333333333333,0.0,0.7454059366183045,1.5993857375947789,0.0,-0.6538461538461539,1,0,0,0,1,0,0,1,0,1,0,0,0,0,1
1708,0.0,0,0.5263157894736842,0.0833333333333333,-0.25,-0.3333333333333333,0.0,-0.4070461678272907,-0.3773874652077933,0.0,-0.3076923076923077,0,0,0,0,0,1,0,0,0,0,1,0,0,0,1
1709,0.6538461538461539,2,0.5789473684210527,1.9583333333333333,2.25,3.0,0.0,2.3621780985491325,2.8198483539687107,4.0,0.4230769230769231,1,0,0,0,1,0,0,1,0,0,0,0,0,1,0
1710,-0.5384615384615384,1,0.0526315789473684,-0.0416666666666666,0.0,0.0,0.0,0.2301522724630942,0.0721758326134946,0.0,0.1923076923076923,0,0,1,0,0,0,0,0,0,0,1,0,1,0,0
1711,-0.2692307692307692,0,-0.5789473684210527,2.083333333333333,-0.5,-0.6666666666666666,0.0,-0.6057083681168304,-0.6488146655149246,0.0,0.1538461538461538,1,0,0,0,1,0,0,1,0,0,0,0,0,0,0
1712,0.0,0,0.0526315789473684,-0.125,2.0,2.333333333333333,1.0,1.7624295964409884,1.4988002687398023,4.0,0.3846153846153846,0,0,0,0,0,1,0,1,0,0,0,0,0,1,0
1713,-0.9230769230769232,0,0.9473684210526316,0.125,0.0,0.0,0.0,0.0217683049253431,-0.2138400998176408,0.0,1.3461538461538465,0,1,0,0,0,1,0,0,1,1,0,0,1,0,0
1714,-0.2307692307692307,1,-0.8947368421052632,-0.5833333333333334,0.25,0.3333333333333333,0.0,0.5188464911817232,-0.1574047413379402,1.0,0.0769230769230769,0,0,0,1,0,1,0,0,1,1,0,0,0,0,1
1715,0.8076923076923077,0,-1.0526315789473684,0.875,0.75,0.6666666666666666,1.0,0.2271934737353776,1.4964967847202229,0.0,0.5769230769230769,1,0,0,0,1,0,0,0,1,0,0,1,1,0,0
1716,0.2692307692307692,1,-0.1052631578947368,-0.2916666666666667,-0.5,-0.6666666666666666,0.0,-0.6057083681168304,-0.6488146655149246,0.0,-0.2307692307692307,0,0,0,1,0,1,0,1,0,0,0,1,0,0,0
1717,-0.1153846153846153,2,0.0,-0.5416666666666666,0.0,0.0,0.0,0.1035579554700792,-0.2257414339188021,1.0,0.2692307692307692,0,1,0,0,0,1,0,1,0,0,0,1,1,0,0
1718,0.0,1,0.8947368421052632,1.0,0.25,0.3333333333333333,0.0,0.2783384231716209,0.0894519627603417,1.0,-0.6923076923076923,0,0,0,0,0,1,0,1,0,1,0,0,0,0,1
1719,0.4230769230769231,2,-0.4210526315789473,1.0833333333333333,0.75,1.0,0.0,0.9599188443777544,0.687589979844515,0.0,1.2692307692307692,0,1,0,0,0,1,0,0,0,0,0,1,1,0,0
1720,-0.1153846153846153,2,-0.6842105263157895,-0.375,3.25,2.6666666666666665,5.0,2.1715469233776807,4.007294366062002,1.0,-0.5384615384615384,0,0,0,1,0,1,0,0,1,1,0,0,0,1,0
1721,-0.4230769230769231,1,-0.3157894736842105,0.125,2.25,2.6666666666666665,1.0,2.6903511460061504,1.396679143871773,5.0,0.1923076923076923,0,1,0,0,0,1,0,1,0,0,0,0,0,1,0
1722,0.9230769230769232,2,0.4210526315789473,-0.2916666666666667,0.0,0.0,0.0,-0.0891866473640273,0.1977157116805836,0.0,0.4615384615384615,0,1,0,0,0,1,0,0,1,0,1,0,1,0,0
1723,0.8846153846153846,0,0.5789473684210527,-0.4166666666666667,0.5,0.6666666666666666,0.0,0.1847135777160187,0.205393991745849,0.0,-0.8076923076923077,1,0,0,0,1,0,0,0,1,0,0,0,0,0,1
1724,0.8461538461538461,1,0.2631578947368421,-0.0833333333333333,0.0,0.0,0.0,-0.0777741379856921,-0.1431999232171993,0.0,1.0384615384615383,0,0,1,0,0,0,1,0,0,1,0,0,1,0,0
1725,-0.7307692307692307,2,0.9473684210526316,-0.5,-0.25,-0.3333333333333333,0.0,-0.4400156393647037,-0.5547557347154237,1.0,-0.5,0,0,0,0,0,1,0,1,0,1,0,0,0,0,1
1726,0.3846153846153846,1,-0.1578947368421052,0.5833333333333334,-0.25,-0.3333333333333333,0.0,-0.3089831242801137,-0.324023418754199,0.0,-0.6538461538461539,0,0,0,1,0,1,1,0,0,0,1,0,0,0,1
1727,-0.4230769230769231,1,-1.105263157894737,-0.4166666666666667,-0.5,-0.6666666666666666,0.0,-0.6057083681168304,-0.6488146655149246,0.0,0.5,0,0,0,0,0,1,0,1,0,0,1,0,0,0,0
1728,-0.9230769230769232,2,0.1578947368421052,-0.5,2.0,1.6666666666666667,3.0,1.792144389377913,2.2439773490738077,2.0,0.0769230769230769,0,0,0,1,0,1,0,0,0,0,0,0,0,1,0
1729,-0.0769230769230769,0,0.0526315789473684,0.2083333333333333,-0.25,-0.6666666666666666,1.0,-0.554943835659865,-0.3800748632306363,1.0,-0.9615384615384616,0,0,1,0,0,0,1,0,0,0,0,0,0,0,1
1730,0.2307692307692307,1,0.5263157894736842,1.25,1.0,1.3333333333333333,0.0,1.1370240825082163,0.89605528361647,1.0,-0.2307692307692307,0,0,0,1,0,1,0,1,0,0,1,0,0,0,1
1731,0.3846153846153846,1,-0.5263157894736842,-0.2083333333333333,0.0,0.0,0.0,-0.3165914638656706,0.1873500335924754,0.0,0.9230769230769232,0,0,0,1,0,1,0,1,0,0,0,0,1,0,0
1732,-0.8076923076923077,2,0.5263157894736842,-0.3333333333333333,-0.25,-0.3333333333333333,0.0,-0.3992264854754684,-0.1888856896055283,0.0,0.7307692307692307,1,0,0,0,1,0,0,0,0,0,0,0,1,0,0
1733,0.2307692307692307,1,-0.1052631578947368,0.5,0.25,0.0,1.0,0.0385066520135682,0.129762933102985,0.0,-0.9230769230769232,0,0,1,0,0,0,1,0,0,0,0,0,0,0,1
1734,-0.3461538461538461,0,-1.105263157894737,-0.0416666666666666,-0.5,-0.6666666666666666,0.0,-0.6057083681168304,-0.6488146655149246,0.0,0.5384615384615384,0,0,0,0,0,1,0,0,1,0,0,1,0,0,0
1735,0.3461538461538461,2,1.5263157894736843,1.1666666666666667,3.0,3.6666666666666665,1.0,4.267264062219311,2.522315001439677,3.0,-0.6153846153846154,0,0,1,0,0,0,1,0,0,0,1,0,0,1,0
1736,0.3461538461538461,2,1.368421052631579,2.083333333333333,0.0,-0.3333333333333333,1.0,-0.0640791267316898,-0.1405125251943564,0.0,-0.2307692307692307,0,0,1,0,0,0,0,1,0,0,0,0,0,0,1
1737,-0.8846153846153846,0,0.9473684210526316,2.083333333333333,0.0,0.0,0.0,0.4615726015237814,0.1224685670409828,0.0,-0.5,0,0,1,0,0,0,1,0,0,1,0,0,0,0,1
1738,-0.6538461538461539,1,-0.7894736842105263,0.0833333333333333,-0.5,-0.6666666666666666,0.0,-0.6057083681168304,-0.6488146655149246,0.0,0.6153846153846154,0,0,1,0,0,0,0,0,1,0,0,1,0,0,0
1739,0.4230769230769231,2,0.8421052631578947,0.25,0.25,0.0,1.0,-0.1034311498103199,0.3489778289663115,0.0,1.0384615384615383,0,0,1,0,0,0,1,0,0,0,0,0,1,0,0
1740,0.8461538461538461,2,-0.4210526315789473,-0.1666666666666666,-0.5,-0.6666666666666666,0.0,-0.6057083681168304,-0.6488146655149246,0.0,1.0384615384615383,0,0,0,1,0,1,0,1,0,0,0,0,0,0,0
1741,-0.7307692307692307,1,1.2105263157894737,0.0833333333333333,0.5,0.6666666666666666,0.0,1.13639005420942,0.1044246088876092,1.0,-0.2692307692307692,0,0,1,0,0,0,0,0,0,1,0,0,0,0,1
1742,-0.2307692307692307,1,-0.2105263157894736,-0.5416666666666666,2.25,3.0,0.0,2.7155432037449945,2.240138209041175,2.0,-0.6538461538461539,1,0,0,0,1,0,0,0,1,0,0,0,0,1,0
1743,0.5,0,-1.0526315789473684,-0.1666666666666666,0.0,0.0,0.0,0.0676296852049496,-0.092907188789711,0.0,-0.8076923076923077,0,0,0,1,0,1,0,1,0,0,0,0,0,0,1
1744,0.7307692307692307,1,-0.5789473684210527,0.9166666666666666,0.0,0.0,0.0,-0.1251149176291569,-0.0702562625971781,0.0,0.1153846153846153,1,0,0,0,1,0,0,1,0,1,0,0,0,0,1
1745,-0.6923076923076923,2,0.5789473684210527,-0.3333333333333333,2.75,3.6666666666666665,0.0,2.768801580843892,2.620980900278338,1.0,-0.2692307692307692,1,0,0,0,1,0,1,0,0,0,0,1,0,1,0
1746,-0.8461538461538461,1,-0.6842105263157895,0.8333333333333334,-0.25,-0.3333333333333333,0.0,-0.4269123878562447,-0.2848641904213455,1.0,-0.6153846153846154,1,0,0,0,1,0,0,0,1,0,1,0,0,0,1
1747,0.8461538461538461,2,-0.5789473684210527,-0.1666666666666666,1.25,1.3333333333333333,1.0,1.1379117221265311,1.6132066417122566,0.0,-0.1538461538461538,1,0,0,0,1,0,0,0,1,0,0,0,0,0,1
1748,-0.8461538461538461,1,1.5263157894736843,-0.5833333333333334,7.25,8.333333333333334,4.0,10.193315228303025,8.35588828102505,7.0,1.3461538461538465,0,0,1,0,0,0,0,0,0,1,0,0,0,1,0
1749,-0.1153846153846153,2,0.6842105263157895,-0.5833333333333334,0.5,0.3333333333333333,1.0,0.016738347088225,0.6315385353680777,1.0,-0.7307692307692307,0,0,0,0,0,1,1,0,0,0,1,0,0,0,1
1750,0.1923076923076923,2,0.2631578947368421,-0.125,0.0,0.0,0.0,-0.0414231821880316,-0.0737114886265475,0.0,0.3846153846153846,1,0,0,0,1,0,0,0,1,0,0,0,1,0,0
1751,-0.4615384615384615,0,0.5263157894736842,-0.5833333333333334,-0.5,-0.6666666666666666,0.0,-0.6057083681168304,-0.6488146655149246,0.0,1.3461538461538465,0,0,0,1,0,1,0,0,0,0,0,1,1,0,0
1752,-0.0769230769230769,2,0.2631578947368421,1.9583333333333333,0.0,-0.3333333333333333,1.0,-0.4453414770745935,-0.1074959209137152,0.0,-0.6538461538461539,0,0,0,0,0,1,0,0,0,0,0,1,0,0,1
1753,0.2692307692307692,1,0.2631578947368421,-0.2916666666666667,-0.25,-0.3333333333333333,0.0,-0.457768431731003,-0.2522315001439677,0.0,1.0384615384615383,0,0,0,1,0,1,1,0,0,0,0,0,1,0,0
1754,0.2307692307692307,0,-0.3684210526315789,-0.375,0.5,0.3333333333333333,1.0,0.5817420984223264,0.683366925808619,2.0,-0.8846153846153846,0,0,0,1,0,1,0,0,0,0,0,0,0,0,1
1755,-0.2307692307692307,2,-0.3157894736842105,1.375,0.0,0.0,0.0,0.1350480276436338,-0.1908052596218446,0.0,0.4230769230769231,0,1,0,0,0,1,0,0,1,0,1,0,1,0,0
1756,-0.8846153846153846,1,-0.4736842105263157,-0.0833333333333333,-0.25,-0.3333333333333333,0.0,-0.3590713598850296,-0.2672041462712352,0.0,1.0,0,1,0,0,0,1,0,1,0,1,0,0,1,0,0
1757,-0.8846153846153846,0,-0.2105263157894736,-0.5416666666666666,-0.25,-0.3333333333333333,0.0,-0.2595289169739943,-0.4365102217103368,0.0,-0.5,1,0,0,0,1,0,0,1,0,0,0,1,0,0,1
1758,-0.3076923076923077,2,1.5263157894736843,0.4583333333333333,0.25,0.0,1.0,0.2391554743060032,-0.0191957001631634,0.0,0.4615384615384615,0,0,1,0,0,0,0,1,0,1,0,0,1,0,0
1759,0.1153846153846153,1,-0.8421052631578947,-0.0833333333333333,-0.25,-0.3333333333333333,0.0,-0.3899274037597878,-0.451098953834341,1.0,0.2307692307692307,1,0,0,0,1,0,0,0,0,0,1,0,1,0,0
1760,0.3461538461538461,1,-0.1052631578947368,-0.3333333333333333,0.75,1.0,0.0,1.0097957372164046,0.3412995489010462,1.0,0.0384615384615384,1,0,0,0,1,0,0,0,1,0,0,1,0,0,1
1761,0.8846153846153846,0,-0.6842105263157895,-0.4583333333333333,1.75,2.333333333333333,0.0,1.686092589265901,1.1026010173721086,0.0,-0.0769230769230769,0,0,0,1,0,1,0,0,0,0,0,1,0,0,1
1762,0.0769230769230769,0,-0.2105263157894736,0.2916666666666667,-0.25,-0.3333333333333333,0.0,-0.2827766212631958,-0.3712448411555811,0.0,0.4615384615384615,0,0,0,1,0,1,0,0,1,0,0,0,1,0,0
1763,0.3461538461538461,0,-1.105263157894737,-0.3333333333333333,-0.25,-0.3333333333333333,0.0,-0.4374795261695181,-0.222670121892696,0.0,-1.0,0,0,0,0,0,1,1,0,0,1,0,0,0,0,1
1764,0.8461538461538461,1,-0.0526315789473684,-0.2083333333333333,1.0,1.3333333333333333,0.0,0.932232941996978,1.2120165083021404,1.0,0.3846153846153846,1,0,0,0,1,0,0,0,1,0,1,0,1,0,0
1765,-0.7692307692307693,1,-1.105263157894737,0.0833333333333333,0.0,-0.3333333333333333,1.0,-0.1610009193410332,-0.2472406181015451,0.0,0.5769230769230769,0,0,0,0,0,1,1,0,0,0,0,1,1,0,0
1766,-0.3076923076923077,0,-0.1052631578947368,-0.5416666666666666,1.75,1.6666666666666667,2.0,1.3908467447930428,1.896535176120549,0.0,-0.4230769230769231,0,0,0,1,0,1,1,0,0,0,0,1,0,0,1
1767,0.4230769230769231,2,-0.0526315789473684,0.9166666666666666,5.25,4.0,9.0,3.3159680027051883,5.956041846626356,4.0,-0.1153846153846153,0,0,0,0,0,1,1,0,0,0,0,1,0,1,0
1768,-0.9230769230769232,0,1.5263157894736843,0.125,-0.5,-0.6666666666666666,0.0,-0.6057083681168304,-0.6488146655149246,0.0,0.2307692307692307,1,0,0,0,1,0,0,1,0,0,0,0,0,0,0
1769,0.5769230769230769,2,0.2631578947368421,0.8333333333333334,-0.25,-0.3333333333333333,0.0,-0.4736191392009131,-0.4034936174296957,1.0,0.9230769230769232,1,0,0,0,1,0,0,1,0,0,1,0,1,0,0
1770,-0.3076923076923077,2,0.6842105263157895,0.0,0.25,0.0,1.0,0.3345978675514884,0.653421633554084,0.0,-0.4230769230769231,0,0,1,0,0,0,0,0,1,0,0,1,0,0,1
1771,0.9230769230769232,0,-1.105263157894737,0.5416666666666666,-0.5,-0.6666666666666666,0.0,-0.6057083681168304,-0.6488146655149246,0.0,-0.5384615384615384,0,0,0,0,0,1,0,1,0,0,0,1,0,0,0
1772,-0.6153846153846154,2,-0.3157894736842105,-0.2083333333333333,-0.5,-0.6666666666666666,0.0,-0.6057083681168304,-0.6488146655149246,0.0,0.2692307692307692,0,1,0,0,0,1,0,0,0,0,0,0,0,0,0
1773,-0.5384615384615384,2,-0.4210526315789473,-0.2083333333333333,0.0,0.0,0.0,0.330328743672926,-0.2445532200787023,1.0,0.0,0,0,1,0,0,0,1,0,0,1,0,0,0,0,1
1774,-0.8461538461538461,2,0.5263157894736842,-0.125,0.25,0.3333333333333333,0.0,0.3793602654465144,0.3904405413187446,1.0,0.5769230769230769,0,1,0,0,0,1,1,0,0,0,0,1,1,0,0
1775,0.3461538461538461,2,-0.1052631578947368,-0.4166666666666667,0.0,-0.3333333333333333,1.0,-0.3288070757558146,0.1554851713216241,0.0,-0.0769230769230769,0,0,0,0,0,1,0,0,0,0,0,0,0,0,1
1776,0.2692307692307692,0,1.5263157894736843,0.5,0.0,0.0,0.0,0.3512516775332073,-0.1700739034456281,0.0,-0.5769230769230769,0,0,1,0,0,0,0,0,1,0,0,0,0,0,1
1777,0.4230769230769231,0,0.5263157894736842,2.083333333333333,-0.5,-0.6666666666666666,0.0,-0.6057083681168304,-0.6488146655149246,0.0,-0.1923076923076923,0,0,0,0,0,1,0,0,1,1,0,0,0,0,0
1778,-0.9230769230769232,0,0.631578947368421,0.6666666666666666,1.25,1.3333333333333333,1.0,1.08761214375535,1.3556003455226031,0.0,-0.5384615384615384,0,1,0,0,0,1,1,0,0,0,0,1,0,0,1
1779,0.1923076923076923,0,1.3157894736842106,1.1666666666666667,0.25,0.3333333333333333,0.0,0.3814736931091692,0.0429983683654861,0.0,-0.1538461538461538,0,0,0,0,0,1,0,0,0,0,0,0,0,0,1
1780,-0.6153846153846154,2,-0.1578947368421052,-0.4583333333333333,-0.5,-0.6666666666666666,0.0,-0.6057083681168304,-0.6488146655149246,0.0,0.3846153846153846,0,0,0,0,0,1,0,0,1,0,0,0,0,0,0
1781,0.7692307692307693,2,-0.8421052631578947,-0.5,0.0,-0.3333333333333333,1.0,-0.2471019623175848,-0.0940589307995008,0.0,0.6153846153846154,0,0,0,1,0,1,0,0,0,0,0,1,1,0,0
1782,0.6538461538461539,2,1.5263157894736843,-0.4583333333333333,1.75,2.0,1.0,3.00364566271808,1.4711584605048469,1.0,-1.0384615384615383,0,0,1,0,0,0,0,1,0,0,1,0,0,0,1
1783,0.4230769230769231,2,0.3684210526315789,0.875,-0.5,-0.6666666666666666,0.0,-0.6057083681168304,-0.6488146655149246,0.0,0.1538461538461538,0,1,0,0,0,1,0,0,1,1,0,0,0,0,0
1784,0.6538461538461539,2,-0.5789473684210527,1.25,-0.5,-0.6666666666666666,0.0,-0.6057083681168304,-0.6488146655149246,0.0,-0.5384615384615384,1,0,0,0,1,0,1,0,0,1,0,0,0,0,0
1785,-0.2692307692307692,1,-0.1578947368421052,-0.1666666666666666,0.25,0.3333333333333333,0.0,-0.0023247704289201,0.3032920625779826,1.0,0.9230769230769232,0,0,0,1,0,1,0,0,0,0,0,1,1,0,0
1786,-0.1923076923076923,2,-1.105263157894737,1.2916666666666667,-0.25,-0.3333333333333333,0.0,-0.4165565923092368,-0.5685766388329014,0.0,-0.4230769230769231,1,0,0,0,1,0,0,0,0,0,0,0,0,0,0
1787,-0.0769230769230769,1,0.5263157894736842,0.0833333333333333,3.5,4.0,2.0,3.0865342956473967,3.646415202994529,5.0,0.1923076923076923,1,0,0,0,1,0,0,0,1,0,0,1,0,1,0
1788,0.5,1,0.2631578947368421,-0.5833333333333334,0.0,0.0,0.0,0.0302220155759618,-0.1431999232171993,0.0,0.1538461538461538,1,0,0,0,1,0,0,1,0,1,0,0,0,0,1
1789,0.3461538461538461,1,-0.3684210526315789,-0.5833333333333334,0.75,0.6666666666666666,1.0,0.8342544355563073,0.5912275650254343,0.0,0.5384615384615384,0,1,0,0,0,1,0,0,0,1,0,0,1,0,0
1790,-0.1923076923076923,1,-1.105263157894737,-0.1666666666666666,-0.5,-0.6666666666666666,0.0,-0.6057083681168304,-0.6488146655149246,0.0,0.7307692307692307,0,0,0,0,0,1,0,1,0,0,0,0,0,0,0
1791,0.4230769230769231,0,0.6842105263157895,0.0,1.0,1.3333333333333333,0.0,1.5343484830872955,0.7317400902197909,2.0,-0.5,0,1,0,0,0,1,0,0,0,0,1,0,0,0,1
1792,-0.6923076923076923,0,-0.0526315789473684,-0.5833333333333334,-0.5,-0.6666666666666666,0.0,-0.6057083681168304,-0.6488146655149246,0.0,-0.6923076923076923,0,1,0,0,0,1,0,1,0,0,0,1,0,0,0
1793,0.0769230769230769,1,0.9473684210526316,0.0416666666666666,0.5,0.3333333333333333,1.0,0.5534644362960067,0.4445724157788656,0.0,-0.5769230769230769,0,0,1,0,0,0,0,0,1,0,1,0,0,0,1
1794,-0.0384615384615384,0,-1.105263157894737,0.75,1.0,1.0,1.0,0.769541280525821,1.1882138400998177,1.0,-0.1153846153846153,0,0,0,1,0,1,0,0,0,0,0,1,0,0,1
1795,-0.3846153846153846,2,0.3157894736842105,0.9583333333333334,0.0,0.0,0.0,-0.3305400864391914,-0.3455226029369421,0.0,-0.1923076923076923,0,0,0,1,0,1,0,0,1,0,0,1,0,0,1
1796,0.5,2,-1.0,-0.3333333333333333,0.75,0.6666666666666666,1.0,0.3733581308845751,1.0123812266052403,1.0,0.2692307692307692,0,0,0,1,0,1,0,0,1,0,0,0,1,0,0
1797,0.1153846153846153,0,0.6842105263157895,0.5,5.0,5.0,5.0,3.7212388912958487,4.575103176888376,2.0,-0.4230769230769231,0,0,0,0,0,1,0,1,0,1,0,0,0,1,0
1798,0.8076923076923077,1,-0.1578947368421052,-0.5833333333333334,-0.25,-0.3333333333333333,0.0,-0.2402967252438367,-0.1965639696707937,0.0,-1.2692307692307692,0,1,0,0,0,1,0,0,0,0,0,0,0,0,1
1799,-0.0769230769230769,2,-1.105263157894737,-0.2916666666666667,0.5,0.6666666666666666,0.0,0.487145076241903,0.8607351953162492,1.0,-0.1153846153846153,0,0,0,1,0,1,0,1,0,1,0,0,0,0,1
1800,0.2692307692307692,2,0.0526315789473684,-0.375,-0.25,-0.6666666666666666,1.0,-0.540487990447307,-0.1804395815337364,1.0,-0.0769230769230769,0,1,0,0,0,1,0,0,1,0,0,1,0,0,1
1801,-0.1538461538461538,1,-0.4210526315789473,-0.25,-0.25,-0.3333333333333333,0.0,-0.4279691016875721,-0.1616277953738362,0.0,0.0,1,0,0,0,1,0,1,0,0,1,0,0,0,0,1
1802,0.8846153846153846,1,-0.0526315789473684,2.083333333333333,3.5,4.666666666666667,0.0,3.797406824257924,2.675112774738459,3.0,-0.1538461538461538,0,0,0,0,0,1,0,0,1,0,1,0,0,1,0
1803,-0.3076923076923077,2,0.4736842105263157,-0.25,0.5,0.0,2.0,0.2622763729354454,0.1631634513868893,0.0,0.5384615384615384,0,0,0,1,0,1,0,0,1,0,0,1,1,0,0
1804,-0.6923076923076923,0,0.1052631578947368,0.9166666666666666,-0.5,-0.6666666666666666,0.0,-0.6057083681168304,-0.6488146655149246,0.0,-0.1538461538461538,0,1,0,0,0,1,0,1,0,0,0,1,0,0,0
1805,-0.2692307692307692,0,0.5263157894736842,-0.5416666666666666,2.75,3.0,2.0,2.243699343780712,2.5346002495441025,4.0,-0.8846153846153846,0,1,0,0,0,1,0,0,0,0,0,0,0,1,0
1806,-0.4615384615384615,2,1.5263157894736843,0.25,0.0,0.0,0.0,0.035716927498864,-0.0545157884633841,0.0,0.2692307692307692,0,0,1,0,0,0,0,0,1,0,1,0,1,0,0
1807,-0.5,1,-0.2105263157894736,-0.25,-0.5,-0.6666666666666666,0.0,-0.6057083681168304,-0.6488146655149246,0.0,0.1153846153846153,0,0,0,1,0,1,0,0,1,1,0,0,0,0,0
1808,0.4230769230769231,0,-0.6842105263157895,-0.0833333333333333,-0.5,-0.6666666666666666,0.0,-0.6057083681168304,-0.6488146655149246,0.0,0.8846153846153846,0,0,0,0,0,1,0,0,0,1,0,0,0,0,0
1809,0.7692307692307693,2,0.2631578947368421,-0.4166666666666667,0.0,-0.3333333333333333,1.0,-0.3406422706666808,0.0560514444764373,0.0,-0.1923076923076923,0,0,1,0,0,0,0,1,0,0,0,0,0,0,1
1810,-0.7692307692307693,1,0.5263157894736842,-0.0833333333333333,-0.25,-0.6666666666666666,1.0,-0.554943835659865,-0.4641520299452922,0.0,-0.6153846153846154,0,0,0,0,0,1,0,0,1,0,0,1,0,0,1
1811,0.8076923076923077,1,0.3684210526315789,-0.5,-0.5,-0.6666666666666666,0.0,-0.6057083681168304,-0.6488146655149246,0.0,-0.7307692307692307,0,1,0,0,0,1,0,0,0,0,0,1,0,0,0
1812,0.5769230769230769,2,-0.0526315789473684,-0.4583333333333333,0.0,0.0,0.0,-0.0367736413301913,-0.0883002207505518,0.0,0.2307692307692307,1,0,0,0,1,0,1,0,0,0,0,0,0,0,1
1813,0.7692307692307693,2,0.3157894736842105,-0.1666666666666666,0.0,0.0,0.0,-0.0862278486363108,0.0706401766004415,0.0,-0.1923076923076923,0,0,1,0,0,0,0,0,0,0,0,1,0,0,1
1814,-0.3846153846153846,1,0.8421052631578947,-0.0833333333333333,2.5,2.6666666666666665,2.0,3.2592013356862832,2.28659180343603,1.0,0.6153846153846154,0,0,1,0,0,0,0,0,0,1,0,0,0,1,0
1815,-0.6153846153846154,0,0.1052631578947368,2.083333333333333,-0.25,-0.3333333333333333,0.0,-0.513774264791352,-0.3128899126595642,0.0,0.2307692307692307,1,0,0,0,1,0,0,1,0,0,1,0,1,0,0
1816,0.5769230769230769,1,1.0526315789473684,-0.125,1.25,1.6666666666666667,0.0,2.353090359599717,1.249640080621941,0.0,0.1923076923076923,0,1,0,0,0,1,0,0,1,0,1,0,1,0,0
1817,0.3846153846153846,2,-0.4210526315789473,0.1666666666666666,0.0,0.0,0.0,0.0342375281350057,-0.0268739802284288,0.0,0.4230769230769231,1,0,0,0,1,0,0,0,0,0,1,0,1,0,0
1818,0.5384615384615384,0,-0.2631578947368421,-0.5416666666666666,0.25,0.3333333333333333,0.0,0.45185083427557,0.1988674536903733,1.0,-0.0384615384615384,0,0,0,0,0,1,1,0,0,0,1,0,0,0,1
1819,-0.2307692307692307,1,-1.105263157894737,2.083333333333333,0.25,0.3333333333333333,0.0,0.4190927055044224,0.6035128131298588,0.0,-0.8846153846153846,0,1,0,0,0,1,0,1,0,0,0,1,0,0,1
1820,0.5,0,0.3157894736842105,0.9583333333333334,0.25,0.3333333333333333,0.0,0.7568184459966398,0.0061426240522124,0.0,-0.1153846153846153,1,0,0,0,1,0,1,0,0,1,0,0,0,0,1
1821,0.8846153846153846,0,1.5263157894736843,0.1666666666666666,-0.5,-0.6666666666666666,0.0,-0.6057083681168304,-0.6488146655149246,0.0,-0.8461538461538461,0,0,1,0,0,0,0,1,0,1,0,0,0,0,0
1822,-0.6923076923076923,1,0.0,-0.25,0.5,0.3333333333333333,1.0,0.1085033762006912,0.8676456473749881,1.0,-0.3076923076923077,1,0,0,0,1,0,1,0,0,1,0,0,0,0,1
1823,0.7692307692307693,1,0.9473684210526316,0.9583333333333334,0.75,0.3333333333333333,2.0,0.2210222649604261,0.2825607064017661,1.0,-0.9615384615384616,1,0,0,0,1,0,0,1,0,1,0,0,0,0,1
1824,-0.9230769230769232,0,-0.8421052631578947,0.5833333333333334,-0.5,-0.6666666666666666,0.0,-0.6057083681168304,-0.6488146655149246,0.0,0.5,0,1,0,0,0,1,0,0,0,0,0,1,0,0,0
1825,0.9230769230769232,0,-1.0526315789473684,0.0833333333333333,-0.5,-0.6666666666666666,0.0,-0.6057083681168304,-0.6488146655149246,0.0,-0.3846153846153846,0,0,0,1,0,1,1,0,0,0,0,1,0,0,0
1826,0.0769230769230769,0,-0.4210526315789473,0.7916666666666666,1.25,1.6666666666666667,0.0,1.0121205076453248,1.3429311834149151,3.0,-0.3076923076923077,1,0,0,0,1,0,0,0,1,0,0,1,0,0,1
1827,-0.1538461538461538,2,-0.631578947368421,-0.1666666666666666,-0.25,-0.6666666666666666,1.0,-0.5284837213234285,-0.1620117093770995,0.0,-0.6153846153846154,0,1,0,0,0,1,1,0,0,0,0,0,0,0,1
1828,0.4230769230769231,1,-1.105263157894737,-0.1666666666666666,0.25,0.0,1.0,0.151363689199328,0.4902581821671947,0.0,0.9615384615384616,0,1,0,0,0,1,0,0,1,0,1,0,1,0,0
1829,0.3461538461538461,1,-0.4736842105263157,-0.5833333333333334,-0.5,-0.6666666666666666,0.0,-0.6057083681168304,-0.6488146655149246,0.0,-0.1538461538461538,0,0,0,1,0,1,0,1,0,0,0,0,0,0,0
1830,-0.1153846153846153,2,0.0,0.5833333333333334,2.25,1.6666666666666667,4.0,1.7870298944342886,1.5521643151933966,0.0,0.7692307692307693,0,0,0,0,0,1,0,0,1,0,0,0,0,1,0
1831,-0.5,1,0.2631578947368421,-0.5416666666666666,0.5,0.0,2.0,-0.2568659981190494,0.3340051828390442,1.0,-0.4615384615384615,0,0,0,1,0,1,0,0,0,1,0,0,0,0,1
1832,-0.1538461538461538,0,0.2631578947368421,-0.4583333333333333,0.0,0.0,0.0,-0.0112011666120698,-0.1504942892792014,0.0,-1.1153846153846154,0,0,0,0,0,1,0,0,0,0,1,0,0,0,1
1833,0.8846153846153846,2,0.8421052631578947,0.5833333333333334,0.25,0.0,1.0,0.492555451058299,0.2599097802092333,1.0,-1.2307692307692308,0,0,1,0,0,0,0,1,0,0,0,0,0,0,1
1834,-0.2692307692307692,0,1.0526315789473684,-0.2083333333333333,5.75,6.333333333333333,4.0,5.61651855061131,5.417410500047989,3.0,-0.0384615384615384,0,1,0,0,0,1,0,0,0,0,0,0,0,1,0
1835,0.8461538461538461,1,0.2105263157894736,0.375,2.25,2.6666666666666665,1.0,2.3956125241723294,2.325751031768884,0.0,-0.8076923076923077,0,0,0,0,0,1,0,1,0,1,0,0,0,0,1
1836,-0.7692307692307693,1,-0.2105263157894736,0.0,0.0,0.0,0.0,-0.2576268320776051,-0.1631634513868892,1.0,0.6923076923076923,0,0,0,0,0,1,0,1,0,0,0,0,1,0,0
1837,0.5,1,-0.4736842105263157,0.375,-0.25,-0.6666666666666666,1.0,-0.554943835659865,-0.2245896919090123,0.0,0.1923076923076923,0,0,0,1,0,1,0,1,0,0,0,0,1,0,0
1838,0.9615384615384616,0,-0.8421052631578947,-0.5,-0.25,-0.3333333333333333,0.0,-0.2438895522703497,-0.2967655245225069,0.0,0.1153846153846153,0,0,0,0,0,1,0,0,1,1,0,0,1,0,0
1839,-0.5,1,0.0526315789473684,0.125,-0.25,-0.3333333333333333,0.0,-0.2402967252438367,-0.3800748632306363,0.0,0.6923076923076923,1,0,0,0,1,0,0,1,0,0,0,1,1,0,0
1840,-0.7692307692307693,1,0.4736842105263157,-0.375,-0.25,-0.3333333333333333,0.0,-0.303699555123477,-0.2983011805355599,0.0,0.2307692307692307,1,0,0,0,1,0,1,0,0,1,0,0,1,0,0
1841,0.2692307692307692,1,-0.2105263157894736,0.625,0.0,0.0,0.0,-0.2290955586317669,-0.4303675976581245,0.0,1.0384615384615383,0,0,0,1,0,1,0,0,1,1,0,0,1,0,0
1842,-0.0769230769230769,2,0.4210526315789473,0.4583333333333333,0.0,0.0,0.0,-0.0219796476916086,0.1504942892792015,0.0,-0.2692307692307692,1,0,0,0,1,0,0,1,0,0,0,0,0,0,1
1843,0.0,1,1.3157894736842106,0.1666666666666666,0.5,0.3333333333333333,1.0,0.8521340335823658,0.0353200883002208,0.0,1.0384615384615383,0,0,1,0,0,0,1,0,0,1,0,0,1,0,0
1844,0.6153846153846154,0,-1.105263157894737,-0.5833333333333334,-0.5,-0.6666666666666666,0.0,-0.6057083681168304,-0.6488146655149246,0.0,0.6153846153846154,0,0,1,0,0,0,0,0,0,0,0,1,0,0,0
1845,-0.5769230769230769,1,-0.4210526315789473,-0.0833333333333333,0.0,0.0,0.0,-0.0293766445108999,0.0518283904405413,1.0,0.1923076923076923,0,0,0,1,0,1,0,0,0,1,0,0,0,0,1
1846,0.5384615384615384,0,0.4736842105263157,-0.125,0.75,0.6666666666666666,1.0,0.4846512315999705,0.9152509837796337,1.0,-0.5769230769230769,1,0,0,0,1,0,0,0,1,0,1,0,0,0,1
1847,-0.2307692307692307,2,-0.4210526315789473,0.0833333333333333,0.25,0.0,1.0,-0.1937590481121807,0.4008062194068529,0.0,0.3076923076923077,1,0,0,0,1,0,0,0,0,0,0,1,1,0,0
1848,0.5,0,0.2631578947368421,-0.4166666666666667,4.5,5.666666666666667,1.0,4.67249268225672,4.569728380842691,3.0,-0.3846153846153846,0,0,0,1,0,1,1,0,0,0,0,0,0,1,0
1849,0.3461538461538461,0,-0.1052631578947368,-0.4583333333333333,-0.25,-0.3333333333333333,0.0,-0.4626293153551087,-0.1593243113542566,0.0,0.1538461538461538,1,0,0,0,1,0,0,0,0,0,0,1,1,0,0
1850,0.2692307692307692,2,0.2631578947368421,1.1666666666666667,-0.25,-0.3333333333333333,0.0,-0.2646011433643655,-0.2410979940493329,0.0,0.0,1,0,0,0,1,0,0,0,1,0,0,0,0,0,1
1851,-0.0384615384615384,1,-1.0526315789473684,0.0,0.0,0.0,0.0,0.3119419230078303,-0.1397446971878299,0.0,-0.8846153846153846,0,0,1,0,0,0,0,0,0,0,0,0,0,0,1
1852,0.1153846153846153,1,0.6842105263157895,-0.0833333333333333,0.0,0.0,0.0,0.2457916371667389,0.0318648622708514,0.0,-0.0384615384615384,0,1,0,0,0,1,0,1,0,0,0,0,0,0,1
1853,0.2307692307692307,1,-0.8421052631578947,2.083333333333333,0.75,0.6666666666666666,1.0,0.8281677638878618,0.8680295613782513,2.0,-0.4615384615384615,0,0,0,1,0,1,0,1,0,1,0,0,0,0,1
1854,0.0769230769230769,0,0.5263157894736842,0.625,0.0,0.0,0.0,0.2305749579956252,-0.259909780209233,1.0,1.4230769230769231,0,0,1,0,0,0,1,0,0,0,0,1,1,0,0
1855,-0.6153846153846154,0,0.1578947368421052,0.2083333333333333,0.0,0.0,0.0,-0.0114125093783352,-0.0103656780881081,0.0,-0.5384615384615384,0,1,0,0,0,1,1,0,0,0,1,0,0,0,1
1856,-0.4615384615384615,0,0.4210526315789473,-0.5833333333333334,0.25,0.0,1.0,-0.1783310261748016,0.163931279393416,0.0,0.0384615384615384,1,0,0,0,1,0,0,0,0,0,1,0,0,0,1
1857,0.0384615384615384,1,-0.8947368421052632,0.4166666666666667,2.75,2.6666666666666665,3.0,2.452167848424969,3.0770707361551017,3.0,-0.6923076923076923,0,0,0,0,0,1,0,1,0,0,1,0,0,1,0
1858,0.7307692307692307,1,-0.4736842105263157,0.7083333333333334,0.75,1.0,0.0,0.4829182209165936,0.7877915346962282,1.0,-0.2307692307692307,0,0,0,0,0,1,0,0,1,0,1,0,0,0,1
1859,-0.8461538461538461,2,0.4736842105263157,2.083333333333333,-0.25,-0.3333333333333333,0.0,-0.3611847875476843,-0.3842979172665322,1.0,-0.1923076923076923,0,0,1,0,0,0,0,0,0,1,0,0,0,0,1
1860,-0.4230769230769231,0,-0.5789473684210527,0.6666666666666666,0.0,-0.3333333333333333,1.0,-0.2106664694134181,-0.4008062194068528,0.0,-1.0384615384615383,0,0,0,1,0,1,0,0,0,0,0,0,0,0,1
1861,0.4615384615384615,2,0.0,-0.25,0.5,0.6666666666666666,0.0,0.9658364418331874,0.3163451386889337,0.0,0.5769230769230769,1,0,0,0,1,0,1,0,0,0,0,1,1,0,0
1862,0.3461538461538461,2,-0.5263157894736842,2.083333333333333,1.0,1.0,1.0,1.116566102733719,1.1106632114406374,1.0,-0.4230769230769231,0,0,0,1,0,1,0,0,1,0,1,0,0,0,1
1863,-0.3076923076923077,1,1.368421052631579,-0.2083333333333333,-0.5,-0.6666666666666666,0.0,-0.6057083681168304,-0.6488146655149246,0.0,0.3846153846153846,0,1,0,0,0,1,0,0,1,0,0,1,0,0,0
1864,0.6153846153846154,0,0.3684210526315789,-0.4166666666666667,-0.25,-0.3333333333333333,0.0,-0.2751682816776389,-0.4272962856320184,0.0,0.3461538461538461,0,0,0,1,0,1,1,0,0,0,0,1,1,0,0
1865,-0.9615384615384616,1,0.4736842105263157,0.0416666666666666,-0.25,-0.3333333333333333,0.0,-0.4212061331670771,-0.53671177656205,1.0,-0.0769230769230769,0,1,0,0,0,1,0,0,1,0,1,0,0,0,1
1866,0.1923076923076923,1,1.5263157894736843,0.2916666666666667,1.25,1.6666666666666667,0.0,1.5193431466824472,0.8549764852673003,0.0,0.0384615384615384,0,1,0,0,0,1,0,0,1,0,0,1,0,0,1
1867,0.1153846153846153,0,-0.1578947368421052,-0.4583333333333333,0.75,1.0,0.0,0.5778111229697886,0.2468567040982819,1.0,-0.4615384615384615,0,0,0,1,0,1,1,0,0,1,0,0,0,0,1
1868,-0.3846153846153846,2,1.5263157894736843,0.25,0.75,1.0,0.0,1.02353301702366,1.050004798925041,0.0,0.5,0,0,1,0,0,0,0,1,0,1,0,0,1,0,0
1869,-0.1153846153846153,0,0.0,0.9583333333333334,-0.25,-0.3333333333333333,0.0,-0.4040873690995742,-0.4887225261541414,0.0,-0.3461538461538461,1,0,0,0,1,0,0,0,1,0,0,1,0,0,1
1870,0.7692307692307693,1,0.0526315789473684,-0.0833333333333333,0.0,0.0,0.0,-0.24853909312819,0.0057587100489489,1.0,0.3076923076923077,0,0,0,0,0,1,0,1,0,1,0,0,1,0,0
1871,0.6923076923076923,1,0.1052631578947368,0.625,0.0,-0.3333333333333333,1.0,-0.4186277514186384,-0.3535847970054707,0.0,-0.8461538461538461,0,0,0,0,0,1,1,0,0,1,0,0,0,0,1
1872,0.1538461538461538,2,1.0,0.0416666666666666,0.0,-0.3333333333333333,1.0,-0.3156615556941025,-0.1240042230540358,0.0,-0.4230769230769231,0,0,0,0,0,1,0,1,0,0,0,1,0,0,1
1873,-0.5,0,-0.4736842105263157,1.4166666666666667,-0.5,-0.6666666666666666,0.0,-0.6057083681168304,-0.6488146655149246,0.0,0.0384615384615384,0,0,0,1,0,1,0,0,0,0,0,1,0,0,0
1874,-0.0769230769230769,2,-0.3684210526315789,0.875,-0.5,-0.6666666666666666,0.0,-0.6057083681168304,-0.6488146655149246,0.0,1.0769230769230769,1,0,0,0,1,0,0,0,1,0,1,0,0,0,0
1875,-0.0769230769230769,0,1.105263157894737,0.5,1.0,1.0,1.0,1.39722929633426,1.0020155485171325,0.0,0.1538461538461538,0,0,1,0,0,0,1,0,0,0,0,0,1,0,0
1876,0.6153846153846154,0,-0.2105263157894736,0.0,-0.5,-0.6666666666666666,0.0,-0.6057083681168304,-0.6488146655149246,0.0,0.1153846153846153,0,0,0,0,0,1,0,0,1,1,0,0,0,0,0
1877,0.4230769230769231,1,1.5263157894736843,0.125,1.5,1.3333333333333333,2.0,2.3758308412498814,1.422401382090412,2.0,0.9230769230769232,0,0,1,0,0,0,0,1,0,1,0,0,0,1,0
1878,0.8461538461538461,2,-0.1052631578947368,-0.5,0.25,0.3333333333333333,0.0,0.3734426679910814,-0.0357040023034839,1.0,0.5,1,0,0,0,1,0,0,0,1,0,0,0,1,0,0
1879,0.7692307692307693,1,-0.8421052631578947,0.875,-0.5,-0.6666666666666666,0.0,-0.6057083681168304,-0.6488146655149246,0.0,-0.1153846153846153,0,0,0,1,0,1,0,0,0,0,1,0,0,0,0
1880,-0.8461538461538461,0,-0.4736842105263157,-0.4583333333333333,0.25,0.0,1.0,0.2423678843532383,0.0552836164699107,0.0,-0.3076923076923077,0,0,1,0,0,0,1,0,0,0,0,0,0,0,1
1881,-0.5,2,-0.2105263157894736,-0.4166666666666667,0.25,0.3333333333333333,0.0,0.1246922320966259,0.0184278721566369,1.0,0.1923076923076923,0,0,0,0,0,1,1,0,0,0,0,0,1,0,0
1882,0.4615384615384615,2,0.1578947368421052,0.0833333333333333,0.0,0.0,0.0,0.169496898544905,-0.1074959209137152,2.0,0.0769230769230769,0,1,0,0,0,1,0,0,1,0,0,1,0,0,1
1883,-0.8076923076923077,1,0.2105263157894736,1.875,-0.25,-0.6666666666666666,1.0,-0.554943835659865,-0.1965639696707937,0.0,0.7307692307692307,0,0,1,0,0,0,1,0,0,0,1,0,1,0,0
1884,-0.8846153846153846,0,-0.1052631578947368,-0.3333333333333333,-0.25,-0.3333333333333333,0.0,-0.2356471843859964,-0.4971686342259334,0.0,-0.1153846153846153,1,0,0,0,1,0,0,1,0,0,1,0,0,0,1
1885,-0.2307692307692307,0,0.8421052631578947,0.5,0.75,0.6666666666666666,1.0,0.7942683841788808,0.3804587772338996,1.0,0.1153846153846153,0,0,1,0,0,0,0,0,1,0,0,1,1,0,0
1886,0.7307692307692307,1,0.0526315789473684,-0.5833333333333334,0.25,0.0,1.0,-0.026671457102702,0.4403493617429697,0.0,0.9230769230769232,0,0,0,1,0,1,0,0,1,1,0,0,1,0,0
1887,0.8076923076923077,1,1.1578947368421053,0.0833333333333333,2.75,3.333333333333333,1.0,3.1301977111578423,2.4812362030905075,1.0,-0.4230769230769231,0,1,0,0,0,1,1,0,0,0,1,0,0,1,0
1888,-0.4615384615384615,2,1.263157894736842,0.2083333333333333,0.75,1.0,0.0,0.9263153445415448,0.3846818312697957,1.0,0.1153846153846153,0,0,1,0,0,0,0,1,0,0,0,1,1,0,0
1889,-0.2307692307692307,2,0.1052631578947368,-0.4166666666666667,-0.25,-0.3333333333333333,0.0,-0.1225788044339712,-0.3532008830022075,0.0,-0.3461538461538461,0,1,0,0,0,1,0,0,0,0,1,0,0,0,1
1890,0.7692307692307693,0,0.2105263157894736,0.2083333333333333,0.5,0.3333333333333333,1.0,0.1426986357824437,0.5240426144543623,0.0,-0.9615384615384616,1,0,0,0,1,0,1,0,0,0,1,0,0,0,1
1891,0.0384615384615384,1,-0.2105263157894736,2.083333333333333,0.0,0.0,0.0,-0.2882715331860979,0.1474229772530953,0.0,0.1153846153846153,0,0,0,0,0,1,1,0,0,0,1,0,1,0,0
1892,-0.3461538461538461,2,-0.4210526315789473,0.375,0.0,0.0,0.0,0.1925332600678411,-0.1447355792302523,0.0,0.3461538461538461,0,0,0,0,0,1,1,0,0,1,0,0,1,0,0
1893,0.4615384615384615,0,-0.2105263157894736,-0.5833333333333334,0.0,0.0,0.0,-0.1671721281159849,-0.2322679719742777,0.0,0.1538461538461538,0,0,0,0,0,1,0,1,0,0,0,1,1,0,0
1894,-0.0384615384615384,1,-0.9473684210526316,-0.375,-0.25,-0.3333333333333333,0.0,-0.4833409064491246,-0.234187541990594,0.0,-0.7692307692307693,0,0,0,1,0,1,0,1,0,0,1,0,0,0,1
1895,-0.4615384615384615,0,-0.5263157894736842,0.375,0.25,0.3333333333333333,0.0,0.26206503016918,0.5432383146175258,1.0,0.8461538461538461,0,0,0,0,0,1,0,0,1,0,0,1,1,0,0
1896,0.1538461538461538,0,-0.0526315789473684,0.6666666666666666,-0.5,-0.6666666666666666,0.0,-0.6057083681168304,-0.6488146655149246,0.0,-0.0769230769230769,0,1,0,0,0,1,0,0,1,0,0,0,0,0,0
1897,0.1538461538461538,2,-0.4736842105263157,0.125,-0.25,-0.3333333333333333,0.0,-0.3880253188633987,-0.2107687877915346,0.0,-0.3846153846153846,0,1,0,0,0,1,1,0,0,0,0,1,0,0,1
1898,-0.8846153846153846,0,1.0,-0.5416666666666666,1.25,1.6666666666666667,0.0,1.4720023670389826,1.2626931567328918,0.0,0.0769230769230769,0,0,0,1,0,1,1,0,0,0,0,0,0,0,1
1899,0.1923076923076923,0,-0.4210526315789473,2.083333333333333,0.0,-0.3333333333333333,1.0,-0.2314625976139402,0.0541318744601209,0.0,0.4615384615384615,1,0,0,0,1,0,0,0,1,0,0,1,1,0,0
1900,-0.5769230769230769,0,-0.8421052631578947,1.0,0.0,0.0,0.0,0.1785846374943202,-0.0614262405221229,1.0,2.076923076923077,0,0,0,0,0,1,0,0,1,0,1,0,1,0,0
1901,0.4615384615384615,2,-0.3157894736842105,0.2083333333333333,3.5,3.333333333333333,4.0,2.7571354601460385,4.942508878011325,1.0,-0.2692307692307692,1,0,0,0,1,0,0,1,0,1,0,0,0,1,0
1902,0.8076923076923077,0,0.1578947368421052,-0.3333333333333333,0.25,0.3333333333333333,0.0,0.0593873173205963,0.0168922161435838,0.0,0.6153846153846154,0,0,0,0,0,1,0,1,0,0,0,1,1,0,0
1903,-0.4230769230769231,2,1.5263157894736843,-0.2916666666666667,0.5,0.6666666666666666,0.0,0.7304006002134564,0.4699107399942414,0.0,0.5384615384615384,0,0,1,0,0,0,0,1,0,0,0,0,1,0,0
1904,0.0,2,-1.105263157894737,-0.2916666666666667,0.0,-0.3333333333333333,1.0,-0.3066160852979405,0.0606584125155965,0.0,0.5769230769230769,0,0,0,1,0,1,0,0,0,0,0,0,1,0,0
1905,0.7307692307692307,2,-0.6842105263157895,1.2083333333333333,3.0,2.6666666666666665,4.0,2.4369511692538546,3.0870525002399463,2.0,-0.0384615384615384,0,0,0,1,0,1,0,0,0,0,1,0,0,1,0
1906,0.9615384615384616,1,0.5263157894736842,0.5416666666666666,0.0,0.0,0.0,-0.3719632686272232,0.0591227565025435,1.0,-1.0384615384615383,0,0,0,0,0,1,1,0,0,0,0,0,0,0,1
1907,0.0,1,0.2631578947368421,-0.5833333333333334,0.0,-0.3333333333333333,1.0,-0.3182822059957944,0.0552836164699107,0.0,0.1153846153846153,1,0,0,0,1,0,0,0,1,1,0,0,1,0,0
1908,-0.2307692307692307,0,0.1052631578947368,-0.5833333333333334,1.5,2.0,0.0,1.4688322255450004,1.318360687206066,0.0,1.6923076923076923,0,1,0,0,0,1,0,0,0,0,0,0,1,0,0
1909,-0.7692307692307693,2,-0.4736842105263157,-0.5,-0.25,-0.3333333333333333,0.0,-0.2470596937643317,-0.2100009597850081,0.0,-0.6538461538461539,1,0,0,0,1,0,0,0,0,0,1,0,0,0,1
1910,-0.5769230769230769,0,0.5789473684210527,2.083333333333333,0.0,0.0,0.0,0.006340282987964,-0.2069296477589019,0.0,-0.3846153846153846,1,0,0,0,1,0,0,1,0,0,0,0,0,0,1
1911,0.1923076923076923,2,1.1578947368421053,-0.25,0.0,0.0,0.0,0.0215569621590776,-0.2146079278241673,0.0,-0.6153846153846154,0,1,0,0,0,1,0,1,0,1,0,0,0,0,1
1912,-0.6538461538461539,0,-0.7368421052631579,-0.5,0.5,0.6666666666666666,0.0,0.4562890323671447,0.3044438045877723,0.0,-0.1923076923076923,1,0,0,0,1,0,0,1,0,0,1,0,0,0,1
1913,0.5,0,-0.1052631578947368,0.25,0.0,0.0,0.0,-0.2969365866029821,-0.2944620405029273,0.0,-0.7307692307692307,1,0,0,0,1,0,1,0,0,0,0,0,0,0,1
1914,-0.9230769230769232,1,-0.5263157894736842,-0.1666666666666666,2.5,2.333333333333333,3.0,1.98476218655226,2.4320952106728093,2.0,-0.4615384615384615,0,0,0,1,0,1,0,0,0,0,1,0,0,1,0
1915,0.2692307692307692,1,0.9473684210526316,0.7083333333333334,0.0,-0.3333333333333333,1.0,-0.1958724757748354,0.2794893943756599,0.0,0.4615384615384615,0,0,0,0,0,1,0,0,1,1,0,0,1,0,0
1916,-0.5,1,-1.0526315789473684,0.3333333333333333,-0.25,-0.3333333333333333,0.0,-0.5112381515961664,-0.285632018427872,0.0,-0.0384615384615384,1,0,0,0,1,0,1,0,0,0,1,0,0,0,1
1917,-0.0384615384615384,2,0.3157894736842105,1.4166666666666667,-0.25,-0.3333333333333333,0.0,-0.0705884839326662,-0.6027449851233324,0.0,0.8846153846153846,0,0,0,0,0,1,0,1,0,0,1,0,1,0,0
1918,-0.0384615384615384,2,-0.8947368421052632,-0.3333333333333333,-0.5,-0.6666666666666666,0.0,-0.6057083681168304,-0.6488146655149246,0.0,0.7307692307692307,0,0,0,0,0,1,0,0,1,1,0,0,0,0,0
1919,-0.5769230769230769,0,1.0,2.083333333333333,-0.25,-0.3333333333333333,0.0,-0.1868270053786734,-0.4388137057299165,0.0,0.3846153846153846,0,1,0,0,0,1,0,1,0,0,0,0,1,0,0
1920,0.6153846153846154,0,0.6842105263157895,0.2083333333333333,0.25,0.3333333333333333,0.0,0.3408958819861993,0.2395623380362799,0.0,-1.1153846153846154,0,0,1,0,0,0,0,0,0,0,0,0,0,0,1
1921,0.2692307692307692,0,0.6842105263157895,-0.4166666666666667,0.0,0.0,0.0,0.0562171758266144,-0.3006046645551395,0.0,-0.0384615384615384,0,0,0,1,0,1,0,0,1,1,0,0,0,0,1
1922,0.0769230769230769,1,0.4210526315789473,-0.2083333333333333,0.0,-0.3333333333333333,1.0,-0.2865385225027211,-0.0337844322871676,1.0,-0.3076923076923077,1,0,0,0,1,0,0,1,0,0,0,1,0,0,1
1923,0.5,0,0.3684210526315789,-0.4583333333333333,4.75,6.0,1.0,7.342301311381866,4.467223341971398,2.0,0.6153846153846154,0,0,1,0,0,0,0,1,0,0,0,1,0,1,0
1924,-0.6923076923076923,1,-0.631578947368421,0.0,-0.5,-0.6666666666666666,0.0,-0.6057083681168304,-0.6488146655149246,0.0,-1.0384615384615383,0,0,0,0,0,1,0,1,0,1,0,0,0,0,0
1925,-0.1538461538461538,2,1.3157894736842106,-0.5833333333333334,1.75,2.0,1.0,2.0139274882968947,1.8274306555331608,0.0,-0.6538461538461539,0,0,1,0,0,0,0,0,0,0,0,1,0,0,1
1926,0.1538461538461538,0,0.8947368421052632,0.625,-0.25,-0.3333333333333333,0.0,-0.0705884839326662,-0.2149918418274305,0.0,-0.4615384615384615,0,0,1,0,0,0,0,0,1,0,0,0,0,0,1
1927,-0.8461538461538461,2,-0.5263157894736842,0.5,0.75,-0.3333333333333333,4.0,-0.0231631671826952,0.5601305307611095,0.0,-0.1153846153846153,0,0,0,0,0,1,1,0,0,0,0,1,0,0,1
1928,0.9230769230769232,1,0.8421052631578947,0.4166666666666667,-0.25,-0.3333333333333333,0.0,-0.4269123878562447,-0.1608599673673096,0.0,0.3461538461538461,0,0,0,0,0,1,0,0,0,0,0,1,1,0,0
1929,-0.9230769230769232,0,-0.2105263157894736,-0.0833333333333333,0.0,0.0,0.0,-0.3713292403284267,-0.0548997024666473,0.0,-0.6153846153846154,1,0,0,0,1,0,1,0,0,0,0,1,0,0,1
1930,-0.1153846153846153,2,1.0,0.0833333333333333,0.25,0.3333333333333333,0.0,0.5735842676444792,-0.1673865054227852,0.0,0.9615384615384616,0,0,1,0,0,0,0,1,0,0,0,0,1,0,0
1931,0.3461538461538461,1,0.0,-0.1666666666666666,-0.25,-0.6666666666666666,1.0,-0.554943835659865,-0.2936942124964007,0.0,-0.2307692307692307,0,0,1,0,0,0,0,0,0,0,1,0,0,0,0
1932,-0.1153846153846153,0,0.1052631578947368,-0.2083333333333333,0.5,0.6666666666666666,0.0,0.5911257172445131,0.4234571455993858,0.0,0.1923076923076923,0,0,0,0,0,1,0,1,0,0,1,0,1,0,0
1933,-0.0769230769230769,1,1.0,-0.5833333333333334,0.25,0.0,1.0,-0.132892331427726,0.1362894711584605,0.0,0.3846153846153846,0,0,0,0,0,1,0,0,1,0,1,0,1,0,0
1934,-0.1538461538461538,2,0.0526315789473684,1.0,-0.25,-0.3333333333333333,0.0,-0.1475172508532964,-0.4729820520203474,0.0,-0.3461538461538461,0,0,1,0,0,0,0,1,0,0,0,1,0,0,1
1935,0.8461538461538461,0,-0.2631578947368421,-0.2083333333333333,-0.25,-0.3333333333333333,0.0,-0.3960563439814865,-0.580861886937326,0.0,0.6923076923076923,0,1,0,0,0,1,0,1,0,0,0,0,1,0,0
1936,-0.3461538461538461,0,-1.105263157894737,-0.0833333333333333,-0.5,-0.6666666666666666,0.0,-0.6057083681168304,-0.6488146655149246,0.0,0.5,0,0,0,1,0,1,0,0,1,0,1,0,0,0,0
1937,-0.4615384615384615,0,-0.7368421052631579,-0.375,1.25,1.0,2.0,0.959284816078958,1.4408292542470489,2.0,0.2692307692307692,1,0,0,0,1,0,0,0,0,0,0,1,1,0,0
1938,0.5,0,0.3684210526315789,0.5416666666666666,0.25,0.3333333333333333,0.0,0.7276531442520054,-0.0978980708321335,0.0,-0.4230769230769231,0,0,1,0,0,0,1,0,0,0,1,0,0,0,1
1939,-0.4615384615384615,1,0.7368421052631579,-0.2083333333333333,0.0,0.0,0.0,-0.1126456944194943,-0.2933102984931375,0.0,0.7692307692307693,1,0,0,0,1,0,0,0,0,1,0,0,1,0,0
1940,0.5,2,-0.3157894736842105,-0.3333333333333333,4.0,4.666666666666667,2.0,4.17461139348853,4.50023994625204,2.0,1.0769230769230769,1,0,0,0,1,0,0,0,1,0,0,1,0,1,0
1941,0.7692307692307693,0,0.5263157894736842,1.7916666666666667,0.75,0.6666666666666666,1.0,0.5615799985206009,0.7409540262981094,1.0,-0.7692307692307693,0,0,1,0,0,0,0,0,1,0,1,0,0,0,1
1942,0.1538461538461538,2,-0.7894736842105263,-0.4583333333333333,-0.25,-0.6666666666666666,1.0,-0.5374023860598313,-0.5440061426240521,0.0,0.1153846153846153,0,0,0,1,0,1,1,0,0,1,0,0,0,0,1
1943,-0.9615384615384616,0,-0.7894736842105263,-0.4166666666666667,0.75,1.0,0.0,0.5991567423626009,-0.077166714655917,0.0,0.0384615384615384,0,0,0,1,0,1,1,0,0,0,0,1,0,0,1
1944,0.1538461538461538,2,0.3684210526315789,-0.2916666666666667,-0.25,-0.3333333333333333,0.0,-0.1971828009256813,-0.4215375755830693,0.0,0.6923076923076923,0,1,0,0,0,1,0,0,0,1,0,0,1,0,0
1945,-0.3461538461538461,0,-0.3684210526315789,0.75,-0.25,-0.3333333333333333,0.0,-0.4243762746610591,-0.4676072559746617,0.0,-1.1923076923076923,1,0,0,0,1,0,0,0,1,0,0,0,0,0,1
1946,-0.7692307692307693,1,-0.5789473684210527,0.5416666666666666,-0.25,-0.3333333333333333,0.0,-0.33666902666089,-0.2123044438045877,1.0,-0.5,0,0,0,0,0,1,1,0,0,0,0,1,0,0,1
1947,0.6923076923076923,0,-0.1052631578947368,0.0833333333333333,1.0,1.3333333333333333,0.0,0.595563915336088,0.7236778961512622,2.0,-1.0384615384615383,1,0,0,0,1,0,0,0,0,0,0,0,0,0,1
1948,0.4230769230769231,0,-0.3684210526315789,-0.2916666666666667,1.0,0.6666666666666666,2.0,0.6133589762556404,0.8565121412803534,0.0,-0.9615384615384616,0,0,0,0,0,1,0,0,1,1,0,0,0,0,1
1949,-0.3846153846153846,0,-0.6842105263157895,0.1666666666666666,-0.25,-0.3333333333333333,0.0,-0.4858770196443102,-0.3309338708129379,0.0,0.2692307692307692,1,0,0,0,1,0,0,1,0,0,1,0,1,0,0
1950,-0.4615384615384615,1,-0.5263157894736842,-0.4166666666666667,0.0,0.0,0.0,0.0086650534168841,-0.2549188981668105,1.0,0.0384615384615384,1,0,0,0,1,0,1,0,0,0,0,0,1,0,0
1951,0.3846153846153846,0,0.2631578947368421,2.083333333333333,0.25,0.0,1.0,-0.2156541586972832,0.0618101545253864,0.0,1.0,1,0,0,0,1,0,0,0,0,0,0,1,1,0,0
1952,-0.1923076923076923,0,-0.6842105263157895,-0.1666666666666666,0.0,0.0,0.0,0.0481861507085266,-0.1808234955369996,0.0,-0.1153846153846153,0,0,0,0,0,1,1,0,0,0,0,0,0,0,1
1953,0.2307692307692307,0,0.3157894736842105,0.0,0.25,0.0,1.0,-0.1878837192100008,0.483731644111719,0.0,0.2692307692307692,1,0,0,0,1,0,0,1,0,0,0,1,1,0,0
1954,-0.2692307692307692,1,0.5263157894736842,1.9583333333333333,0.25,0.3333333333333333,0.0,0.431561928714085,0.5524522506958441,0.0,1.0,1,0,0,0,1,0,0,1,0,0,0,1,1,0,0
1955,-0.0384615384615384,2,1.5263157894736843,-0.1666666666666666,-0.25,-0.3333333333333333,0.0,-0.3969017150465483,-0.4192340915634897,0.0,0.2692307692307692,0,0,1,0,0,0,0,1,0,1,0,0,1,0,0
1956,0.5384615384615384,1,-0.3157894736842105,-0.5416666666666666,0.0,-0.3333333333333333,1.0,-0.051060412329737,-0.1455034072367789,0.0,-0.1538461538461538,0,0,1,0,0,0,0,0,1,0,1,0,0,0,1
1957,0.5384615384615384,1,-1.105263157894737,1.0,0.0,0.0,0.0,-0.0291653017446345,0.0537479604568577,0.0,0.6923076923076923,0,0,0,0,0,1,0,1,0,0,1,0,1,0,0
1958,0.8461538461538461,2,-0.7894736842105263,0.9583333333333334,-0.5,-0.6666666666666666,0.0,-0.6057083681168304,-0.6488146655149246,0.0,0.1153846153846153,0,0,1,0,0,0,0,0,0,1,0,0,0,0,0
1959,0.8076923076923077,1,-0.7894736842105263,-0.5416666666666666,0.0,0.0,0.0,0.1272283452918115,-0.1301468471062481,0.0,-0.6153846153846154,0,0,0,0,0,1,0,1,0,0,1,0,0,0,1
1960,-0.2692307692307692,1,0.1052631578947368,0.375,1.5,1.6666666666666667,1.0,1.353481343717308,1.7360591227565028,2.0,1.0769230769230769,0,1,0,0,0,1,0,0,0,0,0,0,1,0,0
1961,0.6923076923076923,2,0.3157894736842105,-0.25,0.75,1.0,0.0,0.6870753331290356,0.8933678855936271,3.0,0.9230769230769232,0,1,0,0,0,1,0,0,0,1,0,0,1,0,0
1962,0.6153846153846154,1,0.0,-0.4166666666666667,-0.5,-0.6666666666666666,0.0,-0.6057083681168304,-0.6488146655149246,0.0,-0.8846153846153846,0,0,0,1,0,1,0,0,0,0,0,1,0,0,0
1963,-0.9615384615384616,2,-0.1052631578947368,-0.3333333333333333,1.0,1.0,1.0,1.1402787611087046,0.5344082925424706,2.0,1.1538461538461535,0,0,1,0,0,0,0,1,0,0,0,0,1,0,0
1964,0.9615384615384616,0,0.9473684210526316,-0.4166666666666667,0.75,1.0,0.0,1.1203280039732444,0.5908436510221711,1.0,-0.2692307692307692,0,0,1,0,0,0,0,0,1,0,0,1,0,0,1
1965,0.8076923076923077,1,0.8947368421052632,-0.375,1.0,1.0,1.0,0.4673211247662021,0.6058162971494386,0.0,0.5769230769230769,1,0,0,0,1,0,0,1,0,0,0,1,1,0,0
1966,0.7692307692307693,2,-0.5789473684210527,-0.4166666666666667,-0.5,-0.6666666666666666,0.0,-0.6057083681168304,-0.6488146655149246,0.0,0.0384615384615384,1,0,0,0,1,0,0,1,0,1,0,0,0,0,0
1967,-0.3461538461538461,2,-0.2631578947368421,0.1666666666666666,-0.25,-0.3333333333333333,0.0,-0.3356123128295627,-0.2863998464343986,1.0,0.2692307692307692,0,1,0,0,0,1,0,0,0,0,0,0,0,0,1
1968,-0.6153846153846154,1,0.3157894736842105,-0.1666666666666666,0.25,0.3333333333333333,0.0,0.2669259137932857,0.4357423937038104,0.0,0.1923076923076923,0,0,0,0,0,1,0,0,0,1,0,0,1,0,0
1969,0.6153846153846154,2,-0.3157894736842105,0.125,1.5,2.0,0.0,1.3179334904314566,1.0776466071599962,0.0,0.7692307692307693,0,0,0,0,0,1,0,1,0,0,0,0,1,0,0
1970,-0.1538461538461538,0,-0.0526315789473684,1.75,0.25,0.3333333333333333,0.0,0.1183519491086618,-0.2023226797197427,0.0,-0.6923076923076923,0,0,0,0,0,1,1,0,0,1,0,0,0,0,1
1971,0.4230769230769231,0,0.631578947368421,0.4166666666666667,0.0,0.0,0.0,-0.1659040715183921,-0.2560706401766003,0.0,-0.8076923076923077,0,0,0,0,0,1,0,0,0,0,0,0,0,0,1
1972,-0.9230769230769232,1,-0.4736842105263157,-0.2083333333333333,2.25,2.0,3.0,1.8896579417328,1.4903541606680104,1.0,0.7307692307692307,0,0,0,0,0,1,1,0,0,0,0,1,0,1,0
1973,0.4230769230769231,2,0.2105263157894736,1.375,0.5,0.6666666666666666,0.0,1.1110289222575638,0.6442076974757655,1.0,0.3076923076923077,0,1,0,0,0,1,0,1,0,0,0,1,1,0,0
1974,-0.6153846153846154,2,-0.2631578947368421,0.2083333333333333,-0.5,-0.6666666666666666,0.0,-0.6057083681168304,-0.6488146655149246,0.0,-1.1923076923076923,0,0,0,0,0,1,0,0,0,0,1,0,0,0,0
1975,0.5769230769230769,1,0.7894736842105263,-0.0833333333333333,0.25,0.0,1.0,-0.1561400357169275,0.2418658220558595,0.0,-0.4615384615384615,0,0,0,0,0,1,0,0,0,0,0,0,0,0,1
1976,-0.9615384615384616,0,-0.4210526315789473,0.7083333333333334,0.0,0.0,0.0,-0.1899971468726554,-0.1431999232171993,0.0,-0.4615384615384615,0,0,0,1,0,1,0,1,0,0,0,1,0,0,1
1977,-0.1153846153846153,2,-0.6842105263157895,1.1666666666666667,1.5,1.6666666666666667,1.0,1.305506535775047,1.6059122756502544,2.0,1.0769230769230769,0,1,0,0,0,1,1,0,0,0,1,0,1,0,0
1978,0.6153846153846154,1,-0.1052631578947368,0.0833333333333333,1.25,1.6666666666666667,0.0,0.6211363900542095,0.7025626259717825,2.0,-0.9615384615384616,1,0,0,0,1,0,0,0,0,1,0,0,0,0,1
1979,0.6538461538461539,1,1.5263157894736843,0.2916666666666667,0.0,0.0,0.0,0.1316665433833863,0.2341875419905941,0.0,-0.7307692307692307,0,0,1,0,0,0,0,0,0,0,0,1,0,0,1
1980,-0.6153846153846154,0,-0.1052631578947368,-0.4583333333333333,3.5,3.333333333333333,4.0,3.4558346454196744,4.188117861599002,3.0,-0.3076923076923077,0,1,0,0,0,1,0,0,0,0,0,0,0,1,0
1981,0.4230769230769231,2,-0.6842105263157895,0.1666666666666666,-0.25,-0.3333333333333333,0.0,-0.48355224921539,-0.4142432095210672,1.0,-1.0769230769230769,1,0,0,0,1,0,0,0,0,0,0,0,0,0,1
1982,0.0,2,1.263157894736842,-0.3333333333333333,0.0,-0.3333333333333333,1.0,-0.0198239514757008,-0.1716095594586812,0.0,0.3076923076923077,0,0,1,0,0,0,1,0,0,0,0,0,1,0,0
1983,0.3461538461538461,2,-0.1052631578947368,-0.5833333333333334,0.0,-0.3333333333333333,1.0,-0.4316041972673381,0.1389768691813034,0.0,-1.3076923076923077,0,0,0,1,0,1,0,0,1,0,0,0,0,0,1
1984,-0.3846153846153846,1,-0.5789473684210527,-0.2916666666666667,-0.25,-0.3333333333333333,0.0,-0.208806653070282,-0.565121412803532,0.0,-1.2692307692307692,0,0,0,1,0,1,0,0,0,0,0,1,0,0,1
1985,-0.5384615384615384,1,-1.0,1.0416666666666667,-0.5,-0.6666666666666666,0.0,-0.6057083681168304,-0.6488146655149246,0.0,-0.8846153846153846,1,0,0,0,1,0,1,0,0,0,0,1,0,0,0
1986,0.8076923076923077,1,-0.0526315789473684,-0.25,-0.5,-0.6666666666666666,0.0,-0.6057083681168304,-0.6488146655149246,0.0,-0.1923076923076923,0,1,0,0,0,1,1,0,0,0,1,0,0,0,0
1987,-0.3846153846153846,2,1.5263157894736843,-0.25,0.75,0.3333333333333333,2.0,0.4788181712510436,0.523658700451099,1.0,1.1538461538461535,0,1,0,0,0,1,0,1,0,1,0,0,1,0,0
1988,-0.1923076923076923,2,1.5263157894736843,0.375,0.5,0.3333333333333333,1.0,0.7653144252005116,0.71753527209905,0.0,-0.8461538461538461,0,0,1,0,0,0,0,0,0,0,0,0,0,0,1
1989,-0.7692307692307693,0,-0.7894736842105263,2.083333333333333,2.75,3.0,2.0,2.165417983155982,2.591803436030329,1.0,1.2307692307692308,1,0,0,0,1,0,0,0,1,0,1,0,0,1,0
1990,-0.2307692307692307,2,-0.2631578947368421,-0.2083333333333333,0.0,0.0,0.0,-0.0665729713736223,-0.1382090411747767,0.0,0.2692307692307692,1,0,0,0,1,0,0,1,0,0,0,0,1,0,0
1991,0.9230769230769232,2,0.631578947368421,0.0416666666666666,0.25,0.3333333333333333,0.0,-0.0733359398941172,0.2345714559938575,1.0,-0.5769230769230769,1,0,0,0,1,0,0,1,0,0,1,0,0,0,1
1992,0.5,0,-0.4210526315789473,-0.25,0.0,0.0,0.0,-0.1680174991810468,-0.4560898358767635,0.0,-0.2692307692307692,1,0,0,0,1,0,0,0,0,1,0,0,0,0,1
1993,0.2692307692307692,0,-0.8421052631578947,1.125,-0.25,-0.3333333333333333,0.0,-0.231843014593218,-0.5831653709569056,0.0,0.6153846153846154,1,0,0,0,1,0,1,0,0,0,0,1,1,0,0
1994,0.6923076923076923,2,-0.3157894736842105,-0.5833333333333334,0.5,0.6666666666666666,0.0,0.4958101296587871,0.0648814665514925,0.0,-0.4615384615384615,0,0,0,0,0,1,0,1,0,0,0,1,0,0,1
1995,-0.9615384615384616,0,0.8421052631578947,0.4583333333333333,2.0,2.333333333333333,1.0,1.5204421290670278,1.7088012285248104,1.0,-0.0769230769230769,1,0,0,0,1,0,0,1,0,1,0,0,0,1,0
1996,0.8846153846153846,0,-0.5789473684210527,-0.5833333333333334,0.5,0.6666666666666666,0.0,0.4753098813310368,0.5574431327382667,0.0,-0.9230769230769232,0,0,1,0,0,0,0,0,1,0,0,1,0,0,1
1997,-0.5384615384615384,1,0.1052631578947368,-0.4583333333333333,0.5,0.6666666666666666,0.0,0.638043811355447,0.0525962184470679,0.0,0.1153846153846153,0,0,0,1,0,1,0,0,0,0,0,0,1,0,0
1998,-0.2307692307692307,0,-0.8947368421052632,-0.125,0.75,0.6666666666666666,1.0,0.4840172033011742,0.3259429887705155,2.0,-0.6538461538461539,0,0,0,1,0,1,0,0,1,1,0,0,0,0,1
1999,0.4230769230769231,2,1.1578947368421053,-0.3333333333333333,1.25,1.3333333333333333,1.0,1.5786036583432843,1.4032056819272485,2.0,1.2692307692307692,0,1,0,0,0,1,1,0,0,0,1,0,1,0,0
2000,0.9615384615384616,1,-0.5789473684210527,-0.0416666666666666,0.25,0.3333333333333333,0.0,0.0870732197013727,0.0103656780881083,0.0,0.6538461538461539,1,0,0,0,1,0,0,0,0,0,1,0,1,0,0
2001,0.6153846153846154,2,-1.105263157894737,0.4583333333333333,0.0,0.0,0.0,-0.07460399649171,-0.1789039255206833,0.0,1.3846153846153846,1,0,0,0,1,0,1,0,0,1,0,0,1,0,0
2002,-0.2307692307692307,0,-0.3157894736842105,0.6666666666666666,0.75,0.3333333333333333,2.0,0.2614310018703835,0.2545349841635475,0.0,0.2692307692307692,1,0,0,0,1,0,1,0,0,0,1,0,1,0,0
2003,0.8461538461538461,0,0.7368421052631579,-0.5833333333333334,-0.25,-0.6666666666666666,1.0,-0.5084061585282091,-0.5044630002879354,1.0,0.3846153846153846,0,0,0,0,0,1,1,0,0,1,0,0,1,0,0
2004,0.8846153846153846,0,-1.0526315789473684,-0.5416666666666666,0.75,1.0,0.0,0.6319148711337484,0.7977732987810731,1.0,-0.8076923076923077,1,0,0,0,1,0,0,1,0,0,0,0,0,0,1
2005,0.6153846153846154,1,1.3157894736842106,0.2083333333333333,0.0,0.0,0.0,0.0481861507085266,-0.2591419522027065,0.0,1.5384615384615383,0,0,0,0,0,1,1,0,0,1,0,0,1,0,0
2006,-0.4615384615384615,2,0.1578947368421052,1.2083333333333333,0.0,-0.3333333333333333,1.0,-0.4120761256644089,-0.0959785008158171,0.0,1.0769230769230769,0,1,0,0,0,1,1,0,0,0,0,1,1,0,0
2007,0.0769230769230769,0,0.5789473684210527,-0.1666666666666666,0.25,0.3333333333333333,0.0,0.3911954603573807,0.2572223821863904,0.0,1.1538461538461535,0,0,0,0,0,1,0,0,0,0,0,1,1,0,0
2008,0.1153846153846153,0,-0.4210526315789473,1.125,-0.5,-0.6666666666666666,0.0,-0.6057083681168304,-0.6488146655149246,0.0,0.1923076923076923,0,0,0,1,0,1,0,0,1,0,0,0,0,0,0
2009,0.8076923076923077,0,1.105263157894737,2.083333333333333,1.0,1.3333333333333333,0.0,1.4383988672027732,0.8089068048757079,2.0,-0.3076923076923077,0,0,0,0,0,1,0,0,1,1,0,0,0,0,1
2010,-0.3846153846153846,0,-0.1578947368421052,-0.125,0.5,0.3333333333333333,1.0,0.1082497648811724,0.8380842691237163,0.0,0.4230769230769231,1,0,0,0,1,0,0,0,1,1,0,0,1,0,0
2011,-0.3076923076923077,2,-0.0526315789473684,1.0833333333333333,-0.5,-0.6666666666666666,0.0,-0.6057083681168304,-0.6488146655149246,0.0,-0.6153846153846154,0,0,0,0,0,1,0,1,0,0,0,1,0,0,0
2012,-0.6538461538461539,2,-0.1052631578947368,2.083333333333333,-0.5,-0.6666666666666666,0.0,-0.6057083681168304,-0.6488146655149246,0.0,-0.0769230769230769,1,0,0,0,1,0,1,0,0,0,0,0,0,0,0
2013,0.4615384615384615,0,0.1578947368421052,-0.2916666666666667,0.25,0.3333333333333333,0.0,0.3844324918368857,0.1067280929071888,0.0,-0.7692307692307693,0,1,0,0,0,1,0,0,1,0,1,0,0,0,1
2014,0.4230769230769231,2,-0.2105263157894736,0.25,0.75,0.6666666666666666,1.0,0.1984931260765272,0.6603320856128229,0.0,-0.9230769230769232,0,0,0,0,0,1,1,0,0,0,0,1,0,0,1
2015,0.9615384615384616,2,1.0,0.4583333333333333,0.0,-0.3333333333333333,1.0,-0.0057485232424206,0.171225645455418,0.0,1.2692307692307692,0,0,1,0,0,0,1,0,0,0,0,1,1,0,0
2016,-0.5384615384615384,0,0.2631578947368421,-0.4166666666666667,0.0,0.0,0.0,0.07460399649171,0.2871676744409254,0.0,0.0,0,1,0,0,0,1,0,0,0,1,0,0,0,0,1
2017,-0.5,2,-0.5789473684210527,-0.4166666666666667,-0.5,-0.6666666666666666,0.0,-0.6057083681168304,-0.6488146655149246,0.0,0.1538461538461538,0,0,0,0,0,1,1,0,0,0,0,1,0,0,0
2018,0.6153846153846154,0,1.2105263157894737,0.625,0.0,0.0,0.0,0.1352593704098993,-0.1689221614358383,1.0,-0.6923076923076923,0,0,1,0,0,0,0,1,0,1,0,0,0,0,1
2019,-0.8461538461538461,2,-0.2631578947368421,0.0,-0.5,-0.6666666666666666,0.0,-0.6057083681168304,-0.6488146655149246,0.0,-0.5384615384615384,0,0,0,1,0,1,0,0,1,0,0,1,0,0,0
2020,-0.1923076923076923,2,-0.5263157894736842,-0.3333333333333333,-0.25,-0.3333333333333333,0.0,-0.3478701932729598,-0.5374796045685766,0.0,0.2692307692307692,0,0,0,1,0,1,1,0,0,1,0,0,1,0,0
2021,0.8461538461538461,1,0.5263157894736842,0.3333333333333333,1.5,1.6666666666666667,1.0,2.092039774708612,1.5176120548997023,1.0,0.2307692307692307,0,0,1,0,0,0,0,0,1,0,0,0,1,0,0
2022,0.4230769230769231,0,0.8421052631578947,0.5833333333333334,0.0,0.0,0.0,0.0023247704289201,-0.3827622612534792,0.0,0.5384615384615384,0,0,1,0,0,0,0,0,1,0,1,0,1,0,0
2023,0.1153846153846153,2,-1.0526315789473684,2.083333333333333,-0.5,-0.6666666666666666,0.0,-0.6057083681168304,-0.6488146655149246,0.0,0.9615384615384616,1,0,0,0,1,0,1,0,0,0,1,0,0,0,0
2024,-0.1538461538461538,0,-0.8947368421052632,1.4166666666666667,-0.25,-0.3333333333333333,0.0,-0.4007058848393267,-0.405413187446012,0.0,-0.7307692307692307,0,0,0,1,0,1,0,0,1,1,0,0,0,0,1
2025,-0.9615384615384616,2,0.631578947368421,-0.5833333333333334,0.0,0.0,0.0,0.0999651284435662,0.0199635281696899,1.0,-0.2307692307692307,0,0,0,0,0,1,0,0,1,1,0,0,0,0,1
2026,0.0769230769230769,1,0.1578947368421052,1.8333333333333333,0.25,0.3333333333333333,0.0,0.2559360899474814,-0.0541318744601208,0.0,-0.3461538461538461,0,0,0,0,0,1,0,0,0,0,0,1,0,0,1
2027,0.6153846153846154,2,0.5263157894736842,0.125,0.0,0.0,0.0,-0.1166612069785381,-0.2522315001439678,0.0,0.1538461538461538,1,0,0,0,1,0,1,0,0,0,1,0,1,0,0
2028,-0.4615384615384615,0,0.1578947368421052,-0.5,-0.5,-0.6666666666666666,0.0,-0.6057083681168304,-0.6488146655149246,0.0,0.2692307692307692,0,1,0,0,0,1,0,0,1,0,1,0,0,0,0
2029,-0.8846153846153846,1,0.0526315789473684,-0.5416666666666666,-0.5,-0.6666666666666666,0.0,-0.6057083681168304,-0.6488146655149246,0.0,-0.1153846153846153,0,0,0,1,0,1,0,0,1,0,0,1,0,0,0
2030,0.6538461538461539,1,-0.1052631578947368,0.7083333333333334,-0.25,-0.3333333333333333,0.0,-0.2565701182462778,-0.3443708609271523,0.0,1.0769230769230769,0,1,0,0,0,1,1,0,0,0,1,0,1,0,0
2031,-0.4230769230769231,1,-0.3157894736842105,-0.3333333333333333,1.0,1.0,1.0,0.6349159384147179,1.038487378827143,2.0,-0.1538461538461538,0,0,0,0,0,1,0,0,1,0,0,1,0,0,1
2032,-0.0384615384615384,1,1.4210526315789471,-0.3333333333333333,4.25,5.0,2.0,5.4219986685405726,3.669450043190326,3.0,0.0769230769230769,0,0,1,0,0,0,0,0,0,1,0,0,0,1,0
2033,0.1153846153846153,0,-0.7368421052631579,-0.375,0.0,0.0,0.0,-0.3332875424006425,-0.1274594490834052,1.0,0.2307692307692307,1,0,0,0,1,0,0,0,0,0,1,0,1,0,0
2034,-0.7692307692307693,1,0.8421052631578947,-0.0416666666666666,0.5,0.6666666666666666,0.0,1.3103251508458995,0.7923985027353874,0.0,-1.0,0,0,1,0,0,0,0,0,0,0,0,0,0,0,1
2035,0.8461538461538461,2,-0.0526315789473684,-0.125,2.75,3.333333333333333,1.0,2.2436570752274583,2.419426048565122,4.0,-0.5384615384615384,1,0,0,0,1,0,1,0,0,0,0,1,0,1,0
2036,-0.7692307692307693,2,0.4210526315789473,0.0416666666666666,0.25,0.3333333333333333,0.0,0.4810161360202045,-0.0810058546885497,0.0,1.3461538461538465,0,1,0,0,0,1,0,1,0,0,0,1,1,0,0
2037,0.1538461538461538,1,-0.0526315789473684,-0.3333333333333333,0.5,0.6666666666666666,0.0,1.0463580357803306,0.6150302332277571,0.0,0.1923076923076923,0,0,1,0,0,0,0,1,0,0,0,0,1,0,0
2038,-0.1153846153846153,0,-0.0526315789473684,-0.375,0.0,0.0,0.0,0.1978168292244778,-0.208465303771955,0.0,0.0769230769230769,0,0,1,0,0,0,0,0,1,0,0,1,0,0,1
2039,-0.4230769230769231,2,-0.3684210526315789,1.375,-0.25,-0.3333333333333333,0.0,-0.3404731964536684,-0.2364910260101736,0.0,0.8461538461538461,0,0,0,0,0,1,0,1,0,0,0,0,1,0,0
2040,0.8076923076923077,2,-0.4736842105263157,0.2916666666666667,1.0,1.3333333333333333,0.0,1.51828643285112,1.0864766292350516,0.0,0.1923076923076923,0,0,0,0,0,1,0,0,1,0,0,1,1,0,0
2041,0.4230769230769231,1,-1.105263157894737,0.2083333333333333,-0.5,-0.6666666666666666,0.0,-0.6057083681168304,-0.6488146655149246,0.0,0.3461538461538461,0,1,0,0,0,1,0,0,0,0,1,0,0,0,0
2042,0.8846153846153846,1,-0.2105263157894736,-0.4583333333333333,0.25,0.3333333333333333,0.0,0.4212061331670771,0.2291966599481717,0.0,0.6153846153846154,1,0,0,0,1,0,0,0,0,0,0,0,1,0,0
2043,0.0384615384615384,1,0.3684210526315789,0.0416666666666666,1.0,1.0,1.0,0.2198387454693394,1.0323447547749305,0.0,1.0,0,0,0,1,0,1,0,0,0,1,0,0,1,0,0
2044,0.8461538461538461,2,0.0526315789473684,0.2083333333333333,0.25,0.3333333333333333,0.0,0.169074213012374,0.2065457337556388,0.0,-0.0769230769230769,0,1,0,0,0,1,1,0,0,0,1,0,0,0,1
2045,0.2307692307692307,1,0.6842105263157895,0.2916666666666667,0.75,0.6666666666666666,1.0,0.4489343041011064,0.5731836068720607,0.0,-0.5769230769230769,0,0,1,0,0,0,0,1,0,0,0,1,0,0,1
2046,-0.1923076923076923,1,0.2105263157894736,-0.1666666666666666,-0.25,-0.3333333333333333,0.0,-0.3852778629019476,-0.491026010173721,0.0,-0.2307692307692307,0,0,0,1,0,1,1,0,0,0,0,0,0,0,1
2047,0.8461538461538461,1,-0.1578947368421052,0.25,0.5,0.3333333333333333,1.0,0.2946540847273149,0.5167482483923601,0.0,0.0,0,0,1,0,0,0,0,0,1,1,0,0,0,0,1
2048,-0.5769230769230769,1,0.8421052631578947,0.4583333333333333,-0.25,-0.3333333333333333,0.0,-0.2265594454365813,-0.3900566273154813,1.0,-0.7307692307692307,0,0,0,1,0,1,0,0,1,0,0,0,0,0,1
2049,0.0384615384615384,1,0.3157894736842105,-0.5833333333333334,0.0,0.0,0.0,0.4190927055044224,-0.3858335732795853,0.0,-0.4615384615384615,0,0,1,0,0,0,0,1,0,0,0,0,0,0,1
2050,0.1153846153846153,1,-0.7368421052631579,0.0,1.0,1.0,1.0,1.0702820369215813,0.5424704866109993,0.0,0.4230769230769231,0,0,0,1,0,1,1,0,0,0,0,0,1,0,0
2051,-0.6538461538461539,0,0.4210526315789473,-0.5833333333333334,0.25,0.0,1.0,0.3052212230405883,0.1984835396871101,0.0,-0.2692307692307692,0,0,0,0,0,1,0,0,1,0,0,1,0,0,1
2052,-0.5,1,-0.9473684210526316,-0.25,2.0,2.333333333333333,1.0,1.3727135354474658,1.9310874364142436,2.0,0.6153846153846154,0,0,0,1,0,1,0,0,0,0,1,0,1,0,0
2053,0.8461538461538461,1,1.5263157894736843,-0.25,8.0,10.0,2.0,12.359916730950092,9.465399750455898,1.0,0.3461538461538461,0,0,1,0,0,0,1,0,0,1,0,0,0,1,0
2054,-0.3461538461538461,1,0.0526315789473684,1.0,1.0,1.3333333333333333,0.0,1.1459004786913658,1.0630578750359925,1.0,0.3076923076923077,0,1,0,0,0,1,1,0,0,0,0,1,1,0,0
2055,0.3076923076923077,2,-0.3157894736842105,-0.5416666666666666,-0.5,-0.6666666666666666,0.0,-0.6057083681168304,-0.6488146655149246,0.0,-0.3846153846153846,0,0,0,1,0,1,0,0,0,0,0,1,0,0,0
2056,0.6538461538461539,1,0.3684210526315789,0.6666666666666666,1.0,1.3333333333333333,0.0,1.1467458497564278,0.987426816393128,0.0,1.1538461538461535,0,0,0,0,0,1,0,1,0,0,0,0,1,0,0
2057,-0.9615384615384616,1,1.3157894736842106,0.125,1.0,1.3333333333333333,0.0,1.4567856878678689,1.0668970150686246,1.0,-0.1923076923076923,0,1,0,0,0,1,0,0,0,0,0,0,0,0,1
2058,-0.9615384615384616,2,-0.2105263157894736,-0.5833333333333334,4.25,4.0,5.0,3.4041402047911413,4.67645647374988,0.0,-0.0769230769230769,0,0,0,0,0,1,0,1,0,1,0,0,0,1,0
2059,0.0,0,-1.105263157894737,0.0,0.25,0.3333333333333333,0.0,0.2504411780245793,0.3808426912371629,0.0,1.1153846153846154,0,0,0,1,0,1,0,1,0,0,1,0,1,0,0
2060,-0.6923076923076923,2,-0.1578947368421052,-0.5416666666666666,1.0,1.3333333333333333,0.0,0.8073293671340867,1.3721086476629236,0.0,0.2692307692307692,1,0,0,0,1,0,1,0,0,0,0,1,1,0,0
2061,-0.1538461538461538,0,0.7894736842105263,2.083333333333333,0.0,0.0,0.0,-0.0526243488001014,-0.0349361742969574,1.0,1.1538461538461535,0,0,0,0,0,1,0,0,1,1,0,0,1,0,0
2062,-0.8076923076923077,0,-0.2105263157894736,-0.0416666666666666,2.0,1.6666666666666667,3.0,1.783098918981751,1.5917074575295134,0.0,-0.3461538461538461,0,0,0,0,0,1,0,0,1,1,0,0,0,1,0
2063,0.1538461538461538,1,1.5263157894736843,1.125,3.75,5.0,0.0,4.39022328363256,3.571168058354929,2.0,0.8076923076923077,0,1,0,0,0,1,1,0,0,0,0,0,0,1,0
2064,0.1153846153846153,0,-1.105263157894737,0.7916666666666666,-0.5,-0.6666666666666666,0.0,-0.6057083681168304,-0.6488146655149246,0.0,0.5,0,0,0,0,0,1,0,0,0,0,0,0,0,0,0
2065,-0.6153846153846154,2,0.3157894736842105,-0.5,0.0,-0.3333333333333333,1.0,-0.3285957329895491,-0.3927440253383242,0.0,-0.0769230769230769,0,1,0,0,0,1,0,0,1,0,1,0,0,0,1
2066,0.3076923076923077,2,-0.0526315789473684,0.0,-0.25,-0.3333333333333333,0.0,-0.4909492460346814,-0.3462904309434687,0.0,-0.0384615384615384,0,0,0,0,0,1,0,0,1,0,1,0,0,0,1
2067,0.7307692307692307,2,0.5789473684210527,0.625,0.25,0.0,1.0,0.0632337556666279,0.3013724925616662,0.0,0.6153846153846154,0,1,0,0,0,1,1,0,0,0,1,0,1,0,0
2068,0.5769230769230769,2,0.4210526315789473,-0.3333333333333333,0.0,0.0,0.0,-0.2090179958365475,-0.0165083021403205,0.0,1.1153846153846154,0,1,0,0,0,1,0,0,0,0,1,0,1,0,0
2069,-0.8461538461538461,0,-0.3684210526315789,0.0833333333333333,1.5,2.0,0.0,1.234875783289128,1.943372684518668,2.0,0.8076923076923077,0,0,0,0,0,1,0,1,0,0,0,1,1,0,0
2070,-0.1923076923076923,1,-0.5789473684210527,0.2083333333333333,-0.25,-0.3333333333333333,0.0,-0.2607969735715871,-0.3819944332469526,0.0,-0.7692307692307693,1,0,0,0,1,0,0,0,1,0,0,1,0,0,1
2071,0.6538461538461539,0,-0.5789473684210527,-0.3333333333333333,0.0,0.0,0.0,-0.0515676349687741,-0.2111527017947979,0.0,-0.1923076923076923,0,0,0,1,0,1,0,0,1,0,1,0,0,0,1
2072,-0.6153846153846154,0,-0.0526315789473684,-0.5,0.0,-0.3333333333333333,1.0,-0.2686589244766625,-0.3148094826758806,1.0,-0.7692307692307693,0,1,0,0,0,1,0,0,0,0,1,0,0,0,1
2073,0.0,2,0.4210526315789473,-0.2916666666666667,1.75,2.333333333333333,0.0,1.5482971056608164,1.6942124964008063,1.0,0.0769230769230769,1,0,0,0,1,0,0,0,0,0,1,0,0,0,1
2074,-0.3076923076923077,1,0.7368421052631579,-0.1666666666666666,0.5,0.3333333333333333,1.0,0.6936269588832649,0.4127075535080142,0.0,-0.2307692307692307,0,1,0,0,0,1,0,0,1,1,0,0,0,0,1
2075,-0.6153846153846154,2,0.4736842105263157,-0.4166666666666667,1.75,2.0,1.0,1.3714454788498731,1.5936270275458295,2.0,-0.6538461538461539,1,0,0,0,1,0,1,0,0,0,0,1,0,0,1
2076,0.3076923076923077,0,0.8947368421052632,-0.5833333333333334,0.25,0.0,1.0,0.5516891570593769,0.1339859871388809,0.0,-0.3846153846153846,0,0,1,0,0,0,0,1,0,0,0,0,0,0,1
2077,-0.2307692307692307,1,-0.2631578947368421,-0.3333333333333333,1.75,2.0,1.0,1.1799689326133591,1.908052596218447,1.0,0.6923076923076923,1,0,0,0,1,0,0,0,0,1,0,0,1,0,0
2078,-0.3076923076923077,1,-0.4736842105263157,-0.1666666666666666,0.0,0.0,0.0,0.2001415996533979,0.0046069680391592,0.0,-0.3076923076923077,0,0,0,0,0,1,1,0,0,1,0,0,0,0,1
2079,0.0769230769230769,2,0.2105263157894736,-0.2083333333333333,0.25,0.3333333333333333,0.0,0.1544915621400568,0.3278625587868318,0.0,0.0384615384615384,1,0,0,0,1,0,0,1,0,0,1,0,1,0,0
2080,-0.7307692307692307,1,-1.105263157894737,-0.4583333333333333,-0.5,-0.6666666666666666,0.0,-0.6057083681168304,-0.6488146655149246,0.0,1.0769230769230769,0,0,0,1,0,1,0,0,0,0,0,1,0,0,0
2081,0.0384615384615384,1,-0.3684210526315789,0.3333333333333333,0.5,0.3333333333333333,1.0,0.3340483763591982,0.8814665514924658,2.0,0.4230769230769231,1,0,0,0,1,0,1,0,0,0,0,0,1,0,0
2082,-0.1538461538461538,0,0.2105263157894736,1.7916666666666667,0.0,-0.3333333333333333,1.0,-0.4391279997463887,0.0621940685286496,0.0,-0.7692307692307693,0,0,0,1,0,1,1,0,0,0,0,1,0,0,1
2083,0.7692307692307693,0,-0.2631578947368421,0.7083333333333334,0.0,-0.3333333333333333,1.0,-0.3144357676497628,0.0637297245417026,0.0,1.6153846153846154,0,0,1,0,0,0,0,1,0,0,1,0,1,0,0
2084,0.6538461538461539,0,0.7894736842105263,1.125,-0.25,-0.3333333333333333,0.0,-0.5089133811672462,-0.4192340915634897,0.0,-0.5,1,0,0,0,1,0,0,1,0,0,0,0,0,0,1
2085,0.6538461538461539,0,-0.8421052631578947,-0.25,-0.25,-0.3333333333333333,0.0,-0.3149007217355468,-0.3589595930511565,1.0,0.4615384615384615,0,0,0,1,0,1,0,0,1,0,0,0,1,0,0
2086,-0.6923076923076923,1,0.9473684210526316,-0.4583333333333333,0.0,0.0,0.0,0.428814472752634,0.0664171225645457,0.0,-0.2692307692307692,0,0,1,0,0,0,0,1,0,0,0,1,0,0,1
2087,-0.1153846153846153,2,-0.2631578947368421,0.375,0.0,0.0,0.0,0.149630678515951,-0.0779345426624436,0.0,-0.3076923076923077,0,0,1,0,0,0,0,1,0,1,0,0,0,0,1
2088,0.6538461538461539,1,-0.1578947368421052,0.125,-0.25,-0.3333333333333333,0.0,-0.2707300835860641,-0.6046645551396487,0.0,0.1153846153846153,1,0,0,0,1,0,0,0,0,0,1,0,0,0,1
2089,-0.7307692307692307,0,0.1052631578947368,-0.25,0.5,0.6666666666666666,0.0,0.559001616772162,0.3869853152893752,0.0,0.0384615384615384,0,0,0,0,0,1,0,0,1,1,0,0,1,0,0
2090,0.6923076923076923,0,0.2631578947368421,0.2083333333333333,0.0,0.0,0.0,-0.1221561189014403,-0.2664363182647086,2.0,0.3461538461538461,0,0,0,0,0,1,0,0,0,0,0,1,1,0,0
2091,-0.1923076923076923,0,1.4210526315789471,-0.25,0.0,0.0,0.0,0.097217672482115,0.0437661963720126,0.0,-0.1153846153846153,0,0,1,0,0,0,0,0,0,0,0,1,0,0,1
2092,0.6153846153846154,0,-0.2105263157894736,-0.5,0.25,-0.3333333333333333,2.0,-0.1696659727579174,-0.2698915442940781,2.0,0.1538461538461538,0,0,0,1,0,1,1,0,0,1,0,0,1,0,0
2093,-0.1538461538461538,0,-0.6842105263157895,2.083333333333333,1.75,2.0,1.0,3.14055350670485,2.258566081197812,2.0,1.6923076923076923,0,0,1,0,0,0,1,0,0,0,1,0,1,0,0
2094,0.5769230769230769,0,-0.2631578947368421,0.375,0.0,0.0,0.0,0.3592827026512949,-0.0023034840195795,0.0,-0.2307692307692307,0,0,1,0,0,0,0,1,0,0,0,1,0,0,1
2095,-0.3461538461538461,2,1.3157894736842106,1.7083333333333333,-0.5,-0.6666666666666666,0.0,-0.6057083681168304,-0.6488146655149246,0.0,0.6923076923076923,0,1,0,0,0,1,1,0,0,1,0,0,0,0,0
2096,0.8846153846153846,1,0.3684210526315789,-0.5833333333333334,1.0,1.0,1.0,1.0056956875508545,0.9229292638448988,4.0,-0.3461538461538461,0,0,0,0,0,1,1,0,0,0,1,0,0,0,1
2097,0.4615384615384615,0,0.2105263157894736,0.125,1.5,2.0,0.0,1.8600276859023808,1.9737018907764663,2.0,0.3076923076923077,0,1,0,0,0,1,0,0,0,0,0,1,1,0,0
2098,-0.5,1,1.5263157894736843,2.0,1.75,2.0,1.0,2.094660425010304,1.1912851521259238,3.0,0.2307692307692307,0,0,1,0,0,0,0,1,0,0,0,0,0,1,0
2099,0.3461538461538461,0,-0.3684210526315789,0.7083333333333334,0.25,0.0,1.0,0.1245654264368667,0.0057587100489491,1.0,0.7307692307692307,0,0,0,0,0,1,0,0,0,1,0,0,1,0,0
2100,0.5384615384615384,2,0.1578947368421052,0.5,0.75,1.0,0.0,0.6936269588832649,0.2004031097034265,1.0,0.5384615384615384,0,0,0,0,0,1,1,0,0,0,0,0,1,0,0
2101,-0.3846153846153846,2,1.0526315789473684,-0.4583333333333333,-0.25,-0.3333333333333333,0.0,-0.0705884839326662,-0.3328534408292541,0.0,-0.2307692307692307,0,0,1,0,0,0,1,0,0,0,1,0,0,0,1
2102,0.7307692307692307,1,1.105263157894737,-0.25,0.25,0.3333333333333333,0.0,0.2014096562509906,0.2906229004702946,0.0,0.1538461538461538,0,1,0,0,0,1,0,0,0,0,1,0,1,0,0
2103,-0.6153846153846154,1,0.6842105263157895,0.5,0.5,0.6666666666666666,0.0,0.5683006984878426,0.5770227469046934,1.0,-0.5769230769230769,0,1,0,0,0,1,0,0,0,0,0,1,0,0,1
2104,0.1153846153846153,0,0.0,-0.5416666666666666,0.75,0.3333333333333333,2.0,0.2928788054906851,1.1118149534504271,0.0,-0.4230769230769231,1,0,0,0,1,0,0,1,0,0,1,0,0,0,1
2105,0.0,2,-0.2631578947368421,0.0416666666666666,-0.25,-0.6666666666666666,1.0,-0.5361765980154916,-0.3224877627411459,0.0,-0.2307692307692307,0,0,0,1,0,1,1,0,0,1,0,0,0,0,1
2106,-0.0769230769230769,0,-0.4736842105263157,0.0416666666666666,0.75,0.6666666666666666,1.0,0.4859192881975633,0.1723773874652078,2.0,-0.8846153846153846,1,0,0,0,1,0,1,0,0,0,1,0,0,0,1
2107,-0.1923076923076923,2,0.2105263157894736,0.9166666666666666,0.5,0.6666666666666666,0.0,0.2493844641932519,0.6372972454170267,2.0,0.1923076923076923,0,1,0,0,0,1,0,0,0,0,1,0,1,0,0
2108,0.3461538461538461,0,0.6842105263157895,-0.2083333333333333,0.5,0.3333333333333333,1.0,0.2667568395802732,-0.0763988866493904,1.0,0.8076923076923077,1,0,0,0,1,0,0,0,0,0,0,0,1,0,0
2109,-0.4230769230769231,0,-1.105263157894737,0.2916666666666667,-0.5,-0.6666666666666666,0.0,-0.6057083681168304,-0.6488146655149246,0.0,-1.0,0,0,0,1,0,1,0,0,1,0,0,1,0,0,0
2110,0.2307692307692307,2,-0.2631578947368421,-0.2916666666666667,0.25,0.3333333333333333,0.0,0.2126108228630604,-0.0326326902773779,0.0,-1.0769230769230769,1,0,0,0,1,0,0,0,1,1,0,0,0,0,1
2111,0.1153846153846153,2,-0.5789473684210527,2.083333333333333,0.0,-0.3333333333333333,1.0,-0.2240233322413957,-0.4134753815145407,0.0,-0.4615384615384615,0,0,0,1,0,1,1,0,0,0,0,0,0,0,1
2112,-0.8076923076923077,2,-0.2105263157894736,-0.5416666666666666,-0.25,-0.3333333333333333,0.0,-0.2931324168102037,-0.4829638161051924,0.0,0.3846153846153846,0,1,0,0,0,1,0,0,1,0,0,1,1,0,0
2113,0.8076923076923077,1,0.8421052631578947,0.3333333333333333,0.0,0.0,0.0,-0.1591411029978972,-0.107112006910452,1.0,-0.6923076923076923,0,0,0,0,0,1,0,1,0,1,0,0,0,0,1
2114,0.6538461538461539,0,0.2631578947368421,1.2916666666666667,0.5,0.3333333333333333,1.0,0.5415447042786344,0.3662539591131588,1.0,0.4230769230769231,0,1,0,0,0,1,1,0,0,0,0,1,1,0,0
2115,0.2692307692307692,0,-0.6842105263157895,-0.125,1.75,2.0,1.0,1.437004004945421,2.331893655821096,1.0,-0.5,0,0,0,1,0,1,1,0,0,0,1,0,0,0,1
2116,0.7692307692307693,0,1.5263157894736843,0.5416666666666666,2.5,2.6666666666666665,2.0,3.704669618420637,2.1145983299740863,1.0,-0.8076923076923077,0,0,1,0,0,0,0,0,1,0,0,0,0,1,0
2117,0.8076923076923077,1,-1.0,1.0833333333333333,-0.25,-0.3333333333333333,0.0,-0.2529772912197648,-0.1911891736251079,0.0,-0.0384615384615384,1,0,0,0,1,0,0,0,0,0,1,0,0,0,1
2118,0.6153846153846154,0,1.5263157894736843,-0.5,3.25,3.6666666666666665,2.0,4.229983198250083,3.94126115750072,0.0,-0.2307692307692307,0,0,1,0,0,0,1,0,0,0,0,0,0,1,0
2119,0.4230769230769231,2,-0.8947368421052632,2.083333333333333,-0.25,-0.3333333333333333,0.0,-0.4028193125019814,-0.2656684902581821,0.0,0.0769230769230769,1,0,0,0,1,0,0,1,0,1,0,0,0,0,1
2120,-0.6538461538461539,0,0.2105263157894736,0.375,-0.5,-0.6666666666666666,0.0,-0.6057083681168304,-0.6488146655149246,0.0,0.3076923076923077,1,0,0,0,1,0,0,0,1,0,1,0,0,0,0
2121,0.7692307692307693,0,-0.2631578947368421,1.125,2.5,3.333333333333333,0.0,3.642915262117867,2.279681351377292,3.0,-0.9615384615384616,0,1,0,0,0,1,0,1,0,0,0,1,0,0,1
2122,0.0,1,-0.7368421052631579,-0.2916666666666667,1.25,1.0,2.0,1.016262825864128,1.3252711392648049,1.0,-0.0384615384615384,0,0,0,0,0,1,1,0,0,0,1,0,0,0,1
2123,0.8846153846153846,1,-1.105263157894737,0.375,-0.5,-0.6666666666666666,0.0,-0.6057083681168304,-0.6488146655149246,0.0,1.0,1,0,0,0,1,0,0,0,1,0,0,1,0,0,0
2124,0.6923076923076923,0,1.1578947368421053,0.0416666666666666,1.0,1.0,1.0,1.0856255217524546,1.2277569824359345,0.0,0.0769230769230769,0,0,1,0,0,0,0,0,0,0,0,0,1,0,0
2125,-0.9615384615384616,0,1.263157894736842,-0.5833333333333334,1.5,1.3333333333333333,2.0,1.9247408409328677,1.5164603128899128,0.0,-0.3076923076923077,0,0,1,0,0,0,1,0,0,1,0,0,0,1,0
2126,-0.0769230769230769,1,-0.3684210526315789,0.0833333333333333,0.25,0.0,1.0,0.1165344013187788,-0.2245896919090123,0.0,-0.8076923076923077,0,0,0,1,0,1,0,0,0,0,1,0,0,0,1
2127,-0.4615384615384615,0,-0.2631578947368421,-0.5833333333333334,0.25,0.0,1.0,0.1256644088214471,0.7202226701218929,2.0,0.2307692307692307,0,0,0,1,0,1,0,0,0,0,0,0,1,0,0
2128,0.1153846153846153,2,0.5789473684210527,2.083333333333333,0.0,0.0,0.0,-0.2441008950366152,-0.121316825031193,0.0,-0.7307692307692307,0,1,0,0,0,1,0,0,0,0,1,0,0,0,1
2129,-0.8846153846153846,2,0.2631578947368421,0.2916666666666667,2.0,2.333333333333333,1.0,1.7289951708177913,2.01286111910932,2.0,-0.1923076923076923,0,0,0,1,0,1,1,0,0,0,0,0,0,1,0
2130,0.6923076923076923,1,0.3684210526315789,-0.375,6.25,6.666666666666667,5.0,6.106284277154905,7.169594010941549,2.0,-0.2692307692307692,0,0,0,0,0,1,0,0,1,0,1,0,0,1,0
2131,-0.6153846153846154,2,-1.105263157894737,1.9583333333333333,0.0,0.0,0.0,-0.1356820559424303,0.0042230540358959,0.0,0.8846153846153846,0,0,0,1,0,1,0,1,0,0,0,1,1,0,0
2132,0.6538461538461539,2,1.5263157894736843,1.625,1.0,1.0,1.0,1.6283537455221757,1.602457049620885,3.0,0.8846153846153846,0,0,1,0,0,0,1,0,0,0,0,0,1,0,0
2133,-0.3846153846153846,0,0.7368421052631579,-0.2083333333333333,-0.5,-0.6666666666666666,0.0,-0.6057083681168304,-0.6488146655149246,0.0,-0.8076923076923077,0,1,0,0,0,1,0,1,0,0,1,0,0,0,0
2134,0.1923076923076923,2,0.4210526315789473,-0.375,1.0,1.3333333333333333,0.0,1.533291769255968,1.205873884249928,2.0,-0.3076923076923077,0,0,1,0,0,0,0,0,1,0,0,0,0,0,1
2135,0.4230769230769231,2,-0.3684210526315789,-0.125,-0.5,-0.6666666666666666,0.0,-0.6057083681168304,-0.6488146655149246,0.0,0.3461538461538461,0,0,0,1,0,1,0,0,0,1,0,0,0,0,0
2136,0.1153846153846153,1,0.4210526315789473,-0.125,-0.5,-0.6666666666666666,0.0,-0.6057083681168304,-0.6488146655149246,0.0,-0.6153846153846154,0,1,0,0,0,1,0,1,0,0,0,1,0,0,0
2137,-0.7692307692307693,0,-0.1052631578947368,-0.125,1.75,2.333333333333333,0.0,2.196062684264475,1.7571743929359824,0.0,0.1538461538461538,1,0,0,0,1,0,0,1,0,0,0,0,0,1,0
2138,0.1923076923076923,2,-0.3157894736842105,0.0,-0.5,-0.6666666666666666,0.0,-0.6057083681168304,-0.6488146655149246,0.0,-0.0769230769230769,0,0,0,1,0,1,1,0,0,1,0,0,0,0,0
2139,0.3076923076923077,1,0.0,-0.3333333333333333,0.0,0.0,0.0,0.1902084896389208,0.1113350609463481,0.0,0.1538461538461538,0,0,1,0,0,0,0,0,1,0,1,0,1,0,0
2140,0.3461538461538461,1,-0.5789473684210527,0.7083333333333334,0.5,0.3333333333333333,1.0,0.0672069996724187,0.2472406181015453,0.0,-0.2692307692307692,0,0,0,1,0,1,0,0,1,0,0,1,0,0,1
2141,-0.0384615384615384,1,-0.7894736842105263,1.125,-0.25,-0.3333333333333333,0.0,-0.4734077964346476,-0.329782128803148,0.0,0.3461538461538461,0,0,0,0,0,1,0,0,1,0,0,1,1,0,0
2142,0.3076923076923077,1,-0.2631578947368421,-0.2083333333333333,0.5,0.3333333333333333,1.0,0.1773588494499804,0.5125251943564643,0.0,-0.7692307692307693,0,0,0,1,0,1,0,0,1,0,0,1,0,0,1
2143,-0.5384615384615384,1,-0.2631578947368421,-0.3333333333333333,0.0,0.0,0.0,0.1101095812243086,-0.1712256454554179,0.0,0.5,1,0,0,0,1,0,0,0,1,0,0,1,1,0,0
2144,0.4230769230769231,2,0.6842105263157895,-0.4166666666666667,0.5,0.6666666666666666,0.0,0.5953525725698224,0.1086476629235052,0.0,0.1538461538461538,0,1,0,0,0,1,0,0,1,0,0,0,0,0,1
2145,-0.2692307692307692,1,1.0,-0.5416666666666666,-0.5,-0.6666666666666666,0.0,-0.6057083681168304,-0.6488146655149246,0.0,-0.4230769230769231,0,0,1,0,0,0,1,0,0,0,1,0,0,0,0
2146,-0.0769230769230769,0,0.0,0.2083333333333333,-0.5,-0.6666666666666666,0.0,-0.6057083681168304,-0.6488146655149246,0.0,0.1538461538461538,0,1,0,0,0,1,0,0,0,0,0,0,0,0,0
2147,0.5384615384615384,2,-0.2631578947368421,-0.375,0.0,-0.3333333333333333,1.0,-0.3795716082127799,-0.2472406181015451,0.0,0.0384615384615384,0,1,0,0,0,1,0,1,0,0,0,1,0,0,1
2148,0.0384615384615384,2,-0.1052631578947368,-0.25,0.0,0.0,0.0,-0.0701657984001352,-0.0641136385449658,1.0,0.0,0,0,0,0,0,1,0,1,0,0,0,0,0,0,1
2149,-0.5,0,0.2105263157894736,-0.2916666666666667,0.75,1.0,0.0,0.621770418353006,0.6937326038967272,0.0,-0.8076923076923077,0,0,0,0,0,1,0,0,1,0,0,1,0,0,1
2150,-0.6538461538461539,2,-0.8421052631578947,-0.4166666666666667,0.25,0.3333333333333333,0.0,0.1382181691376159,0.1005854688549765,0.0,0.6538461538461539,1,0,0,0,1,0,0,0,1,0,1,0,1,0,0
2151,0.9615384615384616,0,0.2105263157894736,-0.5416666666666666,-0.25,-0.3333333333333333,0.0,-0.1623112444918791,-0.2503119301276513,0.0,0.5384615384615384,0,1,0,0,0,1,0,0,0,0,0,0,1,0,0
2152,0.6923076923076923,2,-0.2105263157894736,0.0,-0.25,-0.3333333333333333,0.0,-0.1910538607039827,-0.5697283808426912,1.0,0.0769230769230769,0,0,0,0,0,1,1,0,0,1,0,0,0,0,1
2153,-0.3461538461538461,1,-0.3684210526315789,0.75,-0.25,-0.3333333333333333,0.0,-0.2324770428920144,-0.3931279393415874,1.0,0.5,0,0,0,1,0,1,0,1,0,0,0,0,1,0,0
2154,0.2307692307692307,1,-0.2105263157894736,0.1666666666666666,0.75,0.6666666666666666,1.0,0.6977692771020683,0.7060178520011517,1.0,-0.5,0,0,0,1,0,1,0,0,1,0,1,0,0,0,1
2155,-0.6923076923076923,1,0.5789473684210527,-0.2916666666666667,0.25,-0.3333333333333333,2.0,-0.3327380512083523,-0.0717919186102312,2.0,-0.3846153846153846,0,0,1,0,0,0,0,1,0,0,0,0,0,0,1
2156,-0.3846153846153846,0,0.5263157894736842,0.5416666666666666,0.75,1.0,0.0,1.370135153699027,0.6726173337172475,1.0,-0.3461538461538461,0,0,1,0,0,0,0,1,0,0,0,1,0,0,1
2157,0.9230769230769232,1,-0.3684210526315789,-0.4583333333333333,2.75,3.333333333333333,1.0,2.9550368264770226,2.9906900854208662,1.0,0.5769230769230769,0,0,0,1,0,1,0,0,0,0,1,0,0,1,0
2158,-0.9615384615384616,1,-1.0526315789473684,1.25,2.25,2.6666666666666665,1.0,2.117358638107215,2.28889528745561,3.0,0.1923076923076923,0,0,0,1,0,1,1,0,0,0,0,1,0,1,0
2159,-0.5,2,-0.4210526315789473,-0.5,-0.25,-0.3333333333333333,0.0,-0.4892585039045576,-0.5800940589307995,0.0,-0.5384615384615384,1,0,0,0,1,0,0,1,0,0,0,0,0,0,1
2160,0.2692307692307692,1,0.4736842105263157,-0.5,-0.25,-0.3333333333333333,0.0,-0.2986273287331059,-0.405413187446012,0.0,-0.6923076923076923,0,0,0,0,0,1,0,0,0,0,1,0,0,0,1
2161,-0.9230769230769232,0,-1.105263157894737,0.1666666666666666,-0.5,-0.6666666666666666,0.0,-0.6057083681168304,-0.6488146655149246,0.0,0.3076923076923077,1,0,0,0,1,0,0,0,0,0,0,0,0,0,0
2162,-0.6153846153846154,2,-0.2105263157894736,0.5416666666666666,-0.5,-0.6666666666666666,0.0,-0.6057083681168304,-0.6488146655149246,0.0,0.5769230769230769,0,1,0,0,0,1,0,0,1,0,0,1,0,0,0
2163,0.0384615384615384,2,1.5263157894736843,1.7083333333333333,0.75,1.0,0.0,1.10933818012744,0.5305691525098378,2.0,-0.6923076923076923,0,0,1,0,0,0,0,0,0,0,0,0,0,0,1
2164,-0.6153846153846154,1,0.4210526315789473,-0.0833333333333333,2.0,1.0,5.0,2.082064396140882,1.8727325079182269,1.0,0.0769230769230769,0,0,1,0,0,0,0,0,1,0,1,0,0,1,0
2165,-0.8461538461538461,0,0.2631578947368421,-0.4583333333333333,-0.5,-0.6666666666666666,0.0,-0.6057083681168304,-0.6488146655149246,0.0,1.0,0,0,0,1,0,1,0,0,0,0,0,0,0,0,0
2166,-0.8076923076923077,1,0.3684210526315789,-0.0416666666666666,1.5,2.0,0.0,1.8211406169095352,1.3068432671081678,1.0,-0.8461538461538461,0,0,0,1,0,1,0,1,0,1,0,0,0,0,1
2167,-0.0384615384615384,0,0.0,-0.1666666666666666,0.5,0.0,2.0,-0.1176756522566124,0.4376619637201268,1.0,0.8846153846153846,0,0,0,1,0,1,0,1,0,0,1,0,1,0,0
2168,0.1923076923076923,1,0.5263157894736842,-0.375,3.5,4.666666666666667,0.0,3.308782348652162,3.562721950283137,0.0,-1.0769230769230769,1,0,0,0,1,0,1,0,0,1,0,0,0,1,0
2169,0.5769230769230769,2,1.105263157894737,0.0833333333333333,1.5,1.6666666666666667,1.0,1.2228715141652493,1.859295517804012,0.0,0.2692307692307692,0,0,0,0,0,1,0,1,0,0,1,0,1,0,0
2170,0.8461538461538461,1,-0.1052631578947368,0.1666666666666666,0.25,0.0,1.0,0.0735895512136359,0.2046261637393224,0.0,-0.4615384615384615,0,0,0,0,0,1,1,0,0,1,0,0,0,0,1
2171,0.0384615384615384,2,0.4210526315789473,-0.1666666666666666,1.25,1.3333333333333333,1.0,0.971458159415849,1.3475381514540743,0.0,-0.6923076923076923,1,0,0,0,1,0,0,1,0,0,1,0,0,0,1
2172,-0.4615384615384615,0,-1.105263157894737,-0.2083333333333333,1.0,1.3333333333333333,0.0,0.8517113480498351,0.6334581053843942,1.0,0.3461538461538461,0,0,0,0,0,1,0,1,0,1,0,0,1,0,0
2173,0.1153846153846153,0,-0.631578947368421,-0.375,-0.25,-0.3333333333333333,0.0,-0.3138440079042195,-0.5059986563009885,0.0,-0.7307692307692307,1,0,0,0,1,0,1,0,0,1,0,0,0,0,1
2174,-0.6538461538461539,2,-0.4210526315789473,0.375,-0.5,-0.6666666666666666,0.0,-0.6057083681168304,-0.6488146655149246,0.0,1.5769230769230769,1,0,0,0,1,0,0,0,0,0,1,0,1,0,0
2175,0.4230769230769231,1,1.105263157894737,0.25,0.25,0.3333333333333333,0.0,0.2747455961451079,0.3900566273154813,0.0,1.0,0,1,0,0,0,1,0,1,0,0,0,1,1,0,0
2176,-0.4615384615384615,0,0.0526315789473684,1.7916666666666667,0.0,-0.3333333333333333,1.0,-0.2267707882028468,-0.1646991073999424,1.0,-0.3076923076923077,0,0,0,0,0,1,0,1,0,0,1,0,0,0,1
2177,-0.2307692307692307,2,0.631578947368421,0.0833333333333333,0.25,0.3333333333333333,0.0,-0.1857702915473461,-0.0376235723198003,1.0,-0.6153846153846154,1,0,0,0,1,0,0,0,1,1,0,0,0,0,1
2178,0.3846153846153846,1,0.8947368421052632,-0.1666666666666666,1.5,2.0,0.0,1.398243741612334,1.639312793934159,3.0,-0.6538461538461539,0,0,0,0,0,1,0,1,0,1,0,0,0,0,1
2179,0.7307692307692307,1,0.631578947368421,0.25,0.25,0.3333333333333333,0.0,0.1669607853497195,0.024186582205586,1.0,0.0,0,0,1,0,0,0,0,0,0,1,0,0,0,0,1
2180,0.9230769230769232,1,-1.105263157894737,1.2083333333333333,-0.5,-0.6666666666666666,0.0,-0.6057083681168304,-0.6488146655149246,0.0,-0.4615384615384615,0,0,0,1,0,1,0,0,0,1,0,0,0,0,0
2181,0.1538461538461538,1,-0.4210526315789473,-0.25,2.25,2.6666666666666665,1.0,2.598881996766456,2.622900470294654,0.0,0.0769230769230769,0,0,0,0,0,1,0,1,0,0,1,0,0,1,0
2182,0.3076923076923077,2,-0.2631578947368421,1.125,-0.5,-0.6666666666666666,0.0,-0.6057083681168304,-0.6488146655149246,0.0,-0.9615384615384616,0,0,0,1,0,1,0,0,1,0,0,0,0,0,0
2183,-0.9615384615384616,1,0.0,-0.125,0.0,0.0,0.0,0.0672069996724187,0.0165083021403205,0.0,0.5,0,0,1,0,0,0,0,0,1,0,0,1,1,0,0
2184,0.8461538461538461,1,1.4210526315789471,0.9583333333333334,0.0,0.0,0.0,-0.0663616286073568,0.031480948267588,1.0,-0.7307692307692307,0,1,0,0,0,1,1,0,0,0,1,0,0,0,1
2185,-0.1923076923076923,2,-0.0526315789473684,0.125,-0.25,-0.3333333333333333,0.0,-0.4991916139190347,-0.3601113350609463,0.0,-1.0769230769230769,0,0,0,1,0,1,0,1,0,1,0,0,0,0,1
2186,-0.2692307692307692,0,-0.5263157894736842,-0.0416666666666666,0.25,0.3333333333333333,0.0,0.5471664218612958,0.3305499568096747,0.0,0.6153846153846154,0,1,0,0,0,1,0,0,0,0,0,0,1,0,0
2187,-0.6923076923076923,2,-1.105263157894737,0.7916666666666666,0.5,0.6666666666666666,0.0,0.7680196126087097,0.6100393511853345,1.0,-0.8846153846153846,1,0,0,0,1,0,0,0,0,1,0,0,0,0,1
2188,0.7307692307692307,1,-0.0526315789473684,2.083333333333333,-0.5,-0.6666666666666666,0.0,-0.6057083681168304,-0.6488146655149246,0.0,0.0,0,0,0,0,0,1,0,0,0,0,0,0,0,0,0
2189,-0.6538461538461539,0,0.2105263157894736,-0.25,0.0,0.0,0.0,-0.068263713503746,-0.1812074095402629,1.0,0.0769230769230769,0,0,1,0,0,0,0,1,0,1,0,0,1,0,0
2190,0.4615384615384615,2,-0.3684210526315789,0.2083333333333333,-0.25,-0.3333333333333333,0.0,-0.2536113195185612,-0.25837412419618,1.0,0.0,0,0,1,0,0,0,0,1,0,0,0,1,0,0,1
2191,0.2307692307692307,2,-0.3684210526315789,0.25,1.5,2.0,0.0,2.1554848731415053,1.27421057683079,0.0,1.0,0,0,1,0,0,0,1,0,0,0,0,1,1,0,0
2192,-0.5384615384615384,1,1.368421052631579,-0.5833333333333334,0.0,0.0,0.0,-0.048820179007323,-0.3804587772338995,1.0,0.5,0,0,1,0,0,0,0,1,0,0,0,1,1,0,0
2193,0.5769230769230769,0,0.631578947368421,0.6666666666666666,0.75,1.0,0.0,0.8646032567920285,0.4146271235243305,1.0,-0.5384615384615384,0,1,0,0,0,1,0,0,1,0,0,1,0,0,1
2194,-0.9230769230769232,2,0.9473684210526316,-0.5833333333333334,0.25,0.3333333333333333,0.0,0.0910887322604165,-0.1201650830214031,1.0,-0.5,1,0,0,0,1,0,0,0,0,1,0,0,0,0,1
2195,0.2692307692307692,0,0.6842105263157895,1.0833333333333333,0.25,0.0,1.0,-0.0084114420973656,0.0641136385449659,2.0,0.0,0,1,0,0,0,1,0,1,0,0,0,0,1,0,0
2196,0.6153846153846154,1,1.5263157894736843,-0.5416666666666666,0.0,0.0,0.0,0.0792535373495504,0.2111527017947979,1.0,0.0769230769230769,0,0,1,0,0,0,1,0,0,0,0,1,0,0,1
2197,-0.8846153846153846,0,0.5263157894736842,-0.125,-0.25,-0.3333333333333333,0.0,-0.1705536123762324,-0.2380266820232267,0.0,-0.5769230769230769,0,0,0,0,0,1,0,0,1,1,0,0,0,0,1
2198,-0.6538461538461539,2,1.2105263157894737,0.5416666666666666,3.5,3.6666666666666665,3.0,3.812158549343253,3.1262117285728,4.0,1.0769230769230769,0,0,1,0,0,0,0,0,1,0,0,0,0,1,0
2199,0.1923076923076923,0,0.3157894736842105,0.125,1.75,2.333333333333333,0.0,2.1704902095463536,2.1249640080621943,2.0,0.2307692307692307,0,1,0,0,0,1,0,0,1,1,0,0,0,1,0
2200,-0.1538461538461538,0,-1.105263157894737,-0.125,-0.5,-0.6666666666666666,0.0,-0.6057083681168304,-0.6488146655149246,0.0,-0.9615384615384616,1,0,0,0,1,0,0,1,0,1,0,0,0,0,0
2201,0.8076923076923077,0,-0.3157894736842105,0.0,0.0,-0.3333333333333333,1.0,-0.4664757537011402,-0.4223054035895959,1.0,-0.3461538461538461,0,0,0,0,0,1,0,1,0,0,1,0,0,0,0
2202,0.1153846153846153,2,0.3157894736842105,-0.3333333333333333,0.0,0.0,0.0,0.0228250187566704,-0.0598905845090699,1.0,-0.5384615384615384,0,0,1,0,0,0,1,0,0,0,0,0,0,0,1
2203,0.8846153846153846,1,-1.0,1.625,-0.5,-0.6666666666666666,0.0,-0.6057083681168304,-0.6488146655149246,0.0,0.2307692307692307,0,1,0,0,0,1,0,0,1,0,1,0,0,0,0
2204,-0.6153846153846154,2,0.4736842105263157,0.5,0.0,0.0,0.0,0.3821077214079656,-0.3055955465975621,1.0,-1.3076923076923077,0,0,1,0,0,0,0,0,1,0,1,0,0,0,1
2205,0.8461538461538461,0,0.3157894736842105,-0.5833333333333334,1.25,1.0,2.0,1.281033043441506,1.2100969382858242,2.0,-0.5,0,0,1,0,0,0,0,0,0,0,0,0,0,0,1
2206,0.9615384615384616,2,0.631578947368421,-0.3333333333333333,1.5,1.0,3.0,0.9608064839960692,1.155965063825703,2.0,0.1153846153846153,0,0,0,0,0,1,0,0,1,0,0,0,0,1,0
2207,-0.5,2,0.2631578947368421,-0.5,0.5,0.6666666666666666,0.0,0.4258556740249174,0.5666570688165852,0.0,-0.0384615384615384,0,1,0,0,0,1,0,0,0,0,0,0,0,0,1
2208,-0.9615384615384616,0,1.5263157894736843,0.875,0.5,0.6666666666666666,0.0,0.5355425697166951,0.6737690757270374,0.0,-0.1153846153846153,0,0,1,0,0,0,0,0,0,0,1,0,0,0,1
2209,-0.0384615384615384,0,0.3684210526315789,-0.4583333333333333,0.25,0.0,1.0,-0.1500110954952289,-0.1693060754391016,0.0,0.1153846153846153,0,0,1,0,0,0,0,1,0,0,1,0,1,0,0
2210,0.5,2,-0.3157894736842105,2.083333333333333,-0.5,-0.6666666666666666,0.0,-0.6057083681168304,-0.6488146655149246,0.0,-0.4230769230769231,1,0,0,0,1,0,0,1,0,0,1,0,0,0,0
2211,-0.8461538461538461,0,-0.2631578947368421,-0.5833333333333334,-0.5,-0.6666666666666666,0.0,-0.6057083681168304,-0.6488146655149246,0.0,0.2307692307692307,0,0,0,1,0,1,0,0,1,0,1,0,0,0,0
2212,-0.3461538461538461,1,-1.0,-0.5833333333333334,0.0,0.0,0.0,0.1610431878942864,-0.0380074863230635,1.0,0.0,0,1,0,0,0,1,0,0,1,0,1,0,0,0,1
2213,-0.1923076923076923,1,0.5789473684210527,-0.0416666666666666,0.0,0.0,0.0,0.1473059080870308,0.0230348401957961,0.0,-0.1538461538461538,0,1,0,0,0,1,0,1,0,0,1,0,0,0,1
2214,0.2692307692307692,2,0.2105263157894736,-0.2083333333333333,-0.25,-0.3333333333333333,0.0,-0.4989802711527692,-0.5946827910548037,1.0,0.1153846153846153,1,0,0,0,1,0,0,0,0,0,0,1,1,0,0
2215,0.8461538461538461,1,0.2631578947368421,-0.1666666666666666,0.0,0.0,0.0,0.2637557722993037,-0.1927248296381609,1.0,-0.1153846153846153,0,0,0,0,0,1,1,0,0,0,0,0,0,0,1
2216,-0.8461538461538461,1,1.5263157894736843,-0.5416666666666666,0.25,0.3333333333333333,0.0,0.3770354950175943,-0.1524138592955177,1.0,0.0,0,0,1,0,0,0,1,0,0,1,0,0,0,0,1
2217,-0.7692307692307693,2,-0.4736842105263157,0.9166666666666666,1.5,1.6666666666666667,1.0,1.2325932814134608,1.812458009405893,1.0,0.1923076923076923,1,0,0,0,1,0,0,0,1,1,0,0,1,0,0
2218,0.9230769230769232,0,-0.3157894736842105,2.083333333333333,0.25,0.3333333333333333,0.0,0.4495260638466498,0.0053747960456857,0.0,-1.1153846153846154,0,0,0,1,0,1,1,0,0,0,0,0,0,0,1
2219,0.8461538461538461,0,0.631578947368421,2.083333333333333,0.25,0.0,1.0,-0.1026703158517642,0.5155965063825703,1.0,1.5384615384615383,0,0,0,0,0,1,0,1,0,0,0,1,1,0,0
2220,0.3461538461538461,2,-0.3684210526315789,1.0,0.0,-0.6666666666666666,2.0,-0.4765356693753766,-0.0752471446396007,0.0,0.0,0,0,0,0,0,1,0,0,0,0,1,0,0,0,1
2221,0.0384615384615384,0,0.8421052631578947,-0.5,6.75,7.0,6.0,5.337503830587639,8.311738170649775,3.0,-0.1923076923076923,0,0,0,0,0,1,1,0,0,1,0,0,0,1,0
2222,0.1153846153846153,1,0.3684210526315789,-0.4166666666666667,0.75,0.3333333333333333,2.0,0.6941341815223022,0.5608983587676362,2.0,0.6923076923076923,1,0,0,0,1,0,0,1,0,0,1,0,1,0,0
2223,0.9615384615384616,0,-0.8421052631578947,-0.375,-0.25,-0.3333333333333333,0.0,-0.1561823042701806,-0.1969478836740569,1.0,0.8461538461538461,0,1,0,0,0,1,0,0,0,1,0,0,1,0,0
2224,0.0769230769230769,2,0.7894736842105263,0.3333333333333333,1.0,0.3333333333333333,3.0,0.4390857311931356,0.7847202226701221,1.0,0.9230769230769232,0,0,1,0,0,0,0,0,0,0,1,0,1,0,0
2225,-0.9230769230769232,0,0.5789473684210527,1.75,0.25,0.3333333333333333,0.0,0.6198683334566167,0.1286111910931952,0.0,-0.0769230769230769,0,0,1,0,0,0,0,0,0,1,0,0,0,0,1
2226,-0.9230769230769232,0,0.8947368421052632,-0.5416666666666666,0.25,0.0,1.0,-0.0486088362410575,0.271043286303868,0.0,-0.9615384615384616,0,1,0,0,0,1,0,0,0,1,0,0,0,0,1
2227,-0.4230769230769231,1,0.0,-0.25,4.5,5.333333333333333,2.0,4.686018619297709,5.569824359343507,7.0,-0.9615384615384616,0,0,0,0,0,1,0,1,0,1,0,0,0,1,0
2228,0.2307692307692307,2,1.263157894736842,-0.5416666666666666,0.0,0.0,0.0,-0.2320543573594835,-0.0476053364046453,0.0,0.6923076923076923,0,1,0,0,0,1,1,0,0,0,0,0,1,0,0
2229,0.7692307692307693,0,-1.105263157894737,-0.1666666666666666,0.0,0.0,0.0,-0.3322308285693152,-0.3174968806987234,0.0,-0.8461538461538461,0,0,0,0,0,1,0,0,0,0,0,1,0,0,1
2230,-0.4615384615384615,0,-0.6842105263157895,1.1666666666666667,-0.5,-0.6666666666666666,0.0,-0.6057083681168304,-0.6488146655149246,0.0,-0.9230769230769232,1,0,0,0,1,0,0,0,1,1,0,0,0,0,0
2231,-0.1538461538461538,2,-0.5263157894736842,-0.1666666666666666,-0.5,-0.6666666666666666,0.0,-0.6057083681168304,-0.6488146655149246,0.0,-0.8461538461538461,0,1,0,0,0,1,0,1,0,0,0,1,0,0,0
2232,0.3076923076923077,0,-0.4210526315789473,-0.0416666666666666,0.0,0.0,0.0,-0.0872845624676381,-0.2533832421537574,1.0,-0.6153846153846154,0,1,0,0,0,1,1,0,0,0,0,1,0,0,1
2233,0.1923076923076923,1,-0.1052631578947368,0.2916666666666667,0.25,0.3333333333333333,0.0,0.4108503376200692,0.6399846434398695,0.0,0.6923076923076923,0,0,0,1,0,1,0,1,0,0,0,0,1,0,0
2234,-0.4615384615384615,0,-0.2105263157894736,2.083333333333333,0.0,0.0,0.0,0.1703422696099669,-0.4330549956809674,0.0,-1.1153846153846154,0,1,0,0,0,1,1,0,0,0,1,0,0,0,1
2235,-0.1538461538461538,2,-1.105263157894737,-0.5833333333333334,1.0,0.6666666666666666,2.0,0.481734701425507,1.211248680295614,0.0,-0.6538461538461539,0,0,0,1,0,1,0,0,0,0,0,1,0,0,1
2236,-0.4230769230769231,2,0.1578947368421052,-0.4166666666666667,0.25,0.0,1.0,0.1118003233544324,0.1861982915826855,0.0,-0.5384615384615384,0,0,0,1,0,1,0,0,0,0,1,0,0,0,1
2237,-0.9230769230769232,0,-0.1052631578947368,1.0416666666666667,0.0,0.0,0.0,0.0169074213012374,0.1435838372204627,0.0,0.1153846153846153,1,0,0,0,1,0,0,1,0,0,0,0,0,0,1
2238,-0.7692307692307693,2,-0.4210526315789473,-0.375,-0.5,-0.6666666666666666,0.0,-0.6057083681168304,-0.6488146655149246,0.0,1.0769230769230769,0,0,0,0,0,1,0,1,0,1,0,0,0,0,0
2239,-0.0384615384615384,1,0.0,-0.5833333333333334,1.25,1.3333333333333333,1.0,0.8317605909143745,1.236970918514253,1.0,0.3846153846153846,1,0,0,0,1,0,0,0,0,0,0,1,1,0,0
2240,-0.3846153846153846,1,-0.631578947368421,-0.2916666666666667,0.0,0.0,0.0,0.0390984117591115,-0.0944428448027641,1.0,0.1153846153846153,1,0,0,0,1,0,1,0,0,0,0,0,1,0,0
2241,0.3846153846153846,1,-0.631578947368421,0.375,1.75,1.6666666666666667,2.0,0.9891686832288952,1.5751991553891929,2.0,0.0,1,0,0,0,1,0,1,0,0,0,0,1,0,1,0
2242,0.3461538461538461,1,0.0526315789473684,1.25,-0.5,-0.6666666666666666,0.0,-0.6057083681168304,-0.6488146655149246,0.0,-0.5,0,0,0,1,0,1,0,0,1,0,1,0,0,0,0
2243,0.8461538461538461,1,1.5263157894736843,0.2916666666666667,0.25,0.0,1.0,-0.0781122864117168,0.4384297917266533,1.0,0.2307692307692307,0,0,1,0,0,0,0,0,0,0,0,1,1,0,0
2244,-0.2307692307692307,0,1.5263157894736843,-0.0416666666666666,0.5,0.6666666666666666,0.0,0.821489332473873,0.5459257126403687,0.0,1.1538461538461535,0,0,1,0,0,0,0,0,0,0,1,0,1,0,0
2245,0.6153846153846154,2,0.631578947368421,-0.25,0.75,1.0,0.0,1.5311783415933136,0.4975525482291967,0.0,0.1538461538461538,0,0,1,0,0,0,0,0,1,1,0,0,1,0,0
2246,0.1153846153846153,2,-0.0526315789473684,0.0,0.25,0.3333333333333333,0.0,0.6133167077023872,-0.0065265380554755,0.0,-0.4230769230769231,0,1,0,0,0,1,0,0,0,1,0,0,0,0,1
2247,-0.3076923076923077,0,0.3684210526315789,-0.2916666666666667,1.25,1.6666666666666667,0.0,1.7087062652563063,1.6984355504367024,0.0,0.3846153846153846,0,0,1,0,0,0,0,0,0,0,0,1,1,0,0
2248,0.4615384615384615,1,1.3157894736842106,-0.3333333333333333,5.75,6.333333333333333,4.0,6.803250451745164,6.00710240906037,4.0,-0.5769230769230769,0,1,0,0,0,1,0,0,1,0,0,1,0,1,0
2249,0.3846153846153846,0,-0.1578947368421052,-0.5833333333333334,-0.25,-0.3333333333333333,0.0,-0.2971479293692476,-0.5401670025914195,0.0,1.1538461538461535,0,0,0,0,0,1,0,0,0,0,0,1,1,0,0
2250,0.3846153846153846,1,-0.1578947368421052,-0.5416666666666666,3.75,4.333333333333333,2.0,3.021102575211608,4.449563297821288,1.0,-0.1538461538461538,1,0,0,0,1,0,1,0,0,1,0,0,0,1,0
2251,0.5384615384615384,1,0.0526315789473684,-0.4583333333333333,0.25,0.0,1.0,-0.1154354189341984,0.6323063633746041,1.0,-1.0769230769230769,0,0,0,0,0,1,1,0,0,0,0,1,0,0,1
2252,0.8076923076923077,2,1.0,-0.5833333333333334,-0.5,-0.6666666666666666,0.0,-0.6057083681168304,-0.6488146655149246,0.0,0.7307692307692307,0,0,1,0,0,0,0,1,0,0,1,0,0,0,0
2253,-0.6153846153846154,1,0.8421052631578947,2.083333333333333,0.75,0.6666666666666666,1.0,0.8184882651929034,1.1252519435646415,0.0,0.8846153846153846,0,1,0,0,0,1,0,0,0,0,1,0,1,0,0
2254,-0.1538461538461538,1,0.2631578947368421,-0.5416666666666666,-0.5,-0.6666666666666666,0.0,-0.6057083681168304,-0.6488146655149246,0.0,0.6153846153846154,0,0,0,0,0,1,1,0,0,1,0,0,0,0,0
2255,0.3461538461538461,1,0.1052631578947368,0.6666666666666666,-0.25,-0.3333333333333333,0.0,-0.493908044762398,-0.4292158556483347,0.0,0.3076923076923077,1,0,0,0,1,0,0,1,0,1,0,0,1,0,0
2256,-0.4615384615384615,0,0.3684210526315789,-0.5833333333333334,0.0,0.0,0.0,-0.0154280219373791,-0.1823591515500527,0.0,0.0,0,0,1,0,0,0,0,0,1,0,1,0,0,0,1
2257,-0.8461538461538461,2,0.5263157894736842,-0.1666666666666666,-0.25,-0.3333333333333333,0.0,-0.1923219173015756,-0.5470774546501583,1.0,1.2692307692307692,0,1,0,0,0,1,0,0,1,0,0,0,1,0,0
2258,-0.8846153846153846,1,0.4210526315789473,1.125,0.25,0.3333333333333333,0.0,0.486722390709372,0.1209329110279298,0.0,-0.1153846153846153,0,0,1,0,0,0,0,0,0,0,1,0,0,0,1
2259,-0.1923076923076923,0,0.8947368421052632,-0.5833333333333334,0.0,0.0,0.0,-0.2172603637209008,-0.3282464727900949,0.0,-0.3461538461538461,0,0,0,0,0,1,0,0,1,1,0,0,0,0,1
2260,0.6538461538461539,2,0.0,-0.1666666666666666,1.0,1.0,1.0,1.4092758340113918,0.7540071024090604,0.0,0.3846153846153846,0,0,1,0,0,0,0,0,1,1,0,0,1,0,0
2261,-0.8846153846153846,1,-1.0,0.0,0.25,0.0,1.0,-0.0155970961503915,0.1263077070736156,0.0,-0.7307692307692307,0,0,0,1,0,1,0,1,0,0,1,0,0,0,1
2262,0.4615384615384615,0,0.1052631578947368,2.083333333333333,-0.25,-0.3333333333333333,0.0,-0.4313505859478195,-0.3163451386889336,0.0,0.1153846153846153,0,0,1,0,0,0,0,1,0,0,1,0,0,0,0
2263,-0.9615384615384616,2,-0.2631578947368421,0.6666666666666666,-0.25,-0.3333333333333333,0.0,-0.4856656768780447,-0.2691237162875515,0.0,0.1153846153846153,0,0,0,1,0,1,1,0,0,0,0,1,0,0,1
2264,-0.5769230769230769,1,-0.3157894736842105,0.2083333333333333,-0.25,-0.3333333333333333,0.0,-0.5063772679720606,-0.3151933966791438,0.0,0.2307692307692307,1,0,0,0,1,0,1,0,0,0,0,1,0,0,0
2265,0.0,1,0.0,2.083333333333333,-0.25,-0.3333333333333333,0.0,-0.3935202307863009,-0.334005182839044,0.0,0.3846153846153846,0,0,0,0,0,1,0,1,0,0,0,1,1,0,0
2266,0.6153846153846154,2,-0.1052631578947368,-0.4166666666666667,0.0,0.0,0.0,-0.0378303551615187,0.1094154909300317,0.0,-0.2307692307692307,0,0,0,1,0,1,0,0,0,1,0,0,0,0,1
2267,-0.0384615384615384,1,0.3157894736842105,1.25,-0.25,-0.3333333333333333,0.0,-0.4469899506514641,-0.2073135617621652,0.0,0.0769230769230769,0,0,1,0,0,0,0,0,0,0,1,0,0,0,0
2268,0.4615384615384615,0,-0.8947368421052632,0.125,0.5,0.3333333333333333,1.0,0.6184312026460115,0.3102025146367214,0.0,-0.0384615384615384,0,1,0,0,0,1,0,1,0,0,0,1,0,0,1
2269,0.4230769230769231,0,0.1578947368421052,-0.4583333333333333,0.0,0.0,0.0,-0.0701657984001352,-0.274114598329974,1.0,0.0384615384615384,0,1,0,0,0,1,0,0,1,0,1,0,0,0,1
2270,-0.5384615384615384,0,0.2631578947368421,-0.5,0.0,-0.3333333333333333,1.0,-0.305052148827576,-0.0556675304731739,0.0,-1.0,0,1,0,0,0,1,0,1,0,0,1,0,0,0,1
2271,0.1538461538461538,0,-0.5789473684210527,0.9583333333333334,-0.25,-0.6666666666666666,1.0,-0.554943835659865,-0.3781552932143199,0.0,-0.1923076923076923,0,0,0,0,0,1,0,1,0,0,1,0,0,0,1
2272,-0.2692307692307692,2,0.4736842105263157,-0.5,4.0,4.0,4.0,3.661048471463444,4.420385833573279,4.0,1.0384615384615383,0,0,0,1,0,1,0,0,1,0,1,0,0,1,0
2273,0.5384615384615384,1,1.0526315789473684,1.0833333333333333,0.75,1.0,0.0,0.8859488761848406,0.3293982147998849,1.0,0.6538461538461539,0,0,1,0,0,0,1,0,0,0,0,0,1,0,0
2274,-0.0384615384615384,2,0.3157894736842105,1.0833333333333333,-0.5,-0.6666666666666666,0.0,-0.6057083681168304,-0.6488146655149246,0.0,-0.3076923076923077,1,0,0,0,1,0,0,0,1,0,1,0,0,0,0
2275,0.6153846153846154,1,0.3157894736842105,-0.0833333333333333,-0.5,-0.6666666666666666,0.0,-0.6057083681168304,-0.6488146655149246,0.0,0.0384615384615384,0,1,0,0,0,1,1,0,0,1,0,0,0,0,0
2276,0.6153846153846154,1,0.3157894736842105,-0.2916666666666667,0.0,0.0,0.0,-0.1166612069785381,-0.0798541126787599,0.0,0.4230769230769231,1,0,0,0,1,0,0,0,1,0,0,1,1,0,0
2277,-0.3461538461538461,0,-0.3157894736842105,1.1666666666666667,-0.25,-0.3333333333333333,0.0,-0.3326535141018461,-0.3800748632306363,0.0,-0.6538461538461539,0,1,0,0,0,1,0,0,1,0,1,0,0,0,1
2278,-0.9615384615384616,1,-1.0,-0.5833333333333334,0.0,-0.3333333333333333,1.0,-0.374161233396384,-0.2495441021211248,2.0,-0.1923076923076923,0,1,0,0,0,1,0,0,0,0,0,0,0,0,1
2279,-0.3076923076923077,0,-0.5789473684210527,0.1666666666666666,0.5,0.6666666666666666,0.0,0.4522735198081009,0.6630194836356658,0.0,0.2692307692307692,0,0,0,1,0,1,0,1,0,0,0,0,1,0,0
2280,-0.4615384615384615,1,0.0,-0.2916666666666667,-0.5,-0.6666666666666666,0.0,-0.6057083681168304,-0.6488146655149246,0.0,-0.8461538461538461,0,1,0,0,0,1,0,1,0,1,0,0,0,0,0
2281,0.0769230769230769,0,0.2631578947368421,0.7083333333333334,0.0,0.0,0.0,0.0175414496000337,0.0188117861599002,0.0,-0.5,1,0,0,0,1,0,0,0,0,1,0,0,0,0,1
2282,0.6538461538461539,1,1.5263157894736843,2.083333333333333,0.25,0.3333333333333333,0.0,0.6164868491963692,0.1243881370572992,0.0,-0.3076923076923077,0,0,1,0,0,0,1,0,0,0,0,1,0,0,1
2283,-0.9230769230769232,2,-0.1052631578947368,1.0833333333333333,-0.25,-0.3333333333333333,0.0,-0.2876375048873015,-0.6088876091755446,0.0,0.9230769230769232,0,0,0,0,0,1,0,0,0,0,0,1,1,0,0
2284,-0.9615384615384616,2,0.6842105263157895,2.083333333333333,-0.25,-0.3333333333333333,0.0,-0.2717867974173914,-0.4246088876091755,0.0,0.6538461538461539,1,0,0,0,1,0,0,1,0,0,0,0,1,0,0
2285,-0.2692307692307692,0,-0.8947368421052632,0.125,0.5,0.3333333333333333,1.0,0.4903997548423912,0.368173529129475,0.0,-0.4230769230769231,0,0,1,0,0,0,1,0,0,0,0,0,0,0,1
2286,-0.5769230769230769,0,-1.105263157894737,0.0833333333333333,-0.25,-0.3333333333333333,0.0,-0.2443122378028806,-0.3232555907476724,0.0,0.6538461538461539,0,0,0,1,0,1,0,0,0,0,0,1,1,0,0
2287,0.0384615384615384,1,0.0526315789473684,1.0833333333333333,0.0,-0.3333333333333333,1.0,-0.3036572865702239,-0.0057587100489489,1.0,0.2692307692307692,0,0,0,0,0,1,1,0,0,1,0,0,1,0,0
2288,-0.6153846153846154,2,-0.9473684210526316,-0.0833333333333333,0.0,0.0,0.0,-0.3425866241163231,-0.3781552932143199,0.0,0.2307692307692307,0,0,0,0,0,1,0,1,0,1,0,0,0,0,0
2289,0.5,0,1.5263157894736843,2.083333333333333,5.5,7.333333333333333,0.0,9.116270222860948,5.6723293982148,2.0,0.1923076923076923,0,0,1,0,0,0,1,0,0,0,1,0,0,1,0
2290,0.1153846153846153,2,-0.7368421052631579,0.6666666666666666,0.5,0.3333333333333333,1.0,0.2634598924265321,0.4261445436222287,1.0,-0.3846153846153846,1,0,0,0,1,0,0,0,1,0,1,0,0,0,1
2291,0.5,0,-0.631578947368421,-0.125,-0.25,-0.3333333333333333,0.0,-0.3146893789692814,-0.5286495824935215,0.0,-1.1153846153846154,0,1,0,0,0,1,0,0,0,0,1,0,0,0,1
2292,-0.7692307692307693,0,0.9473684210526316,-0.125,0.25,0.0,1.0,-0.2635021609797851,0.1792878395239467,2.0,0.5769230769230769,1,0,0,0,1,0,0,0,1,0,0,0,1,0,0
2293,-0.3461538461538461,2,1.5263157894736843,-0.2916666666666667,3.25,4.0,1.0,4.4912451259074535,2.681639312793934,3.0,-0.2692307692307692,0,0,1,0,0,0,0,0,0,0,1,0,0,1,0
2294,-0.1923076923076923,2,1.5263157894736843,0.0833333333333333,0.25,0.3333333333333333,0.0,0.2766476810414972,-0.0664171225645454,1.0,0.9230769230769232,0,0,1,0,0,0,0,1,0,0,0,1,1,0,0
2295,-0.1153846153846153,2,-0.5789473684210527,0.25,-0.25,-0.3333333333333333,0.0,-0.2405080680101022,-0.5033112582781457,1.0,0.8846153846153846,0,0,0,1,0,1,0,0,1,1,0,0,1,0,0
2296,-0.6153846153846154,2,-0.3157894736842105,0.125,0.0,0.0,0.0,-0.1018672133399554,-0.4476437278049716,0.0,0.1538461538461538,1,0,0,0,1,0,0,0,1,0,1,0,1,0,0
2297,-0.8076923076923077,2,0.0,-0.375,1.75,2.0,1.0,2.22797544197056,1.6085996736730972,1.0,0.7692307692307693,0,1,0,0,0,1,0,0,0,0,0,1,1,0,0
2298,0.3461538461538461,2,-0.5789473684210527,1.25,0.75,0.6666666666666666,1.0,0.739657413375884,1.056147422977253,3.0,-0.4615384615384615,0,1,0,0,0,1,0,0,0,0,0,0,0,0,1
2299,-0.2692307692307692,1,1.105263157894737,-0.375,1.25,1.3333333333333333,1.0,1.3138757093191598,1.523754678951915,1.0,0.4230769230769231,0,0,1,0,0,0,0,0,0,0,1,0,1,0,0
2300,0.1153846153846153,1,0.5789473684210527,-0.3333333333333333,0.0,-0.3333333333333333,1.0,-0.2786343030443926,0.0061426240522123,1.0,1.1153846153846154,0,0,0,0,0,1,1,0,0,1,0,0,1,0,0
2301,-0.2307692307692307,0,-0.6842105263157895,0.5416666666666666,-0.25,-0.3333333333333333,0.0,-0.3220863757885727,-0.592379307035224,0.0,-0.0769230769230769,0,0,0,1,0,1,1,0,0,1,0,0,0,0,1
2302,0.5384615384615384,2,0.6842105263157895,0.6666666666666666,5.25,6.333333333333333,2.0,4.6636162860735695,4.83501295709761,3.0,0.2307692307692307,1,0,0,0,1,0,0,0,1,1,0,0,0,1,0
2303,-0.1923076923076923,0,-0.2631578947368421,2.083333333333333,0.25,0.3333333333333333,0.0,0.3415299102849958,-0.0403109703426432,0.0,-0.2692307692307692,1,0,0,0,1,0,1,0,0,0,0,0,0,0,1
2304,0.9230769230769232,1,-0.6842105263157895,-0.3333333333333333,-0.25,-0.3333333333333333,0.0,-0.4165565923092368,-0.3144255686726172,0.0,-0.1538461538461538,0,0,0,1,0,1,1,0,0,1,0,0,0,0,1
2305,-0.8846153846153846,0,1.0,-0.25,0.0,0.0,0.0,-0.0583306034892691,-0.3624148190805258,0.0,1.0769230769230769,1,0,0,0,1,0,0,1,0,0,0,0,1,0,0
2306,-0.7692307692307693,1,1.105263157894737,-0.4583333333333333,-0.5,-0.6666666666666666,0.0,-0.6057083681168304,-0.6488146655149246,0.0,-0.2692307692307692,0,0,1,0,0,0,0,1,0,0,0,0,0,0,0
2307,-0.3846153846153846,2,0.1052631578947368,-0.5833333333333334,3.5,4.333333333333333,1.0,2.663510614690436,3.0091179575775024,2.0,0.8846153846153846,0,0,0,0,0,1,0,0,1,1,0,0,0,1,0
2308,0.9230769230769232,2,-0.6842105263157895,0.375,-0.25,-0.3333333333333333,0.0,-0.267982627624613,-0.1957961416642671,0.0,-0.1923076923076923,0,0,0,1,0,1,0,0,0,1,0,0,0,0,1
2309,0.6923076923076923,1,-1.105263157894737,-0.5833333333333334,0.5,0.6666666666666666,0.0,1.0404404383248975,0.8300220750551879,2.0,0.7307692307692307,0,0,1,0,0,0,0,1,0,0,0,0,1,0,0
2310,0.1538461538461538,0,1.368421052631579,-0.4166666666666667,-0.25,-0.6666666666666666,1.0,-0.513351579258821,-0.3800748632306363,0.0,-0.8846153846153846,0,1,0,0,0,1,0,0,1,1,0,0,0,0,1
2311,0.7307692307692307,2,-0.5263157894736842,0.625,0.0,0.0,0.0,-0.1063054114315302,-0.2050100777425856,1.0,0.1923076923076923,0,0,1,0,0,0,0,0,0,1,0,0,1,0,0
2312,-0.8846153846153846,0,0.9473684210526316,2.083333333333333,0.0,0.0,0.0,0.0105671383132733,-0.0533640464535942,1.0,-0.3461538461538461,0,1,0,0,0,1,0,1,0,0,0,1,0,0,1
2313,-0.8076923076923077,1,0.0526315789473684,0.2083333333333333,0.0,0.0,0.0,0.0877072480001691,-0.2138400998176408,0.0,-0.4615384615384615,0,1,0,0,0,1,0,1,0,1,0,0,0,0,1
2314,0.9230769230769232,2,0.1578947368421052,-0.1666666666666666,1.25,1.3333333333333333,1.0,0.7033487261314765,1.4177944140512526,1.0,0.1153846153846153,1,0,0,0,1,0,0,1,0,0,1,0,1,0,0
2315,-0.4230769230769231,0,0.0526315789473684,0.2083333333333333,0.0,-0.3333333333333333,1.0,-0.2918220916593578,0.0138209041174776,0.0,0.1923076923076923,0,1,0,0,0,1,0,0,0,1,0,0,1,0,0
2316,-0.7307692307692307,1,-0.5263157894736842,0.1666666666666666,1.0,1.0,1.0,1.5018439656356664,1.0008638065073423,0.0,-0.3461538461538461,0,0,1,0,0,0,0,0,0,0,1,0,0,0,1
2317,-0.0769230769230769,2,0.1052631578947368,-0.5,2.25,2.6666666666666665,1.0,2.0272843511248726,1.7402821767923984,1.0,0.1923076923076923,1,0,0,0,1,0,0,0,1,1,0,0,0,1,0
2318,-0.7307692307692307,0,0.1052631578947368,0.6666666666666666,1.5,1.6666666666666667,1.0,1.1985670960447203,1.0795661771763128,0.0,0.3461538461538461,0,0,0,1,0,1,0,0,1,1,0,0,1,0,0
2319,0.7307692307692307,0,-0.7894736842105263,0.1666666666666666,-0.25,-0.3333333333333333,0.0,-0.3829530924730275,-0.4710624820040311,0.0,-0.9615384615384616,0,0,0,1,0,1,0,0,1,0,0,0,0,0,1
2320,0.1923076923076923,0,0.1578947368421052,2.083333333333333,1.25,1.6666666666666667,0.0,1.5045491530438644,1.8005566753047315,0.0,-0.3461538461538461,0,0,0,0,0,1,0,0,0,0,1,0,0,0,1
2321,-0.7692307692307693,2,1.5263157894736843,0.4166666666666667,0.25,0.3333333333333333,0.0,0.3504063064681454,0.255302812170074,2.0,0.3846153846153846,0,1,0,0,0,1,0,0,0,0,1,0,1,0,0
2322,-0.0769230769230769,2,-0.4736842105263157,-0.0416666666666666,2.25,2.333333333333333,2.0,2.1673200680523714,2.356080238026682,2.0,0.5769230769230769,0,0,0,1,0,1,0,1,0,0,0,1,0,1,0
2323,0.4615384615384615,0,-0.7368421052631579,-0.375,-0.5,-0.6666666666666666,0.0,-0.6057083681168304,-0.6488146655149246,0.0,0.6153846153846154,0,1,0,0,0,1,0,0,1,0,0,0,0,0,0
2324,-0.2307692307692307,1,0.1052631578947368,2.083333333333333,-0.5,-0.6666666666666666,0.0,-0.6057083681168304,-0.6488146655149246,0.0,-0.8461538461538461,0,1,0,0,0,1,0,0,1,1,0,0,0,0,0
2325,0.9615384615384616,1,-0.5789473684210527,2.083333333333333,-0.5,-0.6666666666666666,0.0,-0.6057083681168304,-0.6488146655149246,0.0,0.5384615384615384,0,0,0,1,0,1,1,0,0,0,0,0,0,0,0
2326,-0.1923076923076923,1,1.105263157894737,0.0416666666666666,4.0,5.333333333333333,0.0,4.500332864856869,4.921777521835109,5.0,-0.4230769230769231,0,1,0,0,0,1,0,0,0,1,0,0,0,1,0
2327,0.1923076923076923,0,0.2105263157894736,0.125,0.0,0.0,0.0,-0.1640019866220029,0.0890680487570784,0.0,0.0769230769230769,1,0,0,0,1,0,0,0,1,0,1,0,0,0,1
2328,0.5769230769230769,2,-0.4736842105263157,-0.5416666666666666,-0.25,-0.3333333333333333,0.0,-0.3939429163188317,-0.1670025914195219,0.0,1.1538461538461535,0,0,0,1,0,1,0,0,0,0,0,0,1,0,0
2329,0.8846153846153846,1,0.4736842105263157,-0.25,-0.5,-0.6666666666666666,0.0,-0.6057083681168304,-0.6488146655149246,0.0,0.1923076923076923,0,1,0,0,0,1,0,0,1,1,0,0,0,0,0
2330,0.5769230769230769,0,-0.0526315789473684,-0.2083333333333333,0.0,0.0,0.0,0.0057062546891676,0.2944620405029274,1.0,0.3076923076923077,1,0,0,0,1,0,1,0,0,0,1,0,1,0,0
2331,-0.8846153846153846,0,0.0526315789473684,-0.2083333333333333,0.5,0.6666666666666666,0.0,0.5516046199528706,0.3105864286399846,2.0,-0.6923076923076923,1,0,0,0,1,0,0,0,1,1,0,0,0,0,1
2332,0.0,0,-0.2631578947368421,0.6666666666666666,-0.5,-0.6666666666666666,0.0,-0.6057083681168304,-0.6488146655149246,0.0,0.9230769230769232,0,0,0,0,0,1,0,0,0,0,1,0,0,0,0
2333,0.0384615384615384,2,-1.105263157894737,-0.5833333333333334,-0.5,-0.6666666666666666,0.0,-0.6057083681168304,-0.6488146655149246,0.0,0.3846153846153846,0,0,0,1,0,1,0,0,0,0,1,0,0,0,0
2334,0.0769230769230769,2,0.6842105263157895,1.375,1.25,1.0,2.0,1.5493960880453967,1.3306459353104907,1.0,-0.7307692307692307,0,0,1,0,0,0,0,1,0,0,0,0,0,0,1
2335,0.7692307692307693,1,0.9473684210526316,-0.2083333333333333,-0.25,-0.3333333333333333,0.0,-0.0705884839326662,-0.2664363182647086,0.0,-0.3846153846153846,0,0,1,0,0,0,1,0,0,0,0,0,0,0,1
2336,0.1538461538461538,2,0.8421052631578947,-0.3333333333333333,-0.25,-0.3333333333333333,0.0,-0.352942419663331,-0.3674057011229484,0.0,0.5384615384615384,0,0,0,0,0,1,1,0,0,0,0,1,1,0,0
2337,0.2692307692307692,0,-1.0526315789473684,0.5,-0.25,-0.3333333333333333,0.0,-0.3713292403284267,-0.5662731548133217,0.0,0.6923076923076923,1,0,0,0,1,0,0,0,0,1,0,0,1,0,0
2338,0.7307692307692307,0,-0.4736842105263157,-0.4166666666666667,2.75,3.333333333333333,1.0,4.622911669290841,2.611766964200019,3.0,0.5769230769230769,0,0,1,0,0,0,0,0,1,0,0,1,0,1,0
2339,-0.3076923076923077,0,-0.6842105263157895,2.083333333333333,-0.25,-0.3333333333333333,0.0,-0.2851013916921159,-0.4868029561378251,0.0,-0.3846153846153846,0,0,0,0,0,1,1,0,0,0,1,0,0,0,1
2340,-0.5,0,-0.3157894736842105,0.7916666666666666,-0.25,-0.3333333333333333,0.0,-0.3201842908921835,-0.2821767923985027,0.0,-0.8461538461538461,0,0,0,1,0,1,0,0,0,0,0,1,0,0,1
2341,-0.3076923076923077,0,-0.8421052631578947,-0.4583333333333333,0.0,0.0,0.0,0.0697431128676043,0.0948267588060275,0.0,-0.6538461538461539,1,0,0,0,1,0,0,0,0,1,0,0,0,0,1
2342,-0.5,2,-0.4736842105263157,0.0,0.5,0.6666666666666666,0.0,0.2301522724630942,0.4672233419713985,0.0,0.1153846153846153,0,0,0,0,0,1,1,0,0,0,0,1,1,0,0
2343,0.3076923076923077,1,-0.5789473684210527,-0.2916666666666667,0.0,-0.3333333333333333,1.0,-0.2667568395802733,-0.0299452922545348,0.0,-0.0769230769230769,0,0,0,1,0,1,1,0,0,0,0,0,0,0,1
2344,0.9615384615384616,2,0.2631578947368421,0.7916666666666666,0.25,0.3333333333333333,0.0,0.0390984117591115,-0.0115174200978979,0.0,0.3846153846153846,0,0,0,1,0,1,0,0,0,0,0,1,1,0,0
2345,0.0,0,0.1578947368421052,1.125,0.75,0.6666666666666666,1.0,0.3843479547303794,0.6960360879163069,1.0,-0.8846153846153846,0,1,0,0,0,1,0,1,0,0,0,1,0,0,1
2346,0.5,1,-0.9473684210526316,0.7083333333333334,-0.25,-0.3333333333333333,0.0,-0.297359272135513,-0.2295805739514348,0.0,-0.0384615384615384,0,0,0,0,0,1,0,0,1,0,0,1,0,0,1
2347,-0.9615384615384616,1,-0.0526315789473684,-0.25,0.0,0.0,0.0,-0.26206503016918,0.0280257222382186,0.0,-0.5769230769230769,1,0,0,0,1,0,1,0,0,0,1,0,0,0,1
2348,0.4615384615384615,0,-1.0,-0.25,0.5,0.6666666666666666,0.0,0.7380089397990132,0.6488146655149246,1.0,-0.1153846153846153,0,0,0,1,0,1,0,0,0,1,0,0,0,0,1
2349,0.5769230769230769,0,0.0,-0.1666666666666666,0.5,0.0,2.0,0.1295953842739848,0.1301468471062482,1.0,0.1153846153846153,1,0,0,0,1,0,0,1,0,0,0,0,1,0,0
2350,-0.6923076923076923,1,0.1578947368421052,0.5,-0.25,-0.3333333333333333,0.0,-0.2274048165016432,-0.2211344658796429,0.0,-0.9615384615384616,0,0,0,0,0,1,0,0,1,0,1,0,0,0,1
2351,-0.8076923076923077,0,1.0,0.125,0.25,0.3333333333333333,0.0,0.8174738199148291,0.322487762741146,1.0,0.1153846153846153,0,0,1,0,0,0,1,0,0,0,0,0,1,0,0
2352,-0.4615384615384615,1,-1.0526315789473684,-0.0833333333333333,-0.5,-0.6666666666666666,0.0,-0.6057083681168304,-0.6488146655149246,0.0,0.2692307692307692,1,0,0,0,1,0,0,0,1,0,0,0,0,0,0
2353,0.8076923076923077,0,-0.5789473684210527,1.9583333333333333,0.0,0.0,0.0,-0.1895744613401244,-0.0863806507342354,0.0,0.6153846153846154,0,0,0,1,0,1,0,1,0,0,0,1,1,0,0
2354,0.5384615384615384,2,-0.0526315789473684,-0.5,-0.5,-0.6666666666666666,0.0,-0.6057083681168304,-0.6488146655149246,0.0,-0.6538461538461539,0,1,0,0,0,1,1,0,0,0,0,1,0,0,0
2355,0.3846153846153846,2,1.5263157894736843,0.0416666666666666,-0.25,-0.3333333333333333,0.0,-0.3899274037597878,-0.3044438045877722,0.0,-0.6923076923076923,0,0,1,0,0,0,0,0,0,0,0,1,0,0,1
2356,0.3461538461538461,2,0.8947368421052632,2.083333333333333,-0.5,-0.6666666666666666,0.0,-0.6057083681168304,-0.6488146655149246,0.0,-0.4615384615384615,0,1,0,0,0,1,0,0,0,0,0,0,0,0,0
2357,-0.3076923076923077,0,-0.2631578947368421,0.125,0.0,-0.3333333333333333,1.0,-0.3661302082782962,-0.0069104520587388,0.0,-0.5,0,0,0,1,0,1,0,0,1,0,0,0,0,0,1
2358,-0.3846153846153846,0,0.2631578947368421,-0.0833333333333333,2.5,3.0,1.0,2.894381452558833,2.412899510509646,2.0,-0.6923076923076923,0,1,0,0,0,1,0,0,0,0,1,0,0,1,0
2359,-0.9615384615384616,1,1.0526315789473684,0.1666666666666666,2.0,2.333333333333333,1.0,3.7192100007397,1.788271427200307,2.0,0.6923076923076923,0,0,1,0,0,0,0,1,0,0,0,1,0,1,0
2360,-0.4230769230769231,1,0.4210526315789473,2.083333333333333,0.75,1.0,0.0,0.8018344552111843,0.3290143007966216,0.0,-1.0384615384615383,0,1,0,0,0,1,0,1,0,0,0,0,0,0,1
2361,0.8461538461538461,0,1.0,-0.375,0.25,0.3333333333333333,0.0,0.3842211490706203,0.4499472118245514,0.0,-0.0769230769230769,0,1,0,0,0,1,0,0,1,1,0,0,0,0,1
2362,0.0769230769230769,2,-0.2631578947368421,-0.5833333333333334,0.75,0.6666666666666666,1.0,0.4865533164963597,0.767828006526538,1.0,-0.5769230769230769,1,0,0,0,1,0,1,0,0,0,0,1,0,0,1
2363,0.5384615384615384,0,-0.3157894736842105,-0.2916666666666667,2.25,2.0,3.0,1.8221973307408623,1.7571743929359824,0.0,0.4615384615384615,0,0,0,1,0,1,0,0,0,1,0,0,0,1,0
2364,0.5,2,0.0,-0.0833333333333333,0.25,0.0,1.0,0.4007481533925798,0.3977349073807468,0.0,-0.6153846153846154,0,0,1,0,0,0,0,0,0,1,0,0,0,0,1
2365,-0.1923076923076923,0,-0.0526315789473684,0.6666666666666666,-0.5,-0.6666666666666666,0.0,-0.6057083681168304,-0.6488146655149246,0.0,1.4230769230769231,0,1,0,0,0,1,1,0,0,1,0,0,1,0,0
2366,-0.4230769230769231,0,-0.631578947368421,-0.5,1.5,1.3333333333333333,2.0,1.316707702387117,1.5583069392456093,2.0,0.2692307692307692,0,0,0,0,0,1,0,0,1,1,0,0,0,1,0
2367,0.1153846153846153,2,0.0,0.4166666666666667,1.5,1.6666666666666667,1.0,1.8852197436412248,1.395911315865246,0.0,-1.0,0,0,1,0,0,0,0,1,0,0,0,0,0,0,1
2368,-0.9230769230769232,0,-0.8421052631578947,-0.2083333333333333,0.0,0.0,0.0,0.0217683049253431,0.2100009597850082,1.0,-1.2692307692307692,1,0,0,0,1,0,0,1,0,1,0,0,0,0,1
2369,-0.3461538461538461,0,0.631578947368421,1.125,2.25,2.6666666666666665,1.0,1.8087136622531257,2.281217007390345,1.0,-0.2692307692307692,1,0,0,0,1,0,1,0,0,0,1,0,0,1,0
2370,-0.5769230769230769,1,-0.6842105263157895,-0.5833333333333334,-0.5,-0.6666666666666666,0.0,-0.6057083681168304,-0.6488146655149246,0.0,-0.0384615384615384,1,0,0,0,1,0,0,0,0,0,1,0,0,0,0
2371,-0.8461538461538461,1,0.4736842105263157,-0.4166666666666667,1.0,1.3333333333333333,0.0,0.6494563207337822,1.1352337076494865,2.0,-0.3076923076923077,0,0,0,0,0,1,0,0,0,0,0,0,0,0,1
2372,-0.8461538461538461,0,-0.1578947368421052,1.0416666666666667,1.25,1.3333333333333333,1.0,0.9527754588779817,1.110279297437374,1.0,-1.2307692307692308,0,0,0,1,0,1,1,0,0,0,0,0,0,0,1
2373,-0.6153846153846154,0,1.368421052631579,0.3333333333333333,1.0,1.0,1.0,1.0543045237919124,0.5605144447643728,2.0,-0.7307692307692307,0,0,0,0,0,1,0,0,0,0,0,1,0,0,1
2374,-0.5769230769230769,2,0.2631578947368421,1.1666666666666667,0.25,0.3333333333333333,0.0,-0.2662918854944893,0.095594586812554,0.0,0.2692307692307692,0,0,0,0,0,1,0,0,0,0,0,0,1,0,0
2375,0.4230769230769231,2,0.7894736842105263,0.0,0.25,0.3333333333333333,0.0,0.0437479526169518,0.2480084461080718,1.0,0.9615384615384616,0,0,1,0,0,0,1,0,0,0,1,0,1,0,0
2376,-0.3846153846153846,1,0.5263157894736842,0.2083333333333333,1.25,1.3333333333333333,1.0,1.1245971278518068,1.1348497936462234,5.0,0.8076923076923077,0,1,0,0,0,1,0,0,1,0,1,0,1,0,0
2377,0.9615384615384616,1,0.0,-0.1666666666666666,0.25,0.0,1.0,-0.1014022592541714,0.0948267588060275,0.0,-0.5769230769230769,0,0,0,0,0,1,0,1,0,0,0,0,0,0,1
2378,-0.6153846153846154,2,-0.5789473684210527,0.3333333333333333,4.0,4.333333333333333,3.0,3.1725085329641884,4.249544102121125,3.0,-0.1923076923076923,0,1,0,0,0,1,0,0,0,0,1,0,0,1,0
2379,0.9230769230769232,0,0.631578947368421,0.1666666666666666,0.25,0.3333333333333333,0.0,0.2350131560872,0.3274786447835685,0.0,1.0384615384615383,0,1,0,0,0,1,0,0,1,0,0,0,1,0,0
2380,-0.8461538461538461,0,0.0,-0.125,-0.25,-0.3333333333333333,0.0,-0.2665032282607547,-0.3025242345714559,0.0,-0.9230769230769232,0,1,0,0,0,1,0,0,0,0,1,0,0,0,1
2381,0.4230769230769231,0,-0.1052631578947368,-0.5416666666666666,0.25,0.3333333333333333,0.0,0.1227901472002367,0.2564545541798637,0.0,0.2692307692307692,0,0,0,0,0,1,0,0,0,1,0,0,1,0,0
2382,0.7692307692307693,1,1.5263157894736843,-0.5,3.25,3.6666666666666665,2.0,4.106812634070568,4.089068048757079,2.0,-0.8076923076923077,0,0,1,0,0,0,0,0,1,0,1,0,0,1,0
2383,-0.9615384615384616,0,0.5789473684210527,0.0416666666666666,5.5,6.666666666666667,2.0,6.822144495049296,5.664267204146271,2.0,-0.3846153846153846,0,1,0,0,0,1,0,1,0,1,0,0,0,1,0
2384,0.8076923076923077,0,-0.3157894736842105,-0.375,0.0,0.0,0.0,-0.3191275770608562,0.1270755350801421,0.0,-0.3461538461538461,0,0,0,1,0,1,1,0,0,1,0,0,0,0,1
2385,0.0384615384615384,1,0.0526315789473684,0.75,-0.5,-0.6666666666666666,0.0,-0.6057083681168304,-0.6488146655149246,0.0,-0.8461538461538461,0,0,0,1,0,1,0,0,0,1,0,0,0,0,0
2386,0.5,0,-0.1578947368421052,0.875,1.5,1.6666666666666667,1.0,2.298648463009733,1.3007006430559556,0.0,-0.4615384615384615,0,0,1,0,0,0,0,0,1,0,0,1,0,0,1
2387,-0.2307692307692307,0,-0.0526315789473684,-0.25,0.0,0.0,0.0,-0.2407194107763677,-0.0330166042806411,0.0,-0.9615384615384616,1,0,0,0,1,0,1,0,0,0,0,0,0,0,1
2388,-0.4615384615384615,0,0.0,1.625,0.0,-0.3333333333333333,1.0,-0.0175414496000338,-0.2234379498992225,1.0,-0.5769230769230769,0,0,1,0,0,0,0,1,0,0,1,0,0,0,1
2389,0.0,1,-0.1052631578947368,-0.375,-0.25,-0.3333333333333333,0.0,-0.3510403347669418,-0.3631826470870524,0.0,-0.0769230769230769,0,0,0,0,0,1,0,0,1,0,1,0,0,0,1
2390,0.2307692307692307,0,0.0526315789473684,0.2916666666666667,0.0,0.0,0.0,0.0699544556338697,-0.3209521067280929,0.0,0.3846153846153846,0,0,0,0,0,1,0,1,0,1,0,0,1,0,0
2391,-0.6538461538461539,0,-0.1052631578947368,-0.5833333333333334,-0.25,-0.3333333333333333,0.0,-0.503841154776875,-0.214224013820904,0.0,-0.1923076923076923,1,0,0,0,1,0,0,0,0,0,0,0,0,0,1
2392,-0.2692307692307692,0,1.5263157894736843,-0.0416666666666666,0.0,0.0,0.0,0.2502298352583137,0.0199635281696901,0.0,0.5,0,0,1,0,0,0,1,0,0,0,0,0,1,0,0
2393,-0.8076923076923077,2,0.8947368421052632,-0.0833333333333333,0.0,0.0,0.0,-0.0019020848963892,0.1090315769267684,0.0,-0.5384615384615384,1,0,0,0,1,0,1,0,0,0,0,1,0,0,1
2394,-0.8076923076923077,0,-0.7368421052631579,0.3333333333333333,0.0,0.0,0.0,-0.1868270053786734,-0.3370764948651502,0.0,0.9615384615384616,1,0,0,0,1,0,0,0,0,0,0,1,1,0,0
2395,-0.9615384615384616,1,-0.4210526315789473,0.25,0.0,0.0,0.0,-0.0834803926748597,-0.284096362414819,0.0,-0.5384615384615384,0,1,0,0,0,1,1,0,0,0,1,0,0,0,1
2396,-0.4615384615384615,2,-1.0,1.625,-0.5,-0.6666666666666666,0.0,-0.6057083681168304,-0.6488146655149246,0.0,1.4230769230769231,0,0,0,1,0,1,0,0,1,0,0,1,0,0,0
2397,0.5384615384615384,0,-0.4736842105263157,-0.5833333333333334,-0.25,-0.3333333333333333,0.0,-0.192533260067841,-0.5927632210384873,0.0,1.5,0,0,0,0,0,1,1,0,0,0,0,1,1,0,0
2398,0.3076923076923077,2,-0.1052631578947368,0.875,0.5,0.6666666666666666,0.0,0.8654486278570902,0.7666762645167485,0.0,0.3461538461538461,0,0,1,0,0,0,0,1,0,0,0,0,1,0,0
2399,-0.8846153846153846,2,-0.1052631578947368,0.375,-0.5,-0.6666666666666666,0.0,-0.6057083681168304,-0.6488146655149246,0.0,-0.6153846153846154,0,0,0,1,0,1,0,0,0,0,0,0,0,0,0
2400,0.8076923076923077,2,-0.7894736842105263,-0.4166666666666667,-0.5,-0.6666666666666666,0.0,-0.6057083681168304,-0.6488146655149246,0.0,-0.9230769230769232,1,0,0,0,1,0,0,0,0,0,0,1,0,0,0
2401,0.5384615384615384,0,-0.8421052631578947,-0.4583333333333333,-0.25,-0.3333333333333333,0.0,-0.4262783595574483,-0.1746808714847873,0.0,1.3076923076923077,0,0,1,0,0,0,0,1,0,0,0,1,1,0,0
2402,-0.2307692307692307,1,-0.1578947368421052,-0.5833333333333334,0.75,1.0,0.0,0.9842232624982832,0.5724157788655342,2.0,1.5384615384615383,0,0,1,0,0,0,0,0,0,0,1,0,1,0,0
2403,0.0384615384615384,1,-0.2631578947368421,0.2083333333333333,-0.5,-0.6666666666666666,0.0,-0.6057083681168304,-0.6488146655149246,0.0,-0.2692307692307692,0,1,0,0,0,1,1,0,0,1,0,0,0,0,0
2404,-0.5769230769230769,1,-1.0,0.6666666666666666,0.25,0.3333333333333333,0.0,0.6781989369458858,0.3570400230348404,1.0,-0.9230769230769232,0,0,1,0,0,0,0,1,0,0,0,1,0,0,1
2405,-0.5769230769230769,2,-0.631578947368421,-0.5416666666666666,0.25,0.3333333333333333,0.0,-0.1525894772436676,0.3651022171033689,0.0,0.4615384615384615,1,0,0,0,1,0,0,0,1,1,0,0,1,0,0
2406,-0.1538461538461538,2,0.5263157894736842,0.6666666666666666,1.0,1.3333333333333333,0.0,1.3020827829615464,0.4775890200595067,0.0,-0.1153846153846153,1,0,0,0,1,0,0,1,0,0,0,1,0,0,1
2407,0.3846153846153846,2,-0.8421052631578947,0.625,-0.5,-0.6666666666666666,0.0,-0.6057083681168304,-0.6488146655149246,0.0,-0.3076923076923077,0,0,0,1,0,1,1,0,0,0,0,1,0,0,0
2408,0.3076923076923077,2,0.0,-0.4583333333333333,0.0,-0.3333333333333333,1.0,-0.1743155136157577,-0.3846818312697955,1.0,-0.7307692307692307,0,0,0,1,0,1,0,0,0,0,0,1,0,0,1
2409,0.1923076923076923,0,-0.1578947368421052,0.5833333333333334,0.0,0.0,0.0,-0.307715067682521,-0.0668010365678087,0.0,0.6153846153846154,1,0,0,0,1,0,1,0,0,0,0,1,1,0,0
2410,-0.8461538461538461,2,0.2631578947368421,1.0,0.25,0.3333333333333333,0.0,0.1483626219183583,0.2541510701602841,1.0,1.5384615384615383,1,0,0,0,1,0,1,0,0,0,0,1,1,0,0
2411,-0.4230769230769231,1,0.3157894736842105,-0.375,0.25,0.3333333333333333,0.0,-0.0431139243181553,-0.3635665610903157,0.0,1.5769230769230769,0,0,0,1,0,1,0,1,0,0,1,0,1,0,0
2412,0.2692307692307692,0,-0.2105263157894736,-0.2916666666666667,0.0,0.0,0.0,-0.2216985618124755,-0.1888856896055283,0.0,-0.5769230769230769,0,0,0,1,0,1,0,1,0,1,0,0,0,0,1
2413,-0.2307692307692307,1,-0.3157894736842105,0.0833333333333333,0.0,0.0,0.0,0.0784081662844886,-0.3512813129858911,1.0,-0.8846153846153846,0,0,0,0,0,1,0,0,0,0,1,0,0,0,1
2414,0.9230769230769232,0,0.8421052631578947,-0.5833333333333334,0.5,0.3333333333333333,1.0,0.5603119419230079,0.0207313561762166,2.0,-0.0384615384615384,0,0,1,0,0,0,0,1,0,0,0,0,0,0,1
2415,0.0384615384615384,0,0.1052631578947368,1.5416666666666667,-0.25,-0.6666666666666666,1.0,-0.554943835659865,-0.5489970246664747,0.0,0.2692307692307692,0,1,0,0,0,1,1,0,0,0,0,0,1,0,0
2416,-0.3846153846153846,0,0.3157894736842105,-0.2916666666666667,0.0,0.0,0.0,0.0336034998362093,-0.1835108935598425,1.0,0.9615384615384616,0,0,0,0,0,1,0,1,0,1,0,0,1,0,0
2417,-0.3846153846153846,0,0.0526315789473684,-0.4583333333333333,2.0,2.333333333333333,1.0,1.5508754874092552,1.6608119781169015,2.0,-0.6153846153846154,1,0,0,0,1,0,0,0,0,0,1,0,0,0,1
2418,-0.1923076923076923,2,-0.2105263157894736,0.625,1.0,1.3333333333333333,0.0,1.2004269123878564,0.9171705537959496,2.0,0.0384615384615384,0,0,0,1,0,1,0,0,1,1,0,0,1,0,0
2419,0.9615384615384616,2,-0.5263157894736842,-0.4583333333333333,0.0,-0.3333333333333333,1.0,-0.2889055614848942,0.1078798349169786,0.0,1.1538461538461535,0,0,1,0,0,0,0,0,0,0,0,0,1,0,0
2420,0.9615384615384616,2,0.8947368421052632,-0.2083333333333333,-0.25,-0.3333333333333333,0.0,-0.4353660985068635,-0.5286495824935215,0.0,-0.3461538461538461,0,0,1,0,0,0,0,0,1,0,1,0,0,0,1
2421,-0.8846153846153846,1,0.0526315789473684,-0.5833333333333334,0.5,0.3333333333333333,1.0,0.2691661471156996,0.0756310586428641,1.0,0.3076923076923077,0,1,0,0,0,1,1,0,0,0,0,1,1,0,0
2422,-0.7692307692307693,1,0.0526315789473684,-0.2916666666666667,0.0,0.0,0.0,-0.1878837192100008,0.1197811690181399,0.0,-1.0,0,0,0,1,0,1,1,0,0,0,1,0,0,0,1
2423,0.4615384615384615,1,0.4210526315789473,0.2083333333333333,2.75,3.333333333333333,1.0,4.202931324168103,2.4816201170937715,1.0,-0.3461538461538461,0,0,1,0,0,0,0,0,1,0,0,0,0,1,0
2424,0.2307692307692307,1,0.1578947368421052,-0.25,4.5,5.0,3.0,4.249976223938796,5.304539783088588,4.0,0.5384615384615384,1,0,0,0,1,0,1,0,0,0,0,1,0,1,0
2425,-0.6538461538461539,1,0.1578947368421052,-0.2083333333333333,-0.25,-0.3333333333333333,0.0,-0.310885209176503,-0.4791246760725597,0.0,0.3076923076923077,0,0,0,0,0,1,1,0,0,1,0,0,1,0,0
2426,-0.7307692307692307,0,-0.5263157894736842,1.4583333333333333,0.25,-0.3333333333333333,2.0,-0.1703422696099669,0.3793070352241099,0.0,0.4230769230769231,0,0,0,1,0,1,1,0,0,0,1,0,1,0,0
2427,0.6538461538461539,1,1.105263157894737,0.8333333333333334,0.0,-0.3333333333333333,1.0,-0.1760062557458814,0.0963624148190805,1.0,0.5,0,0,0,0,0,1,0,1,0,1,0,0,1,0,0
2428,-0.2692307692307692,2,-1.105263157894737,-0.4583333333333333,-0.25,-0.3333333333333333,0.0,-0.3992264854754684,-0.5474613686534215,0.0,0.8846153846153846,0,0,0,0,0,1,0,1,0,1,0,0,1,0,0
2429,-0.4615384615384615,1,-0.4210526315789473,2.083333333333333,0.25,0.3333333333333333,0.0,0.1293417729544662,-0.1804395815337364,0.0,-1.1538461538461535,0,0,0,0,0,1,0,0,0,1,0,0,0,0,1
2430,-0.8461538461538461,2,0.1052631578947368,-0.5833333333333334,0.5,0.3333333333333333,1.0,0.150053364048482,0.1458873212400424,0.0,-0.4230769230769231,0,0,1,0,0,0,0,0,0,0,0,0,0,0,1
2431,-0.6153846153846154,2,1.5263157894736843,0.9583333333333334,-0.25,-0.3333333333333333,0.0,-0.1821774645208331,-0.1758326134945771,1.0,0.1923076923076923,0,1,0,0,0,1,1,0,0,0,0,0,1,0,0
2432,0.4615384615384615,1,1.5263157894736843,0.1666666666666666,8.75,9.666666666666666,6.0,7.654792725581986,9.292638448987429,5.0,-0.1538461538461538,0,0,0,0,0,1,0,1,0,1,0,0,0,1,0
2433,0.8076923076923077,2,-0.6842105263157895,-0.5416666666666666,-0.25,-0.3333333333333333,0.0,-0.4364228123381907,-0.485267300124772,0.0,0.4615384615384615,0,0,0,1,0,1,0,0,0,0,0,1,1,0,0
2434,-0.0769230769230769,1,1.105263157894737,0.0833333333333333,-0.25,-0.3333333333333333,0.0,-0.0722792260627899,-0.2211344658796429,0.0,-0.4615384615384615,0,0,1,0,0,0,0,0,0,1,0,0,0,0,1
2435,-0.8846153846153846,0,-1.105263157894737,-0.4583333333333333,-0.5,-0.6666666666666666,0.0,-0.6057083681168304,-0.6488146655149246,0.0,-0.2307692307692307,0,0,1,0,0,0,0,0,0,1,0,0,0,0,0
2436,0.9615384615384616,2,-0.6842105263157895,-0.4583333333333333,-0.25,-0.3333333333333333,0.0,-0.2367038982173238,-0.4472598138017084,0.0,-0.0769230769230769,1,0,0,0,1,0,0,1,0,0,0,1,0,0,1
2437,0.6538461538461539,0,-0.3684210526315789,0.3333333333333333,1.25,1.6666666666666667,0.0,1.3301913708748536,1.4270083501295712,1.0,0.4615384615384615,1,0,0,0,1,0,0,0,1,0,1,0,1,0,0
2438,-0.7692307692307693,0,-0.5789473684210527,0.125,0.5,0.6666666666666666,0.0,0.298204643200575,0.2579902101929169,0.0,-0.0384615384615384,1,0,0,0,1,0,0,0,0,0,0,1,0,0,1
2439,0.2692307692307692,2,-0.3157894736842105,-0.3333333333333333,0.25,0.3333333333333333,0.0,0.543150909302252,0.1332181591323544,0.0,0.0,0,1,0,0,0,1,1,0,0,1,0,0,0,0,1
2440,0.0384615384615384,1,0.3157894736842105,-0.1666666666666666,-0.25,-0.3333333333333333,0.0,-0.0741813109591792,-0.4733659660236106,0.0,0.6153846153846154,0,1,0,0,0,1,1,0,0,0,0,0,1,0,0
2441,-0.1538461538461538,1,-0.5263157894736842,-0.4166666666666667,-0.5,-0.6666666666666666,0.0,-0.6057083681168304,-0.6488146655149246,0.0,-0.7692307692307693,0,0,0,0,0,1,0,1,0,0,0,0,0,0,0
2442,-0.1538461538461538,2,-0.8421052631578947,2.083333333333333,1.75,2.333333333333333,0.0,2.1542168165439124,1.5107016028409637,1.0,-0.5,0,1,0,0,0,1,0,1,0,0,0,1,0,0,1
2443,0.1538461538461538,2,0.5789473684210527,0.75,0.0,-0.3333333333333333,1.0,-0.0136527427007491,0.1324503311258279,0.0,0.8461538461538461,0,0,1,0,0,0,0,1,0,0,0,1,1,0,0
2444,-0.9230769230769232,0,1.2105263157894737,1.3333333333333333,2.25,2.6666666666666665,1.0,2.5756765610305083,1.5974661675784625,0.0,0.3461538461538461,0,0,0,0,0,1,0,1,0,0,0,0,0,1,0
2445,0.4230769230769231,1,0.0526315789473684,-0.125,0.0,0.0,0.0,-0.0688977418025425,-0.3543526250119972,1.0,-0.5769230769230769,0,0,0,1,0,1,0,0,0,0,0,1,0,0,1
2446,0.6153846153846154,1,-0.8947368421052632,0.8333333333333334,-0.25,-0.3333333333333333,0.0,-0.2098633669016094,-0.2606776082157596,0.0,-1.0,0,0,0,0,0,1,1,0,0,0,1,0,0,0,1
2447,0.3076923076923077,1,0.8947368421052632,-0.5833333333333334,0.25,0.3333333333333333,0.0,0.5678780129553117,0.0694884345906517,0.0,-0.6538461538461539,0,0,1,0,0,0,0,0,0,0,0,0,0,0,1
2448,-0.9615384615384616,0,-0.0526315789473684,2.083333333333333,-0.5,-0.6666666666666666,0.0,-0.6057083681168304,-0.6488146655149246,0.0,0.3076923076923077,1,0,0,0,1,0,0,0,1,0,0,0,0,0,0
2449,0.0384615384615384,1,0.631578947368421,1.25,-0.25,-0.3333333333333333,0.0,-0.3723859541597541,-0.2986850945388233,0.0,-0.1153846153846153,0,0,0,1,0,1,0,0,1,0,0,1,0,0,1
2450,0.3461538461538461,2,0.0526315789473684,1.0833333333333333,0.5,0.6666666666666666,0.0,0.8121902507581925,0.3908244553220079,0.0,-0.6923076923076923,0,1,0,0,0,1,0,0,1,0,0,1,0,0,1
2451,0.8076923076923077,0,-0.1578947368421052,0.875,1.25,0.6666666666666666,3.0,0.4190504369511693,0.8115942028985508,2.0,-0.4230769230769231,0,0,0,1,0,1,0,0,0,0,1,0,0,0,1
2452,-0.7692307692307693,0,0.1052631578947368,-0.5416666666666666,-0.5,-0.6666666666666666,0.0,-0.6057083681168304,-0.6488146655149246,0.0,-0.5769230769230769,1,0,0,0,1,0,0,1,0,0,1,0,0,0,0
2453,0.8461538461538461,2,0.3157894736842105,0.2083333333333333,0.0,0.0,0.0,-0.0120465376771316,-0.0902197907668681,1.0,0.8076923076923077,0,1,0,0,0,1,0,0,0,0,0,1,1,0,0
2454,0.0384615384615384,1,-0.1578947368421052,1.9166666666666667,-0.25,-0.3333333333333333,0.0,-0.3415299102849958,-0.510989538343411,0.0,-0.5769230769230769,0,0,0,0,0,1,0,0,0,1,0,0,0,0,1
2455,0.8846153846153846,0,1.0526315789473684,0.0416666666666666,1.75,2.333333333333333,0.0,2.6352329525641167,1.645071503983108,1.0,0.0,0,0,1,0,0,0,0,0,1,0,0,1,0,1,0
2456,-0.9615384615384616,1,1.5263157894736843,-0.25,0.5,0.3333333333333333,1.0,0.3020510815466063,-0.1854304635761589,3.0,0.8076923076923077,0,0,1,0,0,0,1,0,0,0,0,0,1,0,0
2457,-0.1538461538461538,1,-0.3157894736842105,-0.5833333333333334,0.0,0.0,0.0,0.1240582037978295,0.0065265380554756,0.0,-0.6923076923076923,1,0,0,0,1,0,0,0,1,1,0,0,0,0,1
2458,-0.3076923076923077,1,0.0526315789473684,0.6666666666666666,1.5,1.6666666666666667,1.0,1.467268289074636,1.8128419234091568,0.0,-0.6923076923076923,0,0,0,1,0,1,0,0,1,0,0,1,0,0,1
2459,-0.5,2,-0.8947368421052632,-0.4166666666666667,-0.25,-0.3333333333333333,0.0,-0.3717519258609577,-0.2948459545061905,0.0,0.2692307692307692,1,0,0,0,1,0,0,0,1,0,0,1,1,0,0
2460,-0.6153846153846154,0,1.1578947368421053,-0.3333333333333333,6.75,8.0,3.0,7.595320871154883,6.251271715135809,8.0,0.0769230769230769,0,1,0,0,0,1,0,0,0,0,1,0,0,1,0
2461,-0.9230769230769232,0,-0.1052631578947368,1.4166666666666667,0.0,-0.3333333333333333,1.0,-0.1477285936195619,-0.2576062961896534,0.0,-0.5769230769230769,0,0,0,0,0,1,0,1,0,1,0,0,0,0,1
2462,-0.4615384615384615,1,-0.4736842105263157,-0.4166666666666667,2.0,2.6666666666666665,0.0,2.4448131201589303,1.6013053076110952,0.0,0.8461538461538461,1,0,0,0,1,0,0,1,0,0,1,0,1,0,0
2463,0.6538461538461539,0,0.6842105263157895,-0.4166666666666667,0.75,0.6666666666666666,1.0,0.8156140035716929,1.1740090219790766,0.0,1.5,0,1,0,0,0,1,0,1,0,1,0,0,1,0,0
2464,-0.5,1,-0.3684210526315789,0.5,0.0,0.0,0.0,0.2402967252438367,0.1359055571551973,0.0,1.2307692307692308,0,0,0,0,0,1,0,1,0,0,0,0,1,0,0
2465,-0.1153846153846153,1,0.0526315789473684,0.5416666666666666,0.0,0.0,0.0,-0.1906311751714518,-0.4633842019387656,0.0,0.4230769230769231,0,0,0,1,0,1,1,0,0,0,0,1,1,0,0
2466,-0.1923076923076923,0,1.3157894736842106,-0.5833333333333334,1.0,0.6666666666666666,2.0,0.9957203089831246,1.3264228812745946,0.0,-0.1153846153846153,0,0,1,0,0,0,0,0,0,0,0,0,0,0,1
2467,0.3846153846153846,1,-0.5789473684210527,0.0416666666666666,3.25,3.6666666666666665,2.0,3.486817494954192,3.3865054227852966,5.0,0.0384615384615384,0,0,0,1,0,1,0,1,0,0,1,0,0,1,0
2468,0.8076923076923077,0,-0.1578947368421052,1.2083333333333333,1.0,1.3333333333333333,0.0,0.6845392199338498,0.9966407524714463,1.0,0.6538461538461539,0,0,0,1,0,1,0,0,1,0,0,0,1,0,0
2469,0.3461538461538461,0,-0.0526315789473684,-0.5833333333333334,-0.5,-0.6666666666666666,0.0,-0.6057083681168304,-0.6488146655149246,0.0,-0.9615384615384616,0,0,0,0,0,1,0,0,1,0,0,1,0,0,0
2470,0.6538461538461539,1,-0.2105263157894736,0.2916666666666667,0.75,1.0,0.0,0.6105692517409361,1.0549956809674634,2.0,-0.4615384615384615,0,0,0,0,0,1,0,1,0,0,0,1,0,0,1
2471,0.0384615384615384,1,-0.2105263157894736,0.2916666666666667,-0.25,-0.6666666666666666,1.0,-0.5212980672704026,-0.2568384681831269,0.0,-0.2307692307692307,0,0,0,0,0,1,0,0,1,0,0,1,0,0,1
2472,0.0384615384615384,1,0.2631578947368421,1.2083333333333333,0.75,1.0,0.0,0.6908795029218139,0.5624340147806892,1.0,-0.6538461538461539,0,0,0,0,0,1,1,0,0,0,0,0,0,0,1
2473,-0.6538461538461539,2,0.631578947368421,-0.5833333333333334,0.0,0.0,0.0,0.0016907421301237,-0.2979172665322967,0.0,-0.2692307692307692,0,0,1,0,0,0,1,0,0,0,0,0,0,0,1
2474,0.9230769230769232,0,-0.3684210526315789,-0.25,-0.25,-0.3333333333333333,0.0,-0.2132448511618569,-0.4848833861215088,0.0,0.1538461538461538,0,0,0,0,0,1,0,0,1,0,0,1,0,0,1
2475,0.4615384615384615,1,-0.2631578947368421,0.375,-0.5,-0.6666666666666666,0.0,-0.6057083681168304,-0.6488146655149246,0.0,0.3846153846153846,0,1,0,0,0,1,0,0,1,0,1,0,0,0,0
2476,0.8846153846153846,2,0.1052631578947368,0.2916666666666667,-0.25,-0.3333333333333333,0.0,-0.2236006467088648,-0.485267300124772,0.0,-0.3846153846153846,0,0,0,1,0,1,1,0,0,0,0,0,0,0,1
2477,0.8846153846153846,1,0.1052631578947368,0.2916666666666667,0.5,0.6666666666666666,0.0,0.5974660002324772,0.5720318648622711,0.0,1.0769230769230769,1,0,0,0,1,0,0,1,0,0,0,1,1,0,0
2478,-0.3076923076923077,2,0.0526315789473684,-0.1666666666666666,-0.25,-0.3333333333333333,0.0,-0.323565775152431,-0.5478452826566849,1.0,0.0384615384615384,0,0,0,0,0,1,0,0,0,0,0,0,0,0,1
2479,-0.9615384615384616,1,-0.2631578947368421,0.1666666666666666,0.75,1.0,0.0,0.9032789830186092,0.6499664075247145,2.0,0.1538461538461538,0,0,0,1,0,1,0,0,1,1,0,0,1,0,0
2480,0.3461538461538461,1,-0.5263157894736842,-0.3333333333333333,-0.25,-0.6666666666666666,1.0,-0.554943835659865,-0.5985219310874363,0.0,0.6538461538461539,1,0,0,0,1,0,0,0,0,0,0,1,1,0,0
2481,-0.5769230769230769,1,0.5789473684210527,0.2083333333333333,0.5,0.6666666666666666,0.0,0.4425517525598894,0.3474421729532585,2.0,1.1538461538461535,0,0,0,0,0,1,0,0,1,0,0,0,1,0,0
2482,-0.5769230769230769,2,0.4736842105263157,1.1666666666666667,1.75,2.0,1.0,1.3220758086502595,1.362510797581342,2.0,0.4230769230769231,0,1,0,0,0,1,0,1,0,0,1,0,0,1,0
2483,-0.3076923076923077,2,-0.1578947368421052,0.25,-0.5,-0.6666666666666666,0.0,-0.6057083681168304,-0.6488146655149246,0.0,2.269230769230769,0,0,0,1,0,1,0,1,0,0,1,0,1,0,0
2484,-0.4615384615384615,2,-0.631578947368421,0.4583333333333333,0.75,1.0,0.0,0.7494214491773487,1.2849601689221617,2.0,-0.3846153846153846,1,0,0,0,1,0,0,0,0,1,0,0,0,0,1
2485,0.0,2,-0.1052631578947368,2.083333333333333,0.0,0.0,0.0,-0.130609829552059,-0.0698723485939149,1.0,-0.7692307692307693,0,1,0,0,0,1,1,0,0,1,0,0,0,0,1
2486,-0.6923076923076923,2,-0.7368421052631579,-0.5416666666666666,-0.5,-0.6666666666666666,0.0,-0.6057083681168304,-0.6488146655149246,0.0,-0.8846153846153846,0,0,0,1,0,1,1,0,0,1,0,0,0,0,0
2487,0.0,2,-0.2631578947368421,-0.5833333333333334,-0.25,-0.3333333333333333,0.0,-0.0705884839326662,-0.4242249736059122,1.0,1.2307692307692308,0,0,1,0,0,0,1,0,0,0,1,0,1,0,0
2488,0.6153846153846154,2,-0.2105263157894736,0.7083333333333334,-0.25,-0.3333333333333333,0.0,-0.4495260638466498,-0.2748824263365005,0.0,-0.5769230769230769,0,1,0,0,0,1,0,0,0,0,0,0,0,0,1
2489,-0.4230769230769231,1,-0.1052631578947368,1.5416666666666667,-0.5,-0.6666666666666666,0.0,-0.6057083681168304,-0.6488146655149246,0.0,-0.6153846153846154,0,0,1,0,0,0,0,0,1,0,0,0,0,0,0
2490,-0.3076923076923077,1,0.3684210526315789,-0.125,2.5,3.0,1.0,2.908752760664885,2.523850657452731,2.0,1.1153846153846154,0,1,0,0,0,1,0,0,0,0,0,0,0,1,0
2491,0.0384615384615384,1,-0.631578947368421,0.0833333333333333,0.0,0.0,0.0,-0.0972176724821151,0.1896535176120549,1.0,-0.8461538461538461,0,0,1,0,0,0,0,0,0,0,0,1,0,0,1
2492,0.8076923076923077,2,0.0,0.0833333333333333,0.0,0.0,0.0,0.0900320184290892,-0.2272770899318552,0.0,-0.0769230769230769,0,1,0,0,0,1,1,0,0,0,0,0,0,0,1
2493,0.6538461538461539,2,-0.1052631578947368,0.125,0.0,0.0,0.0,0.0625574588145784,-0.1746808714847873,1.0,-0.2692307692307692,1,0,0,0,1,0,0,1,0,0,0,1,0,0,1
2494,-0.4615384615384615,0,-0.4736842105263157,-0.1666666666666666,-0.5,-0.6666666666666666,0.0,-0.6057083681168304,-0.6488146655149246,0.0,-1.0,0,1,0,0,0,1,0,0,0,0,0,1,0,0,0
2495,-0.3076923076923077,0,0.1578947368421052,-0.5833333333333334,0.0,0.0,0.0,-0.2863694482897087,0.0330166042806411,0.0,0.6153846153846154,1,0,0,0,1,0,1,0,0,0,0,0,1,0,0
2496,-0.5769230769230769,1,-0.631578947368421,0.5416666666666666,-0.25,-0.3333333333333333,0.0,-0.1147591220821489,-0.3389960648814665,0.0,-0.2692307692307692,1,0,0,0,1,0,0,1,0,0,0,0,0,0,1
2497,-0.6923076923076923,0,-0.3157894736842105,0.6666666666666666,1.5,2.0,0.0,0.8646032567920282,0.8757078414435168,1.0,-0.8461538461538461,1,0,0,0,1,0,1,0,0,0,1,0,0,0,1
2498,0.9230769230769232,1,-0.2631578947368421,-0.5,0.25,0.3333333333333333,0.0,-0.1287077446556698,0.3090507726269316,1.0,-0.6923076923076923,1,0,0,0,1,0,0,0,1,1,0,0,0,0,1
2499,0.6153846153846154,1,-0.0526315789473684,-0.5416666666666666,-0.25,-0.3333333333333333,0.0,-0.3947882873838936,-0.5251943564641519,0.0,-0.1153846153846153,0,0,0,0,0,1,0,0,0,1,0,0,0,0,1
2500,-0.3076923076923077,1,-0.9473684210526316,0.4166666666666667,-0.25,-0.3333333333333333,0.0,-0.3926748597212389,-0.5117573663499375,0.0,-0.1538461538461538,1,0,0,0,1,0,0,0,0,1,0,0,0,0,0
2501,0.9230769230769232,1,0.3684210526315789,1.0416666666666667,0.75,0.6666666666666666,1.0,1.2847526761277783,0.3470582589499953,1.0,-0.3076923076923077,0,0,1,0,0,0,0,1,0,1,0,0,0,0,1
2502,0.6153846153846154,1,-0.6842105263157895,-0.0833333333333333,0.0,0.0,0.0,-0.1086301818604504,-0.3159612246856703,1.0,-0.2692307692307692,0,0,0,1,0,1,1,0,0,0,0,0,0,0,1
2503,0.7307692307692307,1,1.0,-0.4583333333333333,-0.5,-0.6666666666666666,0.0,-0.6057083681168304,-0.6488146655149246,0.0,-0.9230769230769232,0,0,0,0,0,1,1,0,0,0,0,1,0,0,0
2504,0.4230769230769231,1,0.3684210526315789,0.125,1.75,2.333333333333333,0.0,2.3351262244671527,1.177080334005183,2.0,-0.8076923076923077,0,0,1,0,0,0,1,0,0,0,1,0,0,0,1
2505,0.5384615384615384,2,0.1052631578947368,0.0,1.5,2.0,0.0,1.6848245326683084,1.5751991553891929,2.0,-0.8846153846153846,0,0,0,1,0,1,0,1,0,0,1,0,0,0,1
2506,-0.1923076923076923,2,0.7368421052631579,0.9583333333333334,1.25,1.3333333333333333,1.0,1.7964557818097286,0.9574815241385932,2.0,-0.1538461538461538,0,0,1,0,0,0,1,0,0,1,0,0,0,1,0
2507,-0.5384615384615384,1,0.1578947368421052,1.0416666666666667,1.5,1.6666666666666667,1.0,1.7793370177422256,1.3909204338228238,0.0,-0.0384615384615384,0,1,0,0,0,1,0,1,0,0,0,1,0,0,1
2508,0.4615384615384615,1,-0.631578947368421,1.75,-0.25,-0.3333333333333333,0.0,-0.3802056365115764,-0.3585756790478933,0.0,-0.0769230769230769,0,0,0,0,0,1,1,0,0,1,0,0,0,0,1
2509,0.5384615384615384,1,0.1052631578947368,0.375,0.25,0.0,1.0,-0.1808671393699872,-0.0418466263556962,0.0,0.4230769230769231,1,0,0,0,1,0,1,0,0,0,1,0,1,0,0
2510,0.1923076923076923,1,0.2105263157894736,1.4583333333333333,-0.25,-0.3333333333333333,0.0,-0.3064470110849281,-0.3524330549956809,0.0,0.8846153846153846,0,0,0,0,0,1,0,1,0,0,0,1,1,0,0
2511,-0.9230769230769232,2,-0.4736842105263157,0.5,0.0,-0.3333333333333333,1.0,-0.2132025826086037,-0.3770035512045301,1.0,-0.0384615384615384,0,0,0,1,0,1,0,0,1,0,0,0,0,0,1
2512,-0.8846153846153846,1,-0.2105263157894736,-0.5833333333333334,1.0,1.0,1.0,0.6936692274365182,0.3819944332469528,1.0,-0.2692307692307692,1,0,0,0,1,0,0,1,0,1,0,0,0,0,1
2513,0.1153846153846153,2,-0.7368421052631579,0.4583333333333333,0.0,0.0,0.0,-0.0737586254266482,0.0429983683654861,1.0,0.1923076923076923,0,0,0,1,0,1,0,0,0,0,1,0,1,0,0
2514,-0.7307692307692307,1,-0.2105263157894736,0.4583333333333333,-0.5,-0.6666666666666666,0.0,-0.6057083681168304,-0.6488146655149246,0.0,-0.8846153846153846,0,0,0,0,0,1,0,0,1,0,0,1,0,0,0
2515,0.6153846153846154,2,-0.1052631578947368,-0.4583333333333333,0.75,1.0,0.0,0.7515348768400032,1.3348689893463863,1.0,-0.8846153846153846,0,0,0,0,0,1,0,0,0,1,0,0,0,0,1
2516,0.5384615384615384,1,-0.0526315789473684,-0.3333333333333333,0.0,-0.3333333333333333,1.0,-0.0847484492724525,-0.112870716959401,0.0,-0.3076923076923077,0,1,0,0,0,1,1,0,0,0,0,0,0,0,1
2517,0.7307692307692307,0,0.8421052631578947,-0.25,-0.25,-0.3333333333333333,0.0,-0.281085879133072,-0.244169306075439,0.0,0.9230769230769232,1,0,0,0,1,0,0,0,1,0,1,0,1,0,0
2518,-0.1538461538461538,1,-0.6842105263157895,0.5,0.25,0.3333333333333333,0.0,0.0993311001447698,0.340915634897783,0.0,-0.8846153846153846,1,0,0,0,1,0,0,0,0,0,0,0,0,0,1
2519,0.7307692307692307,0,0.5263157894736842,0.5833333333333334,-0.5,-0.6666666666666666,0.0,-0.6057083681168304,-0.6488146655149246,0.0,-0.6153846153846154,1,0,0,0,1,0,0,1,0,0,0,1,0,0,0
2520,0.5769230769230769,2,0.2631578947368421,0.2083333333333333,-0.25,-0.3333333333333333,0.0,-0.4087369099574145,-0.1915730876283712,0.0,0.0769230769230769,0,0,1,0,0,0,1,0,0,0,0,0,0,0,1
2521,-0.4230769230769231,2,-0.4210526315789473,0.4166666666666667,0.0,0.0,0.0,0.0384643834603152,0.0737114886265477,0.0,-0.6153846153846154,0,1,0,0,0,1,0,0,0,0,0,0,0,0,1
2522,-0.6538461538461539,0,-0.6842105263157895,2.083333333333333,-0.25,-0.3333333333333333,0.0,-0.4560776896008792,-0.451098953834341,0.0,-0.1923076923076923,0,1,0,0,0,1,0,0,1,1,0,0,0,0,1
2523,-0.6538461538461539,1,-0.1052631578947368,-0.4166666666666667,-0.5,-0.6666666666666666,0.0,-0.6057083681168304,-0.6488146655149246,0.0,0.5769230769230769,0,0,0,1,0,1,0,0,0,0,0,0,0,0,0
2524,0.6923076923076923,0,-0.6842105263157895,0.5416666666666666,-0.25,-0.3333333333333333,0.0,-0.2326883856582799,-0.4100201554851713,0.0,-0.5769230769230769,0,0,0,0,0,1,0,0,1,0,1,0,0,0,1
2525,-0.9615384615384616,1,-0.5789473684210527,-0.4166666666666667,0.25,0.3333333333333333,0.0,0.0380416979277841,0.0483731644111719,0.0,-0.3846153846153846,1,0,0,0,1,0,0,0,1,0,0,1,0,0,1
2526,-0.7307692307692307,1,0.7368421052631579,1.75,0.25,0.3333333333333333,0.0,0.2031003983811145,0.121316825031193,1.0,-1.0384615384615383,1,0,0,0,1,0,0,0,0,0,1,0,0,0,1
2527,-0.7307692307692307,0,0.631578947368421,-0.0833333333333333,0.0,0.0,0.0,-0.0249384464193251,-0.329782128803148,0.0,-0.8076923076923077,1,0,0,0,1,0,0,0,0,0,1,0,0,0,1
2528,0.7692307692307693,2,-0.9473684210526316,-0.0416666666666666,0.0,0.0,0.0,0.0272632168482453,-0.3270947307803052,0.0,-1.0769230769230769,0,0,0,1,0,1,0,1,0,0,0,1,0,0,1
2529,0.6538461538461539,2,-0.4210526315789473,-0.25,0.5,0.6666666666666666,0.0,0.2920757029788763,0.241097994049333,0.0,1.0,0,0,0,1,0,1,0,1,0,0,1,0,1,0,0
2530,0.9615384615384616,0,-0.6842105263157895,-0.3333333333333333,2.5,3.0,1.0,2.482897086639968,2.9407812649966405,2.0,-0.4230769230769231,0,0,0,1,0,1,1,0,0,0,0,1,0,1,0
2531,0.8076923076923077,1,0.4210526315789473,-0.2916666666666667,4.0,4.333333333333333,3.0,3.830038147369312,4.206545733755639,1.0,0.8461538461538461,0,1,0,0,0,1,0,1,0,0,1,0,0,1,0
2532,0.1538461538461538,1,0.3684210526315789,-0.2916666666666667,2.5,2.0,4.0,2.20582672006594,3.4629043094346863,2.0,-0.3846153846153846,0,0,0,1,0,1,0,0,0,0,0,0,0,1,0
2533,-0.6923076923076923,2,-0.7368421052631579,-0.5833333333333334,0.0,0.0,0.0,-0.0629801443471093,-0.137057299164987,0.0,-0.9615384615384616,0,0,0,1,0,1,0,1,0,1,0,0,0,0,1
2534,-0.5384615384615384,2,-1.105263157894737,-0.4583333333333333,-0.5,-0.6666666666666666,0.0,-0.6057083681168304,-0.6488146655149246,0.0,-0.1923076923076923,0,0,0,1,0,1,0,0,0,0,1,0,0,0,0
2535,0.5,2,0.5263157894736842,-0.375,0.5,0.3333333333333333,1.0,0.2755909672101699,0.0963624148190805,0.0,-0.3076923076923077,0,0,0,1,0,1,0,0,0,0,0,0,0,0,1
2536,0.3461538461538461,1,-0.631578947368421,-0.2083333333333333,0.5,0.6666666666666666,0.0,0.3149007217355469,0.4987042902389865,0.0,0.6538461538461539,0,0,0,1,0,1,1,0,0,0,0,1,1,0,0
2537,-0.5384615384615384,1,0.8421052631578947,0.25,0.5,0.3333333333333333,1.0,0.459121025435102,0.03992705633938,0.0,0.2307692307692307,0,1,0,0,0,1,0,1,0,1,0,0,1,0,0
2538,0.7307692307692307,2,0.2105263157894736,-0.375,2.75,3.6666666666666665,0.0,2.965350353470777,2.5557155197235817,3.0,0.2692307692307692,0,1,0,0,0,1,0,0,0,0,0,0,0,1,0
2539,0.8076923076923077,2,0.631578947368421,0.125,-0.25,-0.3333333333333333,0.0,-0.4032419980345123,-0.2510797581341779,0.0,1.0769230769230769,1,0,0,0,1,0,1,0,0,0,0,0,1,0,0
2540,-0.1538461538461538,1,0.8947368421052632,-0.5,0.25,0.0,1.0,-0.1180983377891432,-0.2172953258470102,1.0,0.7307692307692307,0,0,0,0,0,1,0,0,1,0,0,0,1,0,0
2541,0.8076923076923077,1,1.263157894736842,-0.2916666666666667,0.25,0.0,1.0,0.4343516532287892,0.4756694500431903,0.0,0.5384615384615384,0,0,1,0,0,0,1,0,0,0,0,0,1,0,0
2542,-0.7692307692307693,1,-1.0526315789473684,-0.2916666666666667,1.25,1.6666666666666667,0.0,1.073832595394841,1.004319032536712,0.0,0.5769230769230769,0,0,0,1,0,1,0,1,0,0,1,0,1,0,0
2543,0.6153846153846154,0,-0.2105263157894736,-0.4583333333333333,0.25,0.3333333333333333,0.0,-0.0103557955470078,0.4472598138017085,0.0,0.1153846153846153,0,0,0,1,0,1,0,0,1,0,0,0,1,0,0
2544,-0.0384615384615384,2,-0.3157894736842105,-0.25,3.75,4.0,3.0,3.360603594940455,3.3876571647950864,2.0,-0.3846153846153846,0,0,0,0,0,1,1,0,0,0,0,0,0,1,0
2545,-0.7692307692307693,2,-1.105263157894737,1.0416666666666667,-0.5,-0.6666666666666666,0.0,-0.6057083681168304,-0.6488146655149246,0.0,-0.1153846153846153,0,1,0,0,0,1,0,1,0,0,1,0,0,0,0
2546,0.9230769230769232,1,-0.4736842105263157,2.083333333333333,0.0,-0.3333333333333333,1.0,-0.3779654031891624,-0.4015740474133793,0.0,-0.8846153846153846,0,0,0,1,0,1,0,0,0,0,1,0,0,0,1
2547,0.9615384615384616,1,0.0,-0.4166666666666667,0.0,0.0,0.0,-0.1270170025255461,0.065649294558019,0.0,-0.8076923076923077,0,0,0,1,0,1,0,1,0,0,0,1,0,0,1
2548,0.0769230769230769,0,-0.3157894736842105,0.7083333333333334,1.5,1.0,3.0,0.511914448448216,0.687589979844515,0.0,-0.7307692307692307,0,0,0,1,0,1,0,0,1,0,0,0,0,0,1
2549,-0.3846153846153846,0,0.2631578947368421,1.875,0.75,0.3333333333333333,2.0,0.328511195883043,0.7970054707745464,1.0,0.2692307692307692,0,0,0,0,0,1,1,0,0,0,0,1,1,0,0
2550,-0.3076923076923077,2,-0.2105263157894736,0.75,0.25,0.3333333333333333,0.0,0.2540340050510921,-0.2103848737882714,0.0,0.8846153846153846,0,0,0,1,0,1,0,1,0,0,1,0,1,0,0
2551,-0.3846153846153846,0,0.631578947368421,0.625,0.0,0.0,0.0,0.4374795261695181,0.0376235723198003,0.0,-0.9615384615384616,0,0,1,0,0,0,1,0,0,0,1,0,0,0,1
2552,0.6538461538461539,1,0.2631578947368421,0.125,0.0,0.0,0.0,0.2434668667378187,0.2288127459449083,0.0,0.4615384615384615,0,0,0,0,0,1,1,0,0,0,0,1,1,0,0
2553,0.8076923076923077,1,-0.3157894736842105,0.1666666666666666,-0.25,-0.3333333333333333,0.0,-0.4218401614658735,-0.5075343123140417,1.0,-0.5,1,0,0,0,1,0,0,1,0,0,0,0,0,0,1
2554,-0.3846153846153846,0,1.1578947368421053,-0.5416666666666666,-0.5,-0.6666666666666666,0.0,-0.6057083681168304,-0.6488146655149246,0.0,-0.1538461538461538,0,1,0,0,0,1,1,0,0,1,0,0,0,0,0
2555,-0.5384615384615384,1,-0.5789473684210527,-0.4583333333333333,1.75,2.0,1.0,1.98243741612334,1.4112678759957769,1.0,-0.3076923076923077,0,0,0,1,0,1,0,0,1,0,0,0,0,0,1
2556,0.0,0,1.5263157894736843,1.0416666666666667,0.25,0.3333333333333333,0.0,0.1356820559424302,0.0310970342643248,1.0,-0.0769230769230769,0,0,1,0,0,0,0,0,1,0,0,0,0,0,1
2557,0.6153846153846154,1,1.2105263157894737,0.1666666666666666,0.5,0.6666666666666666,0.0,0.7675969270761788,0.3021403205681928,1.0,1.7692307692307692,0,0,0,0,0,1,0,1,0,1,0,0,1,0,0
2558,-0.0384615384615384,2,-0.0526315789473684,0.4166666666666667,0.5,0.6666666666666666,0.0,0.6572760030856046,0.1547173433150974,0.0,-0.3076923076923077,0,1,0,0,0,1,0,0,1,0,1,0,0,0,1
2559,-0.6153846153846154,2,0.2631578947368421,-0.5833333333333334,0.75,1.0,0.0,0.5539293903817909,0.830405989058451,1.0,-0.8846153846153846,0,1,0,0,0,1,0,0,0,0,0,0,0,0,1
2560,0.8076923076923077,1,1.3157894736842106,-0.125,1.75,2.333333333333333,0.0,2.046432005748524,1.0081581725693445,2.0,0.6923076923076923,0,0,0,0,0,1,0,1,0,0,0,1,1,0,0
2561,-0.3846153846153846,0,1.0,-0.125,1.75,2.333333333333333,0.0,2.3850031173058026,1.3920721758326136,2.0,1.1153846153846154,0,0,1,0,0,0,1,0,0,0,1,0,1,0,0
2562,-0.2307692307692307,0,1.5263157894736843,0.3333333333333333,-0.5,-0.6666666666666666,0.0,-0.6057083681168304,-0.6488146655149246,0.0,0.8846153846153846,0,0,1,0,0,0,0,1,0,0,0,0,1,0,0
2563,0.5769230769230769,0,-0.5789473684210527,1.7916666666666667,-0.5,-0.6666666666666666,0.0,-0.6057083681168304,-0.6488146655149246,0.0,-0.0769230769230769,0,0,0,0,0,1,1,0,0,0,1,0,0,0,0
2564,-0.5384615384615384,0,1.5263157894736843,2.0416666666666665,0.5,0.6666666666666666,0.0,1.216488962624032,0.3758518091947405,0.0,-0.7307692307692307,0,0,1,0,0,0,1,0,0,0,1,0,0,0,1
2565,-0.2692307692307692,1,-1.0,0.0833333333333333,-0.5,-0.6666666666666666,0.0,-0.6057083681168304,-0.6488146655149246,0.0,-0.9230769230769232,0,1,0,0,0,1,0,0,1,0,0,0,0,0,0
2566,0.0384615384615384,0,-0.5263157894736842,-0.375,-0.25,-0.3333333333333333,0.0,-0.1790073230268511,-0.1819752375467894,0.0,0.2692307692307692,0,0,0,0,0,1,0,0,1,0,0,1,1,0,0
2567,-0.0769230769230769,1,-0.1052631578947368,1.1666666666666667,2.75,3.6666666666666665,0.0,4.267433136432324,3.608791630674729,1.0,-0.1153846153846153,0,0,1,0,0,0,1,0,0,0,1,0,0,1,0
2568,0.1538461538461538,2,-0.3157894736842105,-0.1666666666666666,2.0,1.6666666666666667,3.0,1.3403358236555962,2.2900470294654,1.0,0.4230769230769231,0,1,0,0,0,1,1,0,0,0,0,0,0,1,0
2569,-0.2692307692307692,1,0.7894736842105263,-0.375,0.0,0.0,0.0,0.0593873173205963,-0.3274786447835684,0.0,0.6153846153846154,0,0,1,0,0,0,0,0,0,0,1,0,1,0,0
2570,0.3076923076923077,0,-0.1052631578947368,1.25,-0.25,-0.6666666666666666,1.0,-0.5531685564232351,-0.2434014780689125,0.0,-0.5769230769230769,0,1,0,0,0,1,0,0,1,0,0,1,0,0,1
2571,-0.6153846153846154,1,0.9473684210526316,0.375,0.5,0.3333333333333333,1.0,0.1979436348842371,0.2295805739514349,2.0,0.6153846153846154,0,1,0,0,0,1,0,0,1,0,0,0,1,0,0
2572,0.8076923076923077,1,0.1052631578947368,-0.4166666666666667,-0.25,-0.3333333333333333,0.0,-0.4440311519237476,-0.4902581821671945,0.0,0.0384615384615384,1,0,0,0,1,0,0,0,0,0,0,0,0,0,1
2573,0.5769230769230769,2,-1.105263157894737,0.6666666666666666,-0.5,-0.6666666666666666,0.0,-0.6057083681168304,-0.6488146655149246,0.0,0.7692307692307693,0,0,1,0,0,0,0,1,0,0,1,0,0,0,0
2574,0.6153846153846154,0,-0.3157894736842105,0.0833333333333333,0.25,0.3333333333333333,0.0,-0.1276510308243424,0.181207409540263,1.0,-0.3461538461538461,1,0,0,0,1,0,0,0,1,0,1,0,0,0,1
2575,-0.7692307692307693,2,0.2105263157894736,-0.0833333333333333,0.0,0.0,0.0,0.3206069764247145,-0.3305499568096745,1.0,-0.5,0,0,1,0,0,0,1,0,0,1,0,0,0,0,1
2576,0.2692307692307692,0,-0.1578947368421052,0.75,0.0,0.0,0.0,0.0513562922025086,-0.1144063729724541,0.0,-0.3076923076923077,1,0,0,0,1,0,0,0,1,0,0,0,0,0,1
2577,-0.9230769230769232,2,1.368421052631579,0.375,-0.25,-0.3333333333333333,0.0,-0.2821425929643993,-0.5624340147806891,0.0,0.6153846153846154,0,0,1,0,0,0,1,0,0,0,0,0,1,0,0
2578,-0.6538461538461539,2,-0.1052631578947368,-0.5833333333333334,-0.25,-0.3333333333333333,0.0,-0.330328743672926,-0.3109703426432478,0.0,-0.1153846153846153,0,0,0,1,0,1,0,0,0,0,0,0,0,0,1
2579,0.5769230769230769,2,-0.631578947368421,-0.4166666666666667,0.0,0.0,0.0,-0.2758023099764353,-0.3597274210576829,0.0,1.6538461538461535,1,0,0,0,1,0,1,0,0,1,0,0,1,0,0
2580,0.8076923076923077,0,-1.105263157894737,-0.375,-0.25,-0.3333333333333333,0.0,-0.3149007217355468,-0.3612630770707361,0.0,-0.9230769230769232,0,0,1,0,0,0,0,0,0,0,0,0,0,0,1
2581,0.9615384615384616,0,-1.0,-0.4583333333333333,0.5,0.0,2.0,0.217344900827407,0.5808618869373261,1.0,-0.6538461538461539,0,0,0,1,0,1,0,0,1,0,1,0,0,0,1
2582,-0.8076923076923077,1,0.3157894736842105,-0.125,2.0,1.6666666666666667,3.0,1.5785613897900317,2.711968519051732,0.0,-0.7692307692307693,0,0,0,1,0,1,0,0,1,0,0,1,0,1,0
2583,0.0,2,-0.4736842105263157,-0.5,-0.25,-0.3333333333333333,0.0,-0.2117654517979986,-0.3904405413187445,0.0,0.2307692307692307,0,1,0,0,0,1,1,0,0,1,0,0,1,0,0
2584,0.8846153846153846,0,0.1578947368421052,-0.5833333333333334,0.0,-0.3333333333333333,1.0,-0.238141029027929,-0.2100009597850081,0.0,-1.3076923076923077,0,1,0,0,0,1,0,0,0,0,1,0,0,0,1
2585,0.5,2,-0.9473684210526316,0.2083333333333333,-0.25,-0.3333333333333333,0.0,-0.2290955586317669,-0.4772051060562434,0.0,0.8076923076923077,0,0,0,1,0,1,0,0,1,0,1,0,1,0,0
2586,-0.1538461538461538,0,-0.3684210526315789,2.083333333333333,1.25,1.6666666666666667,0.0,1.2179683619878905,0.9824359343507056,1.0,0.6538461538461539,0,0,0,0,0,1,0,0,1,1,0,0,1,0,0
2587,0.7307692307692307,2,0.6842105263157895,0.3333333333333333,0.5,0.0,2.0,0.1053755032599622,0.4914099241769845,0.0,-0.2307692307692307,0,0,1,0,0,0,0,0,0,0,0,1,0,0,1
2588,-0.0769230769230769,2,0.4210526315789473,0.4166666666666667,0.25,0.0,1.0,0.2986695972863589,0.5647374988002688,0.0,-0.5384615384615384,0,0,1,0,0,0,1,0,0,0,0,0,0,0,1
2589,0.0769230769230769,0,0.7894736842105263,0.0833333333333333,0.0,0.0,0.0,-0.3531537624295965,-0.2614454362222861,1.0,-0.6538461538461539,1,0,0,0,1,0,0,0,1,0,0,0,0,0,1
2590,0.0769230769230769,1,0.9473684210526316,0.4166666666666667,-0.5,-0.6666666666666666,0.0,-0.6057083681168304,-0.6488146655149246,0.0,0.6923076923076923,0,1,0,0,0,1,0,0,0,0,0,0,0,0,0
2591,-0.0769230769230769,0,1.3157894736842106,0.125,1.25,1.3333333333333333,1.0,1.1922268130567564,1.3475381514540743,1.0,-0.8076923076923077,0,1,0,0,0,1,0,0,1,1,0,0,0,0,1
2592,0.6923076923076923,0,-0.631578947368421,-0.5833333333333334,-0.25,-0.3333333333333333,0.0,-0.3804169792778418,-0.4157788655341203,0.0,0.3076923076923077,0,1,0,0,0,1,1,0,0,0,0,0,1,0,0
2593,0.9230769230769232,1,-0.8947368421052632,0.4166666666666667,-0.25,-0.3333333333333333,0.0,-0.0705884839326662,-0.5689605528361646,0.0,-0.2307692307692307,0,1,0,0,0,1,1,0,0,0,0,1,0,0,1
2594,0.2692307692307692,2,-1.105263157894737,1.1666666666666667,0.0,0.0,0.0,-0.1612545306605518,0.2764180823495538,0.0,0.9230769230769232,1,0,0,0,1,0,0,1,0,0,1,0,1,0,0
2595,0.0769230769230769,2,-0.4736842105263157,-0.3333333333333333,-0.25,-0.6666666666666666,1.0,-0.554943835659865,-0.6054323831461752,1.0,-0.2692307692307692,1,0,0,0,1,0,0,0,0,0,1,0,0,0,0
2596,-0.6923076923076923,1,1.4736842105263157,-0.2916666666666667,2.0,2.6666666666666665,0.0,3.2333329810953906,2.039351185334485,0.0,0.1923076923076923,0,0,1,0,0,0,0,0,1,0,0,1,0,1,0
2597,-0.2307692307692307,1,-0.1578947368421052,0.0,2.75,3.6666666666666665,0.0,2.8444622911669297,2.856704098281985,2.0,-0.3846153846153846,0,0,0,0,0,1,0,0,0,1,0,0,0,1,0
2598,-0.4230769230769231,2,0.5263157894736842,0.7916666666666666,0.5,0.6666666666666666,0.0,0.6843278771675843,0.4940973221998272,1.0,-0.3076923076923077,0,1,0,0,0,1,0,0,1,0,0,1,0,0,1
2599,0.1153846153846153,2,0.0526315789473684,-0.4583333333333333,-0.5,-0.6666666666666666,0.0,-0.6057083681168304,-0.6488146655149246,0.0,0.9230769230769232,0,0,0,0,0,1,0,0,1,0,0,0,0,0,0
2600,0.7692307692307693,1,-0.4736842105263157,-0.5,0.5,0.6666666666666666,0.0,0.3554785328585166,0.1612438813705731,1.0,1.0384615384615383,0,0,0,1,0,1,1,0,0,0,0,1,1,0,0
2601,-0.3461538461538461,2,-0.0526315789473684,0.0,0.25,0.0,1.0,-0.28379106654127,-0.1934926576446875,0.0,0.3461538461538461,1,0,0,0,1,0,0,1,0,0,1,0,1,0,0
2602,-0.0384615384615384,2,-1.105263157894737,0.8333333333333334,-0.5,-0.6666666666666666,0.0,-0.6057083681168304,-0.6488146655149246,0.0,0.6538461538461539,0,0,0,1,0,1,0,1,0,0,0,1,0,0,0
2603,-0.6153846153846154,2,0.2631578947368421,-0.5416666666666666,0.0,0.0,0.0,-0.2595289169739943,0.3290143007966216,0.0,0.6153846153846154,0,0,0,0,0,1,0,1,0,0,0,1,1,0,0
2604,0.4230769230769231,1,1.0,-0.5833333333333334,0.0,-0.3333333333333333,1.0,-0.1241004723510826,-0.4000383914003262,0.0,1.0,0,0,0,0,0,1,0,0,1,0,0,1,1,0,0
2605,0.9615384615384616,1,-0.3157894736842105,-0.4166666666666667,0.0,0.0,0.0,0.0469180941109338,-0.0157404741337939,0.0,-0.9230769230769232,0,0,0,1,0,1,0,0,0,0,1,0,0,0,1
2606,-0.2692307692307692,1,-0.1052631578947368,-0.2916666666666667,2.25,2.6666666666666665,1.0,2.582228186784737,2.197907668682216,2.0,1.5384615384615383,0,1,0,0,0,1,0,1,0,1,0,0,1,0,0
2607,0.7307692307692307,1,-0.7368421052631579,-0.4583333333333333,0.0,0.0,0.0,0.1204653767713165,-0.1455034072367789,0.0,-0.6153846153846154,0,0,0,1,0,1,0,0,0,1,0,0,0,0,1
2608,0.1538461538461538,0,0.3684210526315789,0.3333333333333333,0.75,1.0,0.0,1.4090222226918732,0.600825415107016,2.0,0.6153846153846154,0,0,1,0,0,0,0,1,0,0,0,0,1,0,0
2609,-0.2307692307692307,2,0.1578947368421052,0.375,0.0,0.0,0.0,0.2079612820052202,-0.1005854688549764,0.0,0.0769230769230769,0,1,0,0,0,1,0,0,0,0,1,0,0,0,1
2610,-0.0769230769230769,2,-0.5789473684210527,-0.4166666666666667,0.5,0.6666666666666666,0.0,0.3394164826223411,0.2952298685094539,2.0,0.1538461538461538,0,0,0,1,0,1,0,0,0,0,1,0,1,0,0
2611,-0.1153846153846153,0,0.3684210526315789,0.9166666666666666,5.25,6.333333333333333,2.0,7.237982521953231,4.806219406852865,3.0,0.1538461538461538,0,0,1,0,0,0,0,0,0,0,0,0,0,1,0
2612,0.3846153846153846,1,0.6842105263157895,2.083333333333333,0.25,0.3333333333333333,0.0,0.7211015184977758,0.186966119589212,1.0,-0.2307692307692307,0,0,1,0,0,0,1,0,0,1,0,0,0,0,1
2613,-0.7692307692307693,2,-0.2105263157894736,0.1666666666666666,-0.5,-0.6666666666666666,0.0,-0.6057083681168304,-0.6488146655149246,0.0,0.5769230769230769,0,0,0,0,0,1,0,1,0,1,0,0,0,0,0
2614,-0.4615384615384615,1,1.5263157894736843,0.8333333333333334,2.5,2.6666666666666665,2.0,3.0272737839865598,1.876187733947596,0.0,-0.2692307692307692,0,0,1,0,0,0,0,1,0,1,0,0,0,1,0
2615,0.9230769230769232,1,0.4736842105263157,0.125,-0.5,-0.6666666666666666,0.0,-0.6057083681168304,-0.6488146655149246,0.0,-0.5769230769230769,0,1,0,0,0,1,1,0,0,0,0,1,0,0,0
2616,0.9230769230769232,0,-0.6842105263157895,-0.4166666666666667,0.0,0.0,0.0,-0.0710111694651971,-0.2019387657164794,1.0,-0.5,0,1,0,0,0,1,0,0,0,1,0,0,0,0,1
2617,0.2692307692307692,0,-0.5789473684210527,0.4583333333333333,-0.25,-0.3333333333333333,0.0,-0.1948580304967611,-0.4092523274786447,0.0,0.8846153846153846,0,0,0,0,0,1,0,0,1,0,0,0,1,0,0
2618,-0.9615384615384616,1,1.263157894736842,1.125,0.5,0.6666666666666666,0.0,0.690456817389283,0.4787407620692965,1.0,0.0384615384615384,0,1,0,0,0,1,0,1,0,1,0,0,0,0,1
2619,-0.6923076923076923,0,1.263157894736842,0.875,0.25,0.3333333333333333,0.0,0.5655532425263916,0.1888856896055284,0.0,-0.4230769230769231,0,0,1,0,0,0,0,0,1,0,1,0,0,0,1
2620,0.5384615384615384,0,0.2631578947368421,-0.5416666666666666,1.25,1.0,2.0,0.982321177601894,0.977828966311546,3.0,0.1153846153846153,0,1,0,0,0,1,0,0,1,0,0,0,1,0,0
2621,-0.8461538461538461,2,-0.1578947368421052,-0.5416666666666666,0.25,0.3333333333333333,0.0,0.3265245738801475,0.2272770899318553,2.0,0.8846153846153846,0,0,0,1,0,1,0,0,1,0,0,1,1,0,0
2622,-0.8076923076923077,2,-0.9473684210526316,-0.375,0.0,0.0,0.0,-0.1838682066509568,-0.1289951050964583,1.0,-0.0384615384615384,0,0,0,1,0,1,0,0,1,0,0,1,0,0,1
2623,0.5769230769230769,2,-0.1052631578947368,-0.5416666666666666,0.0,0.0,0.0,-0.0401551255904388,-0.2195988098665898,0.0,-0.1538461538461538,0,1,0,0,0,1,0,1,0,0,1,0,0,0,1
2624,-0.8461538461538461,2,0.2105263157894736,-0.375,1.0,1.3333333333333333,0.0,1.2071898809083514,0.907572703714368,1.0,-0.0769230769230769,0,1,0,0,0,1,0,0,0,0,0,1,0,0,1
2625,0.2307692307692307,0,1.0,-0.0833333333333333,0.25,0.3333333333333333,0.0,0.2572041465450741,0.2794893943756599,2.0,1.0,0,0,1,0,0,0,1,0,0,1,0,0,1,0,0
2626,0.7692307692307693,0,1.5263157894736843,1.0,0.75,0.3333333333333333,2.0,0.9645261166823416,0.399654477397063,3.0,1.0769230769230769,0,0,1,0,0,0,0,1,0,0,1,0,1,0,0
2627,0.5,1,-0.7368421052631579,0.0,1.75,2.0,1.0,2.261283061933998,2.0646895095498614,2.0,-0.0769230769230769,0,1,0,0,0,1,0,0,1,0,0,1,0,1,0
2628,0.8076923076923077,2,-0.7894736842105263,-0.0833333333333333,-0.25,-0.3333333333333333,0.0,-0.4233195608297318,-0.3178807947019867,0.0,0.1538461538461538,1,0,0,0,1,0,0,1,0,1,0,0,0,0,0
2629,0.7307692307692307,2,-0.5789473684210527,0.1666666666666666,-0.5,-0.6666666666666666,0.0,-0.6057083681168304,-0.6488146655149246,0.0,1.0,0,0,0,1,0,1,1,0,0,0,0,0,0,0,0
2630,0.6923076923076923,2,-0.1052631578947368,1.25,0.0,0.0,0.0,-0.2692506842222058,0.2606776082157598,1.0,0.2692307692307692,0,0,0,1,0,1,0,0,1,0,0,1,1,0,0
2631,0.1538461538461538,1,0.0,-0.3333333333333333,0.0,0.0,0.0,-0.1525894772436676,-0.1566369133314137,0.0,-0.2692307692307692,0,1,0,0,0,1,0,0,0,0,0,0,0,0,1
2632,-0.5,0,0.9473684210526316,-0.375,0.0,-0.3333333333333333,1.0,-0.2397472340515465,0.2245896919090124,0.0,-0.2692307692307692,0,1,0,0,0,1,0,0,1,1,0,0,0,0,1
2633,0.1538461538461538,1,1.5263157894736843,-0.2916666666666667,1.25,1.6666666666666667,0.0,1.7431551361575777,0.8369325271139266,1.0,0.2692307692307692,0,0,1,0,0,0,0,0,0,0,1,0,1,0,0
2634,-0.5769230769230769,1,-0.7894736842105263,-0.25,-0.5,-0.6666666666666666,0.0,-0.6057083681168304,-0.6488146655149246,0.0,0.2307692307692307,0,0,0,1,0,1,0,0,1,1,0,0,0,0,0
2635,0.2692307692307692,2,0.1578947368421052,-0.0833333333333333,0.0,0.0,0.0,0.0054949119229021,-0.0552836164699106,0.0,0.1923076923076923,0,1,0,0,0,1,0,0,0,0,0,1,1,0,0
2636,0.4230769230769231,0,-0.3157894736842105,-0.5833333333333334,0.25,0.3333333333333333,0.0,0.0631914871133748,-0.0253383242153757,0.0,0.3461538461538461,0,0,0,1,0,1,0,0,1,1,0,0,1,0,0
2637,-0.8076923076923077,2,-0.2631578947368421,1.0416666666666667,-0.25,-0.3333333333333333,0.0,-0.2633330867667727,-0.5547557347154237,0.0,0.8076923076923077,1,0,0,0,1,0,1,0,0,0,0,1,1,0,0
2638,0.8076923076923077,1,1.5263157894736843,-0.5416666666666666,0.5,0.3333333333333333,1.0,0.6239261145689138,0.7920145887321242,0.0,-0.6538461538461539,0,0,1,0,0,0,0,0,1,0,0,1,0,0,1
2639,0.2692307692307692,1,0.3684210526315789,0.875,-0.25,-0.3333333333333333,0.0,-0.356535246689844,-0.5305691525098377,0.0,0.0,0,0,0,0,0,1,0,1,0,0,0,0,0,0,1
2640,-0.3846153846153846,0,-1.105263157894737,-0.5833333333333334,0.25,-0.3333333333333333,2.0,0.1063054114315302,0.141280353200883,1.0,-1.0769230769230769,0,0,1,0,0,0,1,0,0,0,1,0,0,0,1
2641,0.3461538461538461,1,0.0,-0.5,0.75,0.6666666666666666,1.0,0.7477729756004778,-0.2422497360591227,1.0,-1.0769230769230769,1,0,0,0,1,0,0,1,0,0,1,0,0,0,1
2642,-0.5769230769230769,1,0.4210526315789473,0.5833333333333334,0.0,0.0,0.0,-0.0581192607230035,0.0287935502447453,0.0,0.6153846153846154,0,0,0,1,0,1,0,0,1,0,0,0,1,0,0
2643,0.2307692307692307,2,0.5789473684210527,-0.5833333333333334,1.0,1.3333333333333333,0.0,1.6846131899020431,0.8380842691237163,0.0,0.5384615384615384,0,0,1,0,0,0,0,0,1,0,1,0,1,0,0
2644,0.0384615384615384,1,-1.105263157894737,-0.5833333333333334,-0.5,-0.6666666666666666,0.0,-0.6057083681168304,-0.6488146655149246,0.0,0.4230769230769231,0,0,0,1,0,1,0,1,0,0,0,1,0,0,0
2645,-0.4230769230769231,2,-0.0526315789473684,1.4166666666666667,0.0,0.0,0.0,-0.1234241754990331,0.0487570784144352,1.0,0.1538461538461538,1,0,0,0,1,0,0,0,1,0,1,0,0,0,1
2646,0.0384615384615384,1,-0.7368421052631579,0.6666666666666666,2.5,2.6666666666666665,2.0,2.726194879164774,2.2984931375371915,0.0,0.4615384615384615,0,0,0,0,0,1,0,0,0,0,0,1,0,1,0
2647,0.2307692307692307,2,1.105263157894737,-0.3333333333333333,1.25,0.3333333333333333,4.0,0.5028689780520539,0.87609175544678,2.0,-0.5769230769230769,0,0,1,0,0,0,0,1,0,1,0,0,0,1,0
2648,0.7307692307692307,1,-0.0526315789473684,-0.125,-0.5,-0.6666666666666666,0.0,-0.6057083681168304,-0.6488146655149246,0.0,-0.9230769230769232,1,0,0,0,1,0,0,1,0,1,0,0,0,0,0
2649,0.9230769230769232,1,-0.5263157894736842,0.625,2.25,3.0,0.0,2.4568596578360617,1.8961512621172856,0.0,0.7692307692307693,0,0,0,1,0,1,1,0,0,0,0,0,1,0,0
2650,-0.6153846153846154,1,-0.5263157894736842,-0.25,0.0,0.0,0.0,0.1346253421111029,-0.1904213456185814,0.0,-0.2692307692307692,0,0,0,1,0,1,0,0,0,0,1,0,0,0,1
2651,-0.1923076923076923,2,-0.4736842105263157,-0.5833333333333334,-0.25,-0.3333333333333333,0.0,-0.2193737913835554,-0.3842979172665322,0.0,-0.9230769230769232,0,0,0,0,0,1,0,0,1,0,1,0,0,0,1
2652,-0.9615384615384616,0,0.1052631578947368,0.0833333333333333,0.25,0.0,1.0,0.1444739150190737,-0.047221422401382,1.0,-0.1923076923076923,0,0,0,0,0,1,0,0,1,1,0,0,0,0,1
2653,-0.6153846153846154,2,0.3684210526315789,-0.4583333333333333,-0.25,-0.3333333333333333,0.0,-0.3768241522513288,-0.2453210480852288,0.0,-0.1538461538461538,0,0,0,1,0,1,0,0,0,0,0,0,0,0,1
2654,-0.1923076923076923,2,-0.3684210526315789,-0.2083333333333333,0.0,0.0,0.0,-0.0439592953832173,-0.0345522602936941,0.0,-0.5,0,1,0,0,0,1,0,1,0,1,0,0,0,0,1
2655,0.3461538461538461,2,-0.9473684210526316,-0.5416666666666666,-0.5,-0.6666666666666666,0.0,-0.6057083681168304,-0.6488146655149246,0.0,-0.6538461538461539,0,0,0,1,0,1,0,0,0,0,0,1,0,0,0
2656,0.3461538461538461,0,-0.7368421052631579,-0.125,2.0,2.6666666666666665,0.0,1.5958492280705467,2.151837988290623,2.0,0.5,0,0,0,1,0,1,0,0,0,0,0,0,1,0,0
2657,-0.8846153846153846,2,-0.7368421052631579,0.625,0.5,0.3333333333333333,1.0,0.3724282227130071,0.1474229772530953,2.0,-0.8461538461538461,0,0,0,0,0,1,0,1,0,0,1,0,0,0,1
2658,0.6153846153846154,1,-0.1052631578947368,1.625,-0.5,-0.6666666666666666,0.0,-0.6057083681168304,-0.6488146655149246,0.0,-0.1923076923076923,0,0,0,0,0,1,1,0,0,0,0,1,0,0,0
2659,-0.2692307692307692,0,1.5263157894736843,2.083333333333333,0.25,0.3333333333333333,0.0,0.6769308803482931,0.3013724925616662,0.0,-0.3461538461538461,0,0,1,0,0,0,0,1,0,1,0,0,0,0,1
2660,-0.7692307692307693,0,0.3157894736842105,-0.4166666666666667,0.0,0.0,0.0,0.1346253421111029,-0.2472406181015451,0.0,-0.7692307692307693,1,0,0,0,1,0,0,0,0,0,1,0,0,0,1
2661,0.1923076923076923,1,-0.631578947368421,-0.5,0.25,0.3333333333333333,0.0,0.065516257542295,-0.3839140032632689,0.0,0.2307692307692307,1,0,0,0,1,0,0,0,1,0,1,0,1,0,0
2662,0.9230769230769232,1,-0.8947368421052632,-0.25,0.25,0.0,1.0,0.1625648558113976,0.0537479604568577,0.0,0.7307692307692307,1,0,0,0,1,0,0,1,0,0,0,0,1,0,0
2663,0.2307692307692307,0,-0.7894736842105263,-0.5416666666666666,0.0,-0.3333333333333333,1.0,-0.2526391427937401,-0.1581725693444668,0.0,-0.7307692307692307,0,0,0,1,0,1,0,1,0,0,1,0,0,0,1
2664,-0.6538461538461539,0,0.0526315789473684,0.7083333333333334,0.25,0.3333333333333333,0.0,0.1963374298606195,0.1980996256838468,0.0,-0.8076923076923077,0,1,0,0,0,1,0,1,0,0,1,0,0,0,1
2665,-0.1923076923076923,2,-0.2105263157894736,-0.5,-0.25,-0.6666666666666666,1.0,-0.5384168313379055,-0.2380266820232267,0.0,-0.7307692307692307,0,0,0,1,0,1,0,1,0,0,0,0,0,0,1
2666,-0.0769230769230769,1,-0.2105263157894736,-0.25,0.0,0.0,0.0,0.177105238130462,-0.4887225261541414,0.0,-0.1923076923076923,0,1,0,0,0,1,0,0,1,0,0,1,0,0,1
2667,0.8076923076923077,2,-0.0526315789473684,-0.5833333333333334,0.75,0.6666666666666666,1.0,0.222797544197056,0.6119589212016511,0.0,0.3076923076923077,1,0,0,0,1,0,0,1,0,0,0,1,1,0,0
2668,-0.5769230769230769,0,1.4736842105263157,1.0833333333333333,1.25,1.3333333333333333,1.0,1.5589065125273427,0.8380842691237163,0.0,-0.8461538461538461,0,0,1,0,0,0,1,0,0,0,1,0,0,0,1
2669,-0.5384615384615384,2,1.1578947368421053,2.083333333333333,-0.5,-0.6666666666666666,0.0,-0.6057083681168304,-0.6488146655149246,0.0,1.5,0,0,0,0,0,1,0,1,0,1,0,0,1,0,0
2670,-0.1153846153846153,2,-1.105263157894737,1.2916666666666667,-0.5,-0.6666666666666666,0.0,-0.6057083681168304,-0.6488146655149246,0.0,0.8461538461538461,0,1,0,0,0,1,0,0,0,0,0,1,0,0,0
2671,0.6923076923076923,2,1.4736842105263157,-0.4166666666666667,2.75,3.6666666666666665,0.0,3.4696141937801834,3.3054995680967463,3.0,0.1923076923076923,0,1,0,0,0,1,0,1,0,0,0,1,0,1,0
2672,0.4230769230769231,1,-0.1578947368421052,0.2916666666666667,0.25,-0.3333333333333333,2.0,-0.1047414749611657,0.0833093387081294,0.0,-1.3076923076923077,0,0,0,1,0,1,0,1,0,0,0,1,0,0,1
2673,0.6923076923076923,2,0.5263157894736842,0.125,1.75,2.0,1.0,2.951528536557016,2.0159324311354254,1.0,0.9230769230769232,0,0,1,0,0,0,0,0,0,0,0,1,1,0,0
2674,-0.5384615384615384,0,-0.3157894736842105,-0.3333333333333333,-0.5,-0.6666666666666666,0.0,-0.6057083681168304,-0.6488146655149246,0.0,-0.0769230769230769,1,0,0,0,1,0,0,0,0,1,0,0,0,0,0
2675,-0.4230769230769231,2,-1.105263157894737,-0.2083333333333333,1.25,0.6666666666666666,3.0,0.6418902497014783,1.0876283712448411,1.0,0.4230769230769231,0,0,0,1,0,1,1,0,0,0,1,0,1,0,0
2676,0.2692307692307692,1,1.105263157894737,2.083333333333333,-0.25,-0.3333333333333333,0.0,-0.3649889573404627,-0.6085036951722813,0.0,-0.1153846153846153,0,1,0,0,0,1,1,0,0,1,0,0,0,0,1
2677,0.3076923076923077,0,0.4210526315789473,0.5833333333333334,-0.25,-0.3333333333333333,0.0,-0.3821077214079655,-0.4887225261541414,0.0,-0.8846153846153846,1,0,0,0,1,0,1,0,0,1,0,0,0,0,1
2678,0.8846153846153846,0,-0.4210526315789473,-0.375,0.0,0.0,0.0,-0.1517441061786058,-0.0537479604568576,0.0,0.0,0,0,0,0,0,1,1,0,0,0,0,1,0,0,1
2679,-0.2307692307692307,2,1.0,0.2083333333333333,0.75,0.6666666666666666,1.0,0.6954867752264011,0.6760725597466167,2.0,1.3076923076923077,0,1,0,0,0,1,0,0,1,0,0,0,1,0,0
2680,0.1923076923076923,1,-0.9473684210526316,-0.5833333333333334,-0.25,-0.6666666666666666,1.0,-0.5300899263470461,-0.5071503983107783,0.0,0.3846153846153846,0,0,0,1,0,1,0,0,0,0,0,0,1,0,0
2681,-0.3076923076923077,1,-0.5789473684210527,-0.2083333333333333,-0.25,-0.3333333333333333,0.0,-0.3892933754609915,-0.2794893943756598,0.0,-0.2307692307692307,0,1,0,0,0,1,1,0,0,0,0,0,0,0,1
2682,-0.7692307692307693,0,0.7894736842105263,-0.5416666666666666,-0.5,-0.6666666666666666,0.0,-0.6057083681168304,-0.6488146655149246,0.0,0.5769230769230769,0,0,0,0,0,1,0,1,0,0,0,1,0,0,0
2683,-0.5,1,0.631578947368421,-0.1666666666666666,1.5,1.3333333333333333,2.0,0.8129510847167482,1.4270083501295712,1.0,0.1538461538461538,0,0,0,0,0,1,0,0,0,0,1,0,1,0,0
2684,0.0384615384615384,0,-0.4736842105263157,-0.5833333333333334,0.5,0.6666666666666666,0.0,0.7257510593556161,0.3489778289663115,1.0,-0.2307692307692307,0,1,0,0,0,1,0,0,0,0,0,0,0,0,1
2685,-0.8846153846153846,1,0.7894736842105263,0.4583333333333333,1.0,0.6666666666666666,2.0,0.7931694017943003,1.2807371148862658,2.0,0.2692307692307692,0,0,0,0,0,1,0,0,0,0,0,1,1,0,0
2686,-0.8846153846153846,0,1.5263157894736843,-0.3333333333333333,1.25,1.3333333333333333,1.0,1.6542221001130688,1.6800076782800653,1.0,0.7692307692307693,0,0,1,0,0,0,0,1,0,0,1,0,1,0,0
2687,-0.6923076923076923,2,-0.3684210526315789,1.25,0.75,0.3333333333333333,2.0,0.4399733708114506,0.4772051060562434,0.0,0.0384615384615384,0,0,0,1,0,1,0,0,1,1,0,0,0,0,1
2688,-0.3076923076923077,0,1.263157894736842,0.2083333333333333,0.25,0.3333333333333333,0.0,0.2817199074318685,0.222670121892696,0.0,0.0384615384615384,0,0,1,0,0,0,0,0,0,0,1,0,0,0,1
2689,-0.6538461538461539,0,0.6842105263157895,-0.5416666666666666,1.5,1.3333333333333333,2.0,1.581562457071001,1.9763892887993089,1.0,0.1538461538461538,0,1,0,0,0,1,0,1,0,1,0,0,0,1,0
2690,0.2692307692307692,0,-1.105263157894737,1.2083333333333333,-0.5,-0.6666666666666666,0.0,-0.6057083681168304,-0.6488146655149246,0.0,-0.9615384615384616,0,0,0,1,0,1,0,1,0,1,0,0,0,0,0
2691,-0.6538461538461539,0,-0.0526315789473684,-0.5833333333333334,-0.5,-0.6666666666666666,0.0,-0.6057083681168304,-0.6488146655149246,0.0,-0.3846153846153846,0,1,0,0,0,1,1,0,0,0,0,1,0,0,0
2692,0.8076923076923077,2,0.5789473684210527,-0.375,-0.5,-0.6666666666666666,0.0,-0.6057083681168304,-0.6488146655149246,0.0,0.1153846153846153,0,0,0,0,0,1,1,0,0,1,0,0,0,0,0
2693,-0.2692307692307692,1,-1.105263157894737,-0.25,-0.25,-0.3333333333333333,0.0,-0.3058129827861318,-0.1551012573183606,0.0,0.3461538461538461,0,0,0,1,0,1,1,0,0,0,1,0,1,0,0
2694,-0.1538461538461538,1,0.1052631578947368,0.25,0.25,0.3333333333333333,0.0,0.3098284953451756,0.6230924272962856,0.0,-0.1153846153846153,1,0,0,0,1,0,0,0,1,0,1,0,0,0,1
2695,-0.2307692307692307,0,0.2631578947368421,0.875,-0.25,-0.3333333333333333,0.0,-0.2831993067957267,-0.5255782704674152,0.0,0.3846153846153846,0,1,0,0,0,1,0,0,0,0,1,0,1,0,0
2696,0.6153846153846154,1,0.631578947368421,0.125,0.25,0.3333333333333333,0.0,-0.1172952352773345,-0.0545157884633841,1.0,-0.8076923076923077,0,1,0,0,0,1,1,0,0,0,0,1,0,0,1
2697,-0.1923076923076923,0,0.2105263157894736,0.875,-0.5,-0.6666666666666666,0.0,-0.6057083681168304,-0.6488146655149246,0.0,0.4230769230769231,0,0,1,0,0,0,0,0,1,1,0,0,0,0,0
2698,0.3846153846153846,2,0.4736842105263157,-0.5833333333333334,-0.5,-0.6666666666666666,0.0,-0.6057083681168304,-0.6488146655149246,0.0,-0.9230769230769232,1,0,0,0,1,0,0,0,1,0,1,0,0,0,0
2699,0.3076923076923077,2,-0.0526315789473684,1.25,1.25,1.3333333333333333,1.0,1.3613010260691307,0.7409540262981094,1.0,0.0769230769230769,0,0,0,0,0,1,0,1,0,1,0,0,0,0,1
2700,0.7307692307692307,1,-0.2105263157894736,2.083333333333333,0.25,0.3333333333333333,0.0,0.3275812877114748,-0.1082637489202418,0.0,-0.3846153846153846,1,0,0,0,1,0,0,1,0,1,0,0,0,0,1
2701,0.6153846153846154,0,-1.0526315789473684,0.0833333333333333,-0.25,-0.6666666666666666,1.0,-0.5508015174410619,-0.4618485459257125,0.0,-0.3461538461538461,0,0,0,0,0,1,0,0,1,0,1,0,0,0,0
2702,0.8461538461538461,2,-0.3157894736842105,1.4166666666666667,0.5,0.6666666666666666,0.0,0.5581562457071002,0.2295805739514349,0.0,0.8846153846153846,0,0,0,1,0,1,1,0,0,0,1,0,1,0,0
2703,0.3076923076923077,1,0.2105263157894736,-0.375,0.25,0.3333333333333333,0.0,0.3844324918368857,0.0449179383818025,0.0,0.1153846153846153,0,0,1,0,0,0,0,0,1,0,1,0,0,0,1
2704,-0.6538461538461539,1,0.8421052631578947,-0.125,-0.25,-0.3333333333333333,0.0,-0.0705884839326662,-0.4864190421345618,0.0,-0.5384615384615384,0,0,1,0,0,0,0,0,1,0,1,0,0,0,1
2705,-0.8461538461538461,0,0.8421052631578947,0.625,0.25,0.3333333333333333,0.0,0.6314921856012174,0.0230348401957961,0.0,-0.3846153846153846,0,0,1,0,0,0,0,0,1,0,0,0,0,0,1
2706,0.2307692307692307,1,0.8947368421052632,1.625,-0.25,-0.3333333333333333,0.0,-0.2421988101402259,-0.4081005854688549,1.0,0.3846153846153846,0,0,0,0,0,1,0,1,0,0,1,0,1,0,0
2707,-0.5769230769230769,0,-0.4736842105263157,-0.5833333333333334,-0.5,-0.6666666666666666,0.0,-0.6057083681168304,-0.6488146655149246,0.0,-0.1923076923076923,0,0,0,1,0,1,0,0,1,1,0,0,0,0,0
2708,-0.1153846153846153,0,1.263157894736842,-0.4166666666666667,0.25,0.3333333333333333,0.0,0.3332875424006427,0.0126691621076879,2.0,-0.3076923076923077,0,1,0,0,0,1,1,0,0,1,0,0,0,0,1
2709,0.3846153846153846,2,-0.0526315789473684,-0.3333333333333333,-0.25,-0.3333333333333333,0.0,-0.5051092113744677,-0.204242249736059,0.0,-0.3076923076923077,0,0,0,0,0,1,0,1,0,0,0,1,0,0,1
2710,0.4230769230769231,1,-0.0526315789473684,-0.4166666666666667,3.75,4.666666666666667,1.0,4.200479748079424,4.228812745944909,5.0,-0.1153846153846153,0,1,0,0,0,1,0,0,0,0,0,1,0,1,0
2711,-0.0384615384615384,2,-0.8421052631578947,0.125,1.75,1.6666666666666667,2.0,1.11111345936407,1.7222382186390248,0.0,0.6538461538461539,1,0,0,0,1,0,0,0,1,0,1,0,1,0,0
2712,-0.5384615384615384,2,0.1052631578947368,0.4166666666666667,4.25,5.0,2.0,4.620460093202161,4.176600441501104,0.0,1.2692307692307692,0,0,0,1,0,1,0,0,1,1,0,0,0,1,0
2713,0.1538461538461538,2,1.5263157894736843,-0.375,0.25,0.3333333333333333,0.0,0.725328373823085,0.5175160763988869,1.0,-0.1923076923076923,0,0,1,0,0,0,0,0,0,0,1,0,0,0,1
2714,0.4230769230769231,2,0.7894736842105263,-0.5833333333333334,-0.5,-0.6666666666666666,0.0,-0.6057083681168304,-0.6488146655149246,0.0,0.2307692307692307,0,1,0,0,0,1,0,0,1,0,1,0,0,0,0
2715,-0.6153846153846154,2,0.8421052631578947,0.3333333333333333,-0.25,-0.3333333333333333,0.0,-0.3535764479621274,-0.5301852385065745,0.0,-0.6923076923076923,0,1,0,0,0,1,0,1,0,0,1,0,0,0,1
2716,-0.1923076923076923,2,1.105263157894737,-0.4583333333333333,0.75,1.0,0.0,0.5718935255143556,0.7044821959880987,1.0,-0.9230769230769232,1,0,0,0,1,0,1,0,0,0,0,0,0,0,1
2717,-0.6153846153846154,1,-0.631578947368421,-0.1666666666666666,-0.25,-0.6666666666666666,1.0,-0.5405725275538132,-0.5939149630482772,0.0,-0.7307692307692307,0,0,0,1,0,1,1,0,0,0,1,0,0,0,1
2718,0.9615384615384616,2,0.8421052631578947,-0.5833333333333334,0.0,0.0,0.0,0.2939777878752656,-0.1547173433150974,0.0,-0.2692307692307692,0,1,0,0,0,1,1,0,0,0,1,0,0,0,1
2719,-0.6923076923076923,0,0.3684210526315789,-0.5833333333333334,-0.25,-0.6666666666666666,1.0,-0.554943835659865,-0.1908052596218446,0.0,0.9230769230769232,1,0,0,0,1,0,0,1,0,1,0,0,1,0,0
2720,-0.2692307692307692,1,-1.105263157894737,-0.5,-0.25,-0.3333333333333333,0.0,-0.3280039732440058,-0.5286495824935215,1.0,0.0,1,0,0,0,1,0,1,0,0,0,0,0,0,0,1
2721,0.9230769230769232,0,-1.105263157894737,-0.375,0.0,-0.3333333333333333,1.0,-0.1713567148880412,0.208465303771955,1.0,0.1923076923076923,0,0,0,1,0,1,0,0,0,0,0,0,1,0,0
2722,0.1153846153846153,1,-0.3157894736842105,-0.0833333333333333,-0.25,-0.3333333333333333,0.0,-0.4989802711527692,-0.1562529993281504,0.0,-0.7692307692307693,0,0,0,1,0,1,0,0,0,0,1,0,0,0,1
2723,-0.8461538461538461,0,0.3157894736842105,2.0,0.5,0.0,2.0,0.2540762736043453,0.2645167482483924,2.0,-0.4615384615384615,0,1,0,0,0,1,0,1,0,0,1,0,0,0,1
2724,-0.4615384615384615,0,0.4736842105263157,-0.25,-0.25,-0.6666666666666666,1.0,-0.5372333118468189,-0.3816105192436893,0.0,-0.1923076923076923,0,0,1,0,0,0,0,0,0,0,0,1,0,0,1
2725,-0.9230769230769232,2,-0.5263157894736842,-0.25,0.0,0.0,0.0,-0.2823539357306648,-0.2334197139840675,0.0,0.5769230769230769,0,1,0,0,0,1,0,0,0,0,0,0,1,0,0
2726,0.3846153846153846,1,1.4736842105263157,-0.0833333333333333,1.0,1.0,1.0,1.3870848435535177,1.2907188789711106,1.0,0.6923076923076923,0,0,1,0,0,0,0,0,1,0,1,0,1,0,0
2727,0.2307692307692307,2,-0.2105263157894736,0.75,-0.25,-0.3333333333333333,0.0,-0.4810161360202044,-0.5159804203858335,0.0,0.7307692307692307,0,0,0,1,0,1,0,1,0,1,0,0,1,0,0
2728,0.7307692307692307,2,0.4210526315789473,0.9583333333333334,-0.25,-0.3333333333333333,0.0,-0.1857702915473461,-0.4057971014492753,0.0,-0.1153846153846153,0,1,0,0,0,1,1,0,0,0,0,1,0,0,1
2729,0.0,1,0.3684210526315789,-0.5833333333333334,0.25,0.3333333333333333,0.0,0.1500533640484821,-0.208465303771955,1.0,0.2307692307692307,0,0,0,1,0,1,0,0,0,0,0,0,1,0,0
2730,-0.3846153846153846,0,-0.5263157894736842,1.0,3.25,3.0,4.0,2.5782549427789467,4.262981092235339,4.0,0.5,0,0,0,0,0,1,1,0,0,0,0,0,0,1,0
2731,-0.1153846153846153,1,0.3157894736842105,-0.3333333333333333,-0.25,-0.6666666666666666,1.0,-0.5234114949330573,-0.5536039927056339,0.0,1.2307692307692308,0,0,1,0,0,0,0,0,1,0,1,0,1,0,0
2732,-0.5769230769230769,2,-0.3157894736842105,0.0416666666666666,0.25,0.0,1.0,-0.0005917597455432,-0.021499184182743,1.0,0.6153846153846154,0,0,0,1,0,1,0,0,1,0,0,1,1,0,0
2733,0.1923076923076923,0,-0.2631578947368421,-0.5833333333333334,-0.5,-0.6666666666666666,0.0,-0.6057083681168304,-0.6488146655149246,0.0,-0.4230769230769231,0,1,0,0,0,1,0,0,1,0,1,0,0,0,0
2734,0.0384615384615384,0,-0.6842105263157895,0.2083333333333333,-0.25,-0.3333333333333333,0.0,-0.3643549290416663,-0.5820136289471158,0.0,1.1538461538461535,0,0,0,1,0,1,0,0,0,0,0,0,1,0,0
2735,-0.6923076923076923,1,-0.4210526315789473,0.8333333333333334,0.25,0.0,1.0,-0.0228250187566705,-0.0053747960456857,1.0,-0.1153846153846153,0,0,0,1,0,1,0,0,1,1,0,0,0,0,1
2736,-0.6923076923076923,1,1.4210526315789471,0.25,0.75,1.0,0.0,0.7194107763676522,0.5831653709569059,1.0,0.3461538461538461,0,1,0,0,0,1,0,0,1,0,1,0,1,0,0
2737,0.8846153846153846,2,0.631578947368421,0.0833333333333333,-0.5,-0.6666666666666666,0.0,-0.6057083681168304,-0.6488146655149246,0.0,-0.4230769230769231,1,0,0,0,1,0,0,0,1,0,1,0,0,0,0
2738,-0.6923076923076923,1,1.5263157894736843,-0.5833333333333334,9.0,9.666666666666666,7.0,10.743144569019265,9.803627987330838,1.0,-0.1923076923076923,0,0,1,0,0,0,0,1,0,1,0,0,0,1,0
2739,-0.8846153846153846,1,-0.1578947368421052,1.4583333333333333,-0.25,-0.3333333333333333,0.0,-0.2967252438367166,-0.2679719742777617,0.0,-0.5,0,1,0,0,0,1,0,1,0,0,0,0,0,0,1
2740,0.6538461538461539,2,-0.1052631578947368,-0.125,0.75,0.6666666666666666,1.0,0.1993384971415891,0.6111910931951243,0.0,1.2307692307692308,0,0,0,0,0,1,0,0,0,1,0,0,1,0,0
2741,-0.8846153846153846,0,0.7894736842105263,-0.125,0.0,-0.3333333333333333,1.0,-0.2540762736043452,0.0859967367309723,0.0,0.5769230769230769,0,1,0,0,0,1,0,1,0,0,1,0,1,0,0
2742,0.3461538461538461,1,-0.5263157894736842,0.0,-0.25,-0.3333333333333333,0.0,-0.258472203142667,-0.202706593723006,0.0,-0.8461538461538461,0,1,0,0,0,1,0,1,0,0,1,0,0,0,1
2743,-0.6153846153846154,0,-0.7368421052631579,-0.4583333333333333,0.0,0.0,0.0,0.4281804444538375,-0.4491793838180247,0.0,-0.5,0,0,1,0,0,0,0,0,1,0,1,0,0,0,1
2744,0.9615384615384616,2,-0.5263157894736842,-0.5416666666666666,2.75,3.333333333333333,1.0,4.159098834444645,3.3688453786351857,2.0,0.0,0,0,1,0,0,0,0,0,0,1,0,0,0,1,0
2745,0.6538461538461539,0,-1.105263157894737,0.7083333333333334,-0.5,-0.6666666666666666,0.0,-0.6057083681168304,-0.6488146655149246,0.0,0.5384615384615384,0,0,0,1,0,1,0,0,0,0,1,0,0,0,0
2746,-0.9230769230769232,2,0.7368421052631579,-0.4166666666666667,0.5,0.6666666666666666,0.0,0.7337820844737037,0.4503311258278147,0.0,-0.5384615384615384,0,1,0,0,0,1,1,0,0,0,1,0,0,0,1
2747,0.9615384615384616,1,-0.3684210526315789,1.1666666666666667,1.5,2.0,0.0,0.8269842443967753,1.9618005566753047,2.0,-0.8461538461538461,1,0,0,0,1,0,0,0,0,0,0,0,0,0,1
2748,0.2307692307692307,1,-0.8947368421052632,0.125,-0.5,-0.6666666666666666,0.0,-0.6057083681168304,-0.6488146655149246,0.0,-0.7307692307692307,0,0,0,1,0,1,0,0,0,0,0,0,0,0,0
2749,-0.3076923076923077,1,-0.2105263157894736,-0.1666666666666666,0.0,0.0,0.0,0.2157809643570426,0.1704578174488915,0.0,0.3461538461538461,0,1,0,0,0,1,1,0,0,1,0,0,1,0,0
2750,-0.0384615384615384,0,-0.4210526315789473,0.625,0.0,-0.3333333333333333,1.0,-0.2200078196823518,-0.11862942700835,0.0,1.3076923076923077,0,0,0,0,0,1,0,0,0,0,1,0,1,0,0
2751,0.8461538461538461,1,-0.2105263157894736,-0.2083333333333333,-0.5,-0.6666666666666666,0.0,-0.6057083681168304,-0.6488146655149246,0.0,-0.7692307692307693,0,0,1,0,0,0,0,0,0,0,0,0,0,0,0
2752,-0.6923076923076923,0,-0.5789473684210527,1.5,0.5,0.6666666666666666,0.0,-0.0097217672482115,0.5455417986371053,0.0,0.1538461538461538,1,0,0,0,1,0,0,1,0,0,1,0,0,0,1
2753,-0.3076923076923077,1,-1.105263157894737,-0.0833333333333333,-0.25,-0.6666666666666666,1.0,-0.554943835659865,-0.2050100777425856,0.0,-0.6923076923076923,1,0,0,0,1,0,0,0,1,0,1,0,0,0,1
2754,0.0769230769230769,0,0.8947368421052632,0.6666666666666666,1.5,1.6666666666666667,1.0,2.482263058341171,1.0323447547749305,1.0,-0.5,0,0,1,0,0,0,0,1,0,0,0,0,0,0,1
2755,-0.2692307692307692,2,0.7368421052631579,-0.4583333333333333,0.0,0.0,0.0,-0.2567814610125433,0.0445340243785392,0.0,-0.0769230769230769,0,1,0,0,0,1,1,0,0,0,0,0,0,0,1
2756,0.6923076923076923,2,0.2105263157894736,1.9583333333333333,0.25,0.3333333333333333,0.0,0.2840446778607886,0.5167482483923601,0.0,0.0384615384615384,0,1,0,0,0,1,0,0,0,0,0,0,1,0,0
2757,-0.8461538461538461,1,0.6842105263157895,-0.25,0.75,1.0,0.0,0.4021852842031849,0.4630002879355025,1.0,0.7692307692307693,0,1,0,0,0,1,1,0,0,0,0,0,1,0,0
2758,0.9230769230769232,2,-0.5263157894736842,2.083333333333333,0.75,1.0,0.0,0.5642851859287987,0.6042806411363856,0.0,-0.0384615384615384,0,0,0,1,0,1,1,0,0,1,0,0,0,0,1
2759,-0.8076923076923077,0,0.2105263157894736,-0.5,0.0,0.0,0.0,0.0405778111229697,0.2506958441309147,0.0,0.2692307692307692,0,0,0,1,0,1,1,0,0,1,0,0,1,0,0
2760,-0.5384615384615384,1,-0.4210526315789473,0.2083333333333333,-0.5,-0.6666666666666666,0.0,-0.6057083681168304,-0.6488146655149246,0.0,0.2307692307692307,1,0,0,0,1,0,0,1,0,0,0,1,0,0,0
2761,0.1538461538461538,0,0.5789473684210527,-0.25,4.75,5.666666666666667,2.0,4.584531822937032,5.665035032152798,4.0,0.2307692307692307,0,0,0,0,0,1,0,0,1,0,0,0,0,1,0
2762,0.9230769230769232,1,1.5263157894736843,-0.5416666666666666,0.0,0.0,0.0,0.2703073980535332,-0.2265092619253286,1.0,1.7307692307692308,0,0,1,0,0,0,0,0,1,0,0,0,1,0,0
2763,0.3846153846153846,1,0.3157894736842105,-0.1666666666666666,2.75,3.333333333333333,1.0,2.934113892616741,3.2218063153853533,1.0,0.2307692307692307,1,0,0,0,1,0,0,1,0,0,0,0,0,1,0
2764,0.2307692307692307,1,0.4210526315789473,-0.5833333333333334,-0.25,-0.3333333333333333,0.0,-0.1629452727906756,-0.540934830597946,0.0,-0.5,0,0,1,0,0,0,0,0,1,1,0,0,0,0,1
2765,0.8076923076923077,2,0.7894736842105263,-0.5,0.5,0.3333333333333333,1.0,0.5515200828463644,0.5075343123140418,1.0,0.2307692307692307,0,0,1,0,0,0,0,1,0,0,0,1,1,0,0
2766,-0.9230769230769232,2,-0.6842105263157895,1.9583333333333333,0.5,0.6666666666666666,0.0,0.320395633658449,0.6745369037335637,1.0,-0.1538461538461538,0,0,0,1,0,1,1,0,0,0,0,0,0,0,1
2767,-0.5,2,1.5263157894736843,-0.2916666666666667,0.75,0.6666666666666666,1.0,0.8140500671013284,0.6472790095018719,0.0,-0.7692307692307693,0,0,1,0,0,0,0,1,0,0,0,0,0,0,1
2768,-0.8461538461538461,0,0.0,-0.5833333333333334,1.0,1.0,1.0,0.6401995075713547,1.639312793934159,1.0,1.0384615384615383,0,1,0,0,0,1,1,0,0,0,1,0,1,0,0
2769,-0.0769230769230769,2,-0.3157894736842105,-0.25,0.75,1.0,0.0,0.9476609639343572,0.8446108071791919,1.0,-0.1538461538461538,0,0,0,0,0,1,0,1,0,0,0,1,0,0,1
2770,-0.5384615384615384,1,-0.6842105263157895,2.083333333333333,-0.5,-0.6666666666666666,0.0,-0.6057083681168304,-0.6488146655149246,0.0,1.2692307692307692,1,0,0,0,1,0,0,0,1,0,1,0,0,0,0
2771,-0.5384615384615384,0,-0.0526315789473684,1.0,0.0,-0.3333333333333333,1.0,-0.3774159119968722,0.0756310586428641,0.0,0.2692307692307692,1,0,0,0,1,0,0,1,0,0,0,1,1,0,0
2772,0.5,0,-0.4736842105263157,-0.375,-0.5,-0.6666666666666666,0.0,-0.6057083681168304,-0.6488146655149246,0.0,-0.1153846153846153,1,0,0,0,1,0,0,0,1,1,0,0,0,0,0
2773,-0.9615384615384616,0,-0.7894736842105263,0.25,0.25,0.3333333333333333,0.0,0.2808745363668066,0.2176792398502736,0.0,-0.7692307692307693,0,0,0,1,0,1,0,0,0,0,1,0,0,0,1
2774,-0.3461538461538461,0,0.4736842105263157,0.4583333333333333,0.0,0.0,0.0,0.0128919087421935,-0.0119013341011612,0.0,-0.1538461538461538,1,0,0,0,1,0,0,1,0,1,0,0,0,0,1
2775,0.4615384615384615,1,-0.2105263157894736,-0.2083333333333333,0.5,0.3333333333333333,1.0,0.4446229116692909,0.3048277185910357,3.0,-0.8846153846153846,0,0,0,0,0,1,0,0,0,0,1,0,0,0,1
2776,-0.8461538461538461,0,0.4210526315789473,1.375,4.25,4.666666666666667,3.0,4.613950736001184,4.275650254343027,4.0,-0.6153846153846154,0,0,1,0,0,0,0,1,0,1,0,0,0,1,0
2777,-0.1538461538461538,2,0.5263157894736842,-0.3333333333333333,1.5,1.6666666666666667,1.0,1.4521784155632818,1.1325463096266437,1.0,-0.6923076923076923,0,0,0,0,0,1,0,0,1,0,0,0,0,0,1
2778,0.4615384615384615,0,0.0,0.4583333333333333,-0.5,-0.6666666666666666,0.0,-0.6057083681168304,-0.6488146655149246,0.0,-0.2307692307692307,1,0,0,0,1,0,0,0,1,1,0,0,0,0,0
2779,0.8461538461538461,2,1.0526315789473684,-0.1666666666666666,0.0,-0.3333333333333333,1.0,-0.0726596430420677,-0.1040406948843458,1.0,-0.2307692307692307,0,0,1,0,0,0,0,0,0,0,0,1,0,0,1
2780,0.8846153846153846,2,0.3684210526315789,0.25,-0.25,-0.3333333333333333,0.0,-0.4550209757695519,-0.5263460984739418,0.0,-0.0769230769230769,0,0,0,1,0,1,0,0,1,0,0,1,0,0,1
2781,-0.1923076923076923,1,0.8947368421052632,0.2083333333333333,1.0,1.0,1.0,1.2207580865025944,0.3700930991457913,1.0,-0.8461538461538461,0,0,1,0,0,0,1,0,0,0,0,0,0,0,1
2782,0.6153846153846154,2,0.1578947368421052,0.4583333333333333,-0.5,-0.6666666666666666,0.0,-0.6057083681168304,-0.6488146655149246,0.0,0.1538461538461538,0,0,0,0,0,1,0,1,0,1,0,0,0,0,0
2783,0.6153846153846154,1,-0.7894736842105263,0.4166666666666667,-0.25,-0.3333333333333333,0.0,-0.3654116428729936,-0.2019387657164794,0.0,-0.8846153846153846,0,1,0,0,0,1,0,1,0,0,1,0,0,0,1
2784,0.0384615384615384,0,1.105263157894737,0.0416666666666666,3.25,4.333333333333333,0.0,5.376348631027233,3.135425664651118,1.0,-1.1153846153846154,0,0,1,0,0,0,0,0,1,0,0,1,0,1,0
2785,-0.6153846153846154,1,1.1578947368421053,0.0833333333333333,-0.25,-0.3333333333333333,0.0,-0.3867572622658058,-0.4011901334101161,0.0,0.3461538461538461,0,0,1,0,0,0,1,0,0,1,0,0,1,0,0
2786,0.4230769230769231,0,0.4736842105263157,0.7916666666666666,0.25,0.3333333333333333,0.0,0.1257489459279532,0.3700930991457913,0.0,-0.1153846153846153,1,0,0,0,1,0,0,0,0,0,1,0,0,0,1
2787,-0.5384615384615384,1,-0.2105263157894736,0.6666666666666666,-0.25,-0.6666666666666666,1.0,-0.5308084917523487,-0.4441885017756022,0.0,-0.3461538461538461,1,0,0,0,1,0,0,0,1,0,0,1,0,0,1
2788,0.7692307692307693,0,0.3684210526315789,-0.5416666666666666,0.0,0.0,0.0,0.2352244988534656,-0.0203474421729531,2.0,0.8461538461538461,0,0,1,0,0,0,0,1,0,0,1,0,1,0,0
2789,0.1538461538461538,1,0.3157894736842105,0.6666666666666666,-0.5,-0.6666666666666666,0.0,-0.6057083681168304,-0.6488146655149246,0.0,0.5384615384615384,0,1,0,0,0,1,0,0,0,1,0,0,0,0,0
2790,-0.8461538461538461,1,-0.4210526315789473,0.3333333333333333,0.0,0.0,0.0,-0.297359272135513,0.186966119589212,0.0,-0.6923076923076923,1,0,0,0,1,0,1,0,0,0,0,0,0,0,1
2791,-0.3846153846153846,0,1.105263157894737,-0.2083333333333333,0.75,0.3333333333333333,2.0,0.8694641404161341,0.6614838276226127,0.0,-0.7307692307692307,0,0,1,0,0,0,0,0,0,1,0,0,0,0,1
2792,-0.9230769230769232,2,1.2105263157894737,0.0,-0.25,-0.3333333333333333,0.0,-0.4584024600297994,-0.4756694500431903,0.0,-0.8846153846153846,1,0,0,0,1,0,0,0,1,0,0,1,0,0,1
2793,-0.3461538461538461,0,0.5789473684210527,-0.5833333333333334,0.25,0.3333333333333333,0.0,-0.0820009933110014,0.3501295709761015,1.0,-0.6923076923076923,1,0,0,0,1,0,0,0,0,0,1,0,0,0,1
2794,0.3076923076923077,2,-1.105263157894737,-0.5,0.0,-0.3333333333333333,1.0,-0.2694197584352182,-0.091371532776658,0.0,0.7692307692307693,0,0,0,0,0,1,0,1,0,0,1,0,1,0,0
2795,0.3461538461538461,1,1.1578947368421053,-0.25,8.0,9.0,5.0,10.254351019200492,9.791342739226414,5.0,0.0384615384615384,0,0,1,0,0,0,0,0,1,0,0,0,0,1,0
2796,0.0384615384615384,0,-0.4210526315789473,1.125,0.0,0.0,0.0,-0.0019020848963892,-0.3109703426432478,1.0,0.1153846153846153,0,0,1,0,0,0,0,1,0,0,0,1,0,0,1
2797,-0.0384615384615384,2,-0.2631578947368421,1.8333333333333333,-0.25,-0.3333333333333333,0.0,-0.2863694482897087,-0.5132930223629907,1.0,-0.1538461538461538,0,1,0,0,0,1,1,0,0,0,0,0,0,0,1
2798,-0.5769230769230769,2,1.105263157894737,-0.5833333333333334,0.25,0.3333333333333333,0.0,-0.1141250937833525,0.3436030329206259,1.0,0.5,0,0,1,0,0,0,1,0,0,1,0,0,1,0,0
2799,0.3846153846153846,2,-0.7368421052631579,-0.25,-0.5,-0.6666666666666666,0.0,-0.6057083681168304,-0.6488146655149246,0.0,-0.7307692307692307,1,0,0,0,1,0,0,1,0,0,1,0,0,0,0
2800,0.6538461538461539,2,-0.3684210526315789,-0.125,1.5,2.0,0.0,1.600498768928387,0.3512813129858912,1.0,1.1538461538461535,1,0,0,0,1,0,1,0,0,0,0,0,1,0,0
2801,-0.4230769230769231,2,0.8947368421052632,2.083333333333333,1.25,1.6666666666666667,0.0,1.7281497997527295,0.1627795373836261,1.0,-0.2307692307692307,0,0,0,0,0,1,1,0,0,0,0,0,0,0,1
2802,-0.6923076923076923,0,1.3157894736842106,0.7083333333333334,0.75,0.6666666666666666,1.0,0.3531960309828496,1.2680679527785776,0.0,-0.4615384615384615,1,0,0,0,1,0,0,0,1,1,0,0,0,0,1
2803,-0.5384615384615384,0,1.5263157894736843,-0.5833333333333334,0.5,0.6666666666666666,0.0,0.3123646085403612,0.5098377963336214,1.0,0.7307692307692307,0,1,0,0,0,1,0,0,0,0,0,1,1,0,0
2804,-0.1153846153846153,1,-0.2105263157894736,-0.25,-0.25,-0.3333333333333333,0.0,-0.2838333350945231,-0.1908052596218446,0.0,1.0,1,0,0,0,1,0,0,1,0,1,0,0,1,0,0
2805,0.5,0,0.4736842105263157,-0.5833333333333334,0.5,0.0,2.0,0.1850517261420434,0.5440061426240523,0.0,0.5,0,0,1,0,0,0,0,1,0,0,0,1,1,0,0
2806,0.8076923076923077,0,1.4210526315789471,0.5833333333333334,0.5,0.6666666666666666,0.0,0.6566419747868081,0.6603320856128229,0.0,0.4230769230769231,0,1,0,0,0,1,0,0,1,1,0,0,1,0,0
2807,-0.2307692307692307,1,-1.105263157894737,1.1666666666666667,-0.5,-0.6666666666666666,0.0,-0.6057083681168304,-0.6488146655149246,0.0,-0.1923076923076923,0,0,0,1,0,1,0,1,0,0,0,0,0,0,0
2808,-0.1538461538461538,1,-0.3157894736842105,0.7083333333333334,-0.5,-0.6666666666666666,0.0,-0.6057083681168304,-0.6488146655149246,0.0,0.5384615384615384,0,0,0,1,0,1,0,0,0,1,0,0,0,0,0
2809,0.8846153846153846,1,0.0526315789473684,1.75,0.25,0.0,1.0,-0.0168651527479843,0.5386313465783665,0.0,0.5384615384615384,0,0,0,1,0,1,1,0,0,1,0,0,1,0,0
2810,0.4230769230769231,1,0.3157894736842105,1.0,-0.25,-0.6666666666666666,1.0,-0.5408684074265849,-0.4173145215471733,0.0,0.4230769230769231,0,0,0,1,0,1,0,1,0,0,0,1,1,0,0
2811,0.0769230769230769,1,1.5263157894736843,0.5416666666666666,1.0,1.0,1.0,1.759090380733994,1.1928208081389768,2.0,1.3076923076923077,0,0,1,0,0,0,0,1,0,0,0,1,1,0,0
2812,0.1153846153846153,2,-0.3684210526315789,0.9583333333333334,-0.5,-0.6666666666666666,0.0,-0.6057083681168304,-0.6488146655149246,0.0,0.3846153846153846,0,0,0,1,0,1,0,1,0,0,0,0,0,0,0
2813,-0.7692307692307693,0,0.0526315789473684,-0.0416666666666666,0.25,-0.3333333333333333,2.0,-0.2555134044149504,0.2668202322679721,1.0,0.0,0,0,1,0,0,0,0,0,0,0,0,0,0,0,1
2814,-0.1153846153846153,2,-0.6842105263157895,-0.25,0.0,0.0,0.0,0.0323354432386165,-0.011517420097898,0.0,-0.5384615384615384,0,1,0,0,0,1,0,0,0,0,1,0,0,0,1
2815,-0.4615384615384615,0,1.5263157894736843,-0.5833333333333334,-0.25,-0.3333333333333333,0.0,-0.2360698699185274,-0.3148094826758806,1.0,-0.4615384615384615,0,1,0,0,0,1,0,0,1,1,0,0,0,0,1
2816,-0.8846153846153846,0,-0.4210526315789473,0.4166666666666667,0.0,0.0,0.0,-0.2238119894751302,-0.0548997024666473,0.0,-0.3076923076923077,0,1,0,0,0,1,0,0,1,0,0,1,0,0,1
2817,-0.5769230769230769,0,0.4736842105263157,0.0416666666666666,-0.25,-0.3333333333333333,0.0,-0.3309627719717224,-0.2272770899318552,0.0,0.3461538461538461,0,0,1,0,0,0,1,0,0,0,0,1,1,0,0
2818,-0.6923076923076923,2,-0.3684210526315789,0.6666666666666666,0.0,0.0,0.0,-0.0746039964917101,-0.2921585564833477,0.0,-0.3846153846153846,0,0,0,0,0,1,0,1,0,0,0,0,0,0,1
2819,-0.5,2,1.5263157894736843,-0.25,0.25,0.3333333333333333,0.0,0.1557596187376497,0.5585948747480566,0.0,-0.4230769230769231,0,0,1,0,0,0,1,0,0,0,0,1,0,0,1
2820,0.0,1,0.1578947368421052,2.083333333333333,0.0,-0.3333333333333333,1.0,-0.3355700442763096,-0.1766004415011036,1.0,0.7307692307692307,1,0,0,0,1,0,0,1,0,1,0,0,1,0,0
2821,0.7307692307692307,0,0.7368421052631579,0.5416666666666666,0.25,0.3333333333333333,0.0,0.3734426679910814,0.3850657452730588,0.0,-1.1538461538461535,0,1,0,0,0,1,0,0,1,0,0,0,0,0,1
2822,-0.6153846153846154,1,0.1578947368421052,0.4166666666666667,0.25,0.3333333333333333,0.0,0.0363509557976604,0.2057779057491123,1.0,-0.8846153846153846,0,0,0,1,0,1,0,0,1,0,0,1,0,0,1
2823,0.3076923076923077,1,-0.2631578947368421,0.125,0.0,0.0,0.0,-0.1282850591231389,0.0491409924176984,0.0,-1.2692307692307692,1,0,0,0,1,0,1,0,0,0,1,0,0,0,1
2824,-0.3461538461538461,2,-0.6842105263157895,-0.1666666666666666,0.0,0.0,0.0,-0.0509336066699777,0.0702562625971783,0.0,1.5384615384615383,1,0,0,0,1,0,0,0,0,1,0,0,1,0,0
2825,0.3846153846153846,0,0.4736842105263157,0.5833333333333334,2.25,2.0,3.0,1.6758635993786528,2.4816201170937706,1.0,1.3076923076923077,0,0,0,1,0,1,0,1,0,0,0,1,0,1,0
2826,-0.1923076923076923,0,0.2631578947368421,-0.0833333333333333,0.0,0.0,0.0,-0.0631914871133748,0.0545157884633842,1.0,-0.5384615384615384,0,0,1,0,0,0,1,0,0,0,0,1,0,0,1
2827,0.5384615384615384,1,1.1578947368421053,-0.5833333333333334,0.25,0.3333333333333333,0.0,0.5391353967432081,0.2771859103560803,1.0,0.1538461538461538,0,0,1,0,0,0,0,0,1,0,1,0,0,0,1
2828,0.7307692307692307,0,0.0526315789473684,0.7916666666666666,0.0,0.0,0.0,0.0369849840964568,-0.130146847106248,0.0,-0.8846153846153846,0,1,0,0,0,1,1,0,0,0,0,0,0,0,1
2829,-0.7692307692307693,0,1.0,-0.5,-0.25,-0.3333333333333333,0.0,-0.2576268320776051,-0.2015548517132162,0.0,-0.5,1,0,0,0,1,0,0,0,0,0,0,0,0,0,1
2830,-0.1923076923076923,1,-0.2631578947368421,-0.4166666666666667,-0.25,-0.3333333333333333,0.0,-0.4182473344393605,-0.1708417314521547,0.0,-0.6923076923076923,1,0,0,0,1,0,0,0,0,1,0,0,0,0,1
2831,-0.3461538461538461,0,-0.5263157894736842,0.0,2.75,2.6666666666666665,3.0,1.6044720129341778,3.0340723677896158,1.0,0.1923076923076923,0,0,0,1,0,1,0,0,1,0,0,1,0,1,0
2832,-0.8461538461538461,1,0.9473684210526316,0.2083333333333333,1.0,1.3333333333333333,0.0,1.875244365073495,0.3758518091947405,1.0,-0.1923076923076923,0,0,1,0,0,0,0,0,0,0,0,1,0,0,1
2833,-0.3461538461538461,1,-1.105263157894737,-0.25,-0.25,-0.6666666666666666,1.0,-0.554943835659865,-0.2207505518763796,0.0,-0.3076923076923077,0,0,0,1,0,1,1,0,0,0,0,0,0,0,0
2834,0.9615384615384616,2,0.3157894736842105,0.0416666666666666,-0.25,-0.3333333333333333,0.0,-0.1842908921834878,-0.5873884249928016,1.0,-0.6153846153846154,0,0,0,0,0,1,0,1,0,1,0,0,0,0,1
2835,-0.1923076923076923,0,0.9473684210526316,-0.0833333333333333,-0.5,-0.6666666666666666,0.0,-0.6057083681168304,-0.6488146655149246,0.0,0.6153846153846154,0,0,1,0,0,0,0,0,0,0,0,1,0,0,0
2836,0.0769230769230769,0,0.0526315789473684,-0.25,-0.5,-0.6666666666666666,0.0,-0.6057083681168304,-0.6488146655149246,0.0,-0.5769230769230769,0,0,0,0,0,1,0,1,0,1,0,0,0,0,0
2837,0.4230769230769231,0,-0.2105263157894736,1.0416666666666667,0.5,0.6666666666666666,0.0,0.7773186943243902,0.5443900566273154,1.0,0.5769230769230769,0,0,1,0,0,0,1,0,0,0,0,1,1,0,0
2838,0.5,1,-1.105263157894737,-0.25,-0.25,-0.3333333333333333,0.0,-0.248116407595659,-0.2756502543430271,0.0,0.1538461538461538,0,0,0,1,0,1,0,0,0,1,0,0,1,0,0
2839,0.0,0,0.0,-0.125,0.0,-0.3333333333333333,1.0,-0.0547377764627561,-0.1266916210768787,1.0,-0.5,0,0,0,0,0,1,0,0,0,0,1,0,0,0,1
2840,-0.8461538461538461,1,-0.7368421052631579,-0.2916666666666667,0.0,0.0,0.0,-0.0042268553253093,-0.1589403973509933,1.0,-0.8846153846153846,0,0,0,0,0,1,1,0,0,1,0,0,0,0,1
2841,-0.9615384615384616,2,0.8947368421052632,1.0,0.25,0.3333333333333333,0.0,0.3292720298415987,0.3213360207313562,1.0,-0.8076923076923077,0,0,1,0,0,0,0,0,0,1,0,0,0,0,1
2842,-0.6153846153846154,0,1.4736842105263157,-0.5416666666666666,2.25,3.0,0.0,3.075459934695086,2.086956521739131,1.0,-0.1538461538461538,0,1,0,0,0,1,0,1,0,0,1,0,0,1,0
2843,-0.2307692307692307,0,-0.1578947368421052,-0.2916666666666667,0.0,0.0,0.0,-0.1555482759713842,-0.1151742009789806,0.0,-0.7692307692307693,1,0,0,0,1,0,1,0,0,0,1,0,0,0,1
2844,-0.7307692307692307,1,0.6842105263157895,-0.5,1.25,1.6666666666666667,0.0,1.9993025688713248,1.1717055379594972,0.0,-0.8461538461538461,0,0,1,0,0,0,1,0,0,0,1,0,0,0,1
2845,0.2692307692307692,0,0.0526315789473684,-0.4166666666666667,0.5,0.6666666666666666,0.0,0.6283220441072355,0.8711008734043576,1.0,-0.9230769230769232,0,0,0,0,0,1,0,0,1,1,0,0,0,0,1
2846,-0.7307692307692307,0,0.0,-0.2083333333333333,0.25,0.3333333333333333,0.0,0.1418109961641287,0.396583165370957,1.0,-0.3461538461538461,0,0,1,0,0,0,0,1,0,1,0,0,0,0,1
2847,-0.5,1,-0.631578947368421,0.7083333333333334,1.5,2.0,0.0,1.733010683376835,2.461656588924081,1.0,-0.3076923076923077,0,1,0,0,0,1,1,0,0,0,1,0,0,0,1
2848,0.1153846153846153,1,0.1052631578947368,-0.1666666666666666,2.5,2.333333333333333,3.0,2.0758086502594235,2.56838468183127,2.0,0.5769230769230769,0,0,0,0,0,1,1,0,0,1,0,0,0,1,0
2849,-0.8076923076923077,1,0.2105263157894736,-0.5833333333333334,0.5,0.6666666666666666,0.0,0.6731267105555145,0.4215375755830694,0.0,1.2307692307692308,1,0,0,0,1,0,0,0,0,0,0,0,1,0,0
2850,-0.3461538461538461,1,0.4210526315789473,-0.5833333333333334,0.5,0.0,2.0,0.362410575592024,0.6983395719358866,1.0,-0.2307692307692307,0,0,0,1,0,1,1,0,0,1,0,0,0,0,1
2851,0.7307692307692307,2,0.0,0.125,0.5,0.0,2.0,0.0678832965244683,0.051444476437278,0.0,1.3076923076923077,0,0,0,0,0,1,0,0,1,1,0,0,1,0,0
2852,0.5769230769230769,1,0.0,1.0833333333333333,-0.25,-0.3333333333333333,0.0,-0.3645662718079318,-0.3800748632306363,0.0,0.3076923076923077,0,0,0,0,0,1,1,0,0,0,0,1,1,0,0
2853,-0.6923076923076923,2,0.5263157894736842,0.4166666666666667,-0.25,-0.3333333333333333,0.0,-0.2472710365305971,-0.5175160763988866,0.0,0.8076923076923077,0,1,0,0,0,1,1,0,0,0,1,0,1,0,0
2854,-0.8461538461538461,1,0.0526315789473684,1.2916666666666667,-0.25,-0.3333333333333333,0.0,-0.3924635169549735,-0.2518475861407044,1.0,-0.0769230769230769,0,0,0,0,0,1,1,0,0,1,0,0,0,0,1
2855,-0.2692307692307692,2,-0.0526315789473684,-0.2083333333333333,0.25,0.0,1.0,-0.1611277250007925,0.1332181591323544,0.0,0.8846153846153846,0,0,0,0,0,1,1,0,0,1,0,0,1,0,0
2856,-0.6923076923076923,1,1.5263157894736843,-0.0416666666666666,-0.25,-0.3333333333333333,0.0,-0.0705884839326662,-0.1773682695076302,0.0,-0.0384615384615384,0,0,1,0,0,0,0,0,0,0,1,0,0,0,1
2857,0.5384615384615384,2,-0.2105263157894736,-0.5833333333333334,0.0,0.0,0.0,-0.012680565975928,-0.3942796813513773,0.0,-0.4615384615384615,0,0,0,1,0,1,0,0,1,1,0,0,0,0,1
2858,0.8846153846153846,1,0.2105263157894736,-0.125,3.5,4.0,2.0,3.11172635338624,4.173145215471734,3.0,-0.8461538461538461,1,0,0,0,1,0,1,0,0,0,1,0,0,1,0
2859,-0.9230769230769232,1,1.5263157894736843,0.7083333333333334,2.75,2.0,5.0,2.7337186816438246,2.4754774930415584,3.0,-0.3461538461538461,0,1,0,0,0,1,0,0,0,1,0,0,0,1,0
2860,0.7692307692307693,1,1.1578947368421053,0.375,2.75,3.333333333333333,1.0,2.5412699586824896,3.9834916978596793,2.0,-0.1538461538461538,0,0,0,0,0,1,0,0,1,0,0,0,0,1,0
2861,-0.3461538461538461,0,0.5263157894736842,-0.5,0.25,0.3333333333333333,0.0,0.5516046199528708,0.171225645455418,0.0,0.9230769230769232,0,0,1,0,0,0,0,0,1,0,1,0,1,0,0
2862,-0.1923076923076923,2,0.5263157894736842,0.25,0.5,0.0,2.0,0.2585567402491731,0.4269123716287552,0.0,-0.1538461538461538,0,1,0,0,0,1,1,0,0,0,1,0,0,0,1
2863,-0.2307692307692307,1,-0.1578947368421052,-0.4166666666666667,0.75,0.3333333333333333,2.0,0.5264548307672801,1.0999136193492658,0.0,0.6923076923076923,0,1,0,0,0,1,0,0,1,0,0,0,1,0,0
2864,0.1153846153846153,0,-0.1578947368421052,-0.25,-0.5,-0.6666666666666666,0.0,-0.6057083681168304,-0.6488146655149246,0.0,1.0769230769230769,1,0,0,0,1,0,0,0,1,0,0,1,0,0,0
2865,-0.3076923076923077,0,0.8421052631578947,-0.0833333333333333,-0.25,-0.6666666666666666,1.0,-0.554943835659865,-0.3305499568096746,0.0,-0.7692307692307693,0,1,0,0,0,1,1,0,0,0,0,1,0,0,1
2866,-0.8461538461538461,2,-0.4210526315789473,-0.5,1.25,1.6666666666666667,0.0,1.0184607906332888,1.4577214703906325,1.0,-0.4230769230769231,1,0,0,0,1,0,1,0,0,0,1,0,0,0,1
2867,0.5384615384615384,1,-0.5789473684210527,0.2916666666666667,0.75,0.6666666666666666,1.0,0.4835099806621369,0.6434398694692388,1.0,0.0384615384615384,0,0,0,1,0,1,0,0,1,1,0,0,0,0,1
2868,-0.3846153846153846,2,-0.1578947368421052,0.125,0.75,0.3333333333333333,2.0,-0.0498346242853972,0.3954314233611671,0.0,0.6538461538461539,0,0,0,0,0,1,0,0,0,0,0,0,1,0,0
2869,0.6538461538461539,0,0.8947368421052632,-0.5833333333333334,1.0,1.3333333333333333,0.0,1.2760876227108937,0.6956521739130437,1.0,-0.6923076923076923,0,0,0,1,0,1,0,1,0,1,0,0,0,0,1
2870,-0.8461538461538461,0,-0.5263157894736842,-0.5,-0.5,-0.6666666666666666,0.0,-0.6057083681168304,-0.6488146655149246,0.0,-1.0,0,0,0,1,0,1,0,1,0,0,0,1,0,0,0
2871,-0.3076923076923077,0,0.1052631578947368,-0.5833333333333334,-0.25,-0.3333333333333333,0.0,-0.4129637652827238,-0.2756502543430271,0.0,-1.0384615384615383,0,0,1,0,0,0,1,0,0,0,1,0,0,0,1
2872,-0.7692307692307693,2,1.3157894736842106,0.1666666666666666,0.25,0.3333333333333333,0.0,0.2870034765885051,-0.1243881370572991,0.0,0.4615384615384615,0,0,1,0,0,0,1,0,0,1,0,0,1,0,0
2873,-0.4615384615384615,2,0.5263157894736842,0.2083333333333333,0.0,0.0,0.0,-0.1709762979087633,-0.0330166042806411,1.0,-0.6923076923076923,0,1,0,0,0,1,0,1,0,0,1,0,0,0,1
2874,-0.3846153846153846,2,-0.0526315789473684,-0.25,0.0,0.0,0.0,-0.1039806410026101,-0.1558690853248872,0.0,-0.6538461538461539,0,1,0,0,0,1,0,0,0,0,0,0,0,0,1
2875,0.2307692307692307,1,0.6842105263157895,-0.5833333333333334,1.25,1.3333333333333333,1.0,0.9110563968171782,1.0457817448891449,2.0,0.6538461538461539,0,0,0,1,0,1,0,0,0,1,0,0,1,0,0
2876,0.2692307692307692,1,-0.0526315789473684,2.083333333333333,0.0,-0.3333333333333333,1.0,-0.1680597677342999,-0.1796717535272098,0.0,-0.2692307692307692,0,0,0,1,0,1,0,0,0,0,1,0,0,0,1
2877,-0.6923076923076923,1,0.2105263157894736,2.083333333333333,0.25,0.0,1.0,0.2317584774867119,0.0721758326134946,0.0,-0.7692307692307693,0,0,1,0,0,0,0,0,0,0,1,0,0,0,1
2878,-0.8076923076923077,2,1.368421052631579,-0.4166666666666667,-0.25,-0.3333333333333333,0.0,-0.3559012183910476,-0.3121220846530377,0.0,-0.6538461538461539,0,0,1,0,0,0,0,1,0,1,0,0,0,0,1
2879,-0.8846153846153846,1,1.105263157894737,0.2083333333333333,0.25,0.0,1.0,0.0961609586507878,-0.0053747960456856,0.0,-0.1538461538461538,0,0,1,0,0,0,0,1,0,1,0,0,0,0,1
2880,-0.7692307692307693,0,0.2105263157894736,-0.0416666666666666,0.5,0.6666666666666666,0.0,0.532795113755244,0.3374604088684136,1.0,1.3846153846153846,0,0,0,1,0,1,1,0,0,0,1,0,1,0,0
2881,-0.8461538461538461,2,-1.105263157894737,-0.4583333333333333,0.5,0.6666666666666666,0.0,0.6262086164445807,-0.001535656013053,0.0,-0.0769230769230769,0,0,0,0,0,1,1,0,0,0,1,0,0,0,1
2882,0.6153846153846154,1,-0.3157894736842105,0.5,-0.5,-0.6666666666666666,0.0,-0.6057083681168304,-0.6488146655149246,0.0,-0.2307692307692307,0,1,0,0,0,1,0,1,0,0,0,0,0,0,0
2883,0.6153846153846154,1,0.1052631578947368,-0.5833333333333334,0.0,0.0,0.0,-0.1705536123762323,-0.2169114118437469,1.0,1.1538461538461535,0,0,0,1,0,1,1,0,0,0,1,0,1,0,0
2884,-0.1923076923076923,2,-0.4210526315789473,0.375,0.0,0.0,0.0,-0.0860165058700453,-0.3689413571360015,0.0,0.6538461538461539,0,0,0,1,0,1,0,0,1,0,0,0,1,0,0
2885,0.1538461538461538,0,1.5263157894736843,0.0833333333333333,1.0,1.0,1.0,1.2947280546955082,1.3552164315193398,2.0,1.5384615384615383,0,0,1,0,0,0,0,0,1,0,1,0,1,0,0
2886,0.8461538461538461,2,-0.631578947368421,-0.2083333333333333,-0.25,-0.3333333333333333,0.0,-0.3561125611573131,-0.2652845762549188,0.0,0.0,0,0,0,0,0,1,0,1,0,1,0,0,0,0,1
2887,0.7307692307692307,1,0.0,0.0833333333333333,0.0,0.0,0.0,0.2383946403474475,-0.057203186486227,0.0,0.3076923076923077,0,0,1,0,0,0,0,1,0,1,0,0,1,0,0
2888,-0.7692307692307693,1,-0.8421052631578947,-0.1666666666666666,0.25,0.3333333333333333,0.0,0.3318081430367842,0.193876571647951,0.0,0.1538461538461538,0,0,0,0,0,1,0,1,0,0,0,0,0,0,1
2889,0.7692307692307693,1,0.4736842105263157,-0.5416666666666666,0.75,1.0,0.0,1.0324094132068098,0.8941357136001535,0.0,-0.7692307692307693,0,0,1,0,0,0,1,0,0,0,1,0,0,0,1
2890,-0.1923076923076923,1,0.8947368421052632,-0.5416666666666666,0.25,0.3333333333333333,0.0,0.0872845624676381,0.0510605624340148,0.0,-0.8076923076923077,0,0,0,1,0,1,1,0,0,1,0,0,0,0,1
2891,0.5384615384615384,1,0.4210526315789473,1.9166666666666667,1.75,1.3333333333333333,3.0,1.2776092906280052,1.9644879546981475,1.0,0.2307692307692307,0,0,0,1,0,1,0,0,0,0,0,1,0,1,0
2892,-0.5,0,-0.6842105263157895,1.4166666666666667,-0.25,-0.3333333333333333,0.0,-0.4135977935815202,-0.4990882042422497,0.0,1.0769230769230769,0,0,0,1,0,1,0,1,0,0,1,0,1,0,0
2893,0.5,0,-0.7368421052631579,-0.0833333333333333,0.0,0.0,0.0,-0.401762598670654,-0.0188117861599001,0.0,0.0,1,0,0,0,1,0,0,0,0,0,0,0,0,0,0
2894,0.3076923076923077,2,0.1578947368421052,-0.5833333333333334,0.5,0.6666666666666666,0.0,0.5830946921264254,0.1908052596218448,0.0,-0.9230769230769232,0,0,0,1,0,1,0,1,0,0,0,0,0,0,1
2895,-0.0769230769230769,1,-0.9473684210526316,2.083333333333333,-0.25,-0.3333333333333333,0.0,-0.386334576733275,-0.3274786447835685,0.0,-0.3846153846153846,0,0,1,0,0,0,0,1,0,0,0,1,0,0,1
2896,-0.8076923076923077,2,-0.5263157894736842,-0.375,-0.25,-0.3333333333333333,0.0,-0.4683355700442764,-0.4246088876091755,0.0,-0.2692307692307692,1,0,0,0,1,0,0,1,0,1,0,0,0,0,0
2897,-0.3846153846153846,1,-0.0526315789473684,0.6666666666666666,0.75,0.6666666666666666,1.0,0.8388617078608945,0.6326902773778675,1.0,0.9230769230769232,0,0,0,1,0,1,0,0,1,0,0,0,1,0,0
2898,0.1538461538461538,2,-0.3684210526315789,0.2916666666666667,-0.5,-0.6666666666666666,0.0,-0.6057083681168304,-0.6488146655149246,0.0,1.0769230769230769,0,0,0,0,0,1,0,1,0,0,1,0,0,0,0
2899,0.3846153846153846,1,1.1578947368421053,-0.0833333333333333,-0.25,-0.3333333333333333,0.0,-0.2009869707184598,-0.5063825703042518,0.0,0.4615384615384615,0,0,1,0,0,0,0,0,0,0,0,1,1,0,0
2900,-0.1538461538461538,2,0.3157894736842105,-0.5833333333333334,2.25,1.6666666666666667,4.0,1.5225978252829353,2.215951626835589,2.0,-0.5384615384615384,0,0,0,0,0,1,0,0,1,0,0,1,0,1,0
2901,-0.2692307692307692,2,-0.8947368421052632,0.625,-0.5,-0.6666666666666666,0.0,-0.6057083681168304,-0.6488146655149246,0.0,-0.6538461538461539,1,0,0,0,1,0,0,0,0,0,0,0,0,0,0
2902,0.5,1,0.8421052631578947,2.083333333333333,2.25,2.6666666666666665,1.0,2.1766614183213053,2.1380170841731454,4.0,0.0384615384615384,1,0,0,0,1,0,0,0,1,0,0,0,0,1,0
2903,0.5,2,-0.2105263157894736,-0.0833333333333333,-0.5,-0.6666666666666666,0.0,-0.6057083681168304,-0.6488146655149246,0.0,-0.0384615384615384,0,0,1,0,0,0,0,0,0,1,0,0,0,0,0
2904,-0.5769230769230769,1,0.7894736842105263,2.083333333333333,-0.25,-0.3333333333333333,0.0,-0.3282153160102713,-0.5106056243401478,0.0,-0.4230769230769231,0,1,0,0,0,1,1,0,0,1,0,0,0,0,1
2905,0.7692307692307693,0,1.0,0.4166666666666667,0.25,0.3333333333333333,0.0,0.9011655553559542,0.4664555139648719,1.0,-0.6538461538461539,0,0,1,0,0,0,1,0,0,0,0,1,0,0,1
2906,-0.1153846153846153,2,-0.5263157894736842,-0.2083333333333333,-0.25,-0.3333333333333333,0.0,-0.2242346750076612,-0.5950667050580669,0.0,-0.8076923076923077,0,0,0,1,0,1,1,0,0,0,0,1,0,0,1
2907,0.0769230769230769,2,0.2105263157894736,-0.2083333333333333,0.0,0.0,0.0,0.0,-0.1220846530377194,1.0,-0.4230769230769231,0,0,0,0,0,1,0,0,1,0,1,0,0,0,1
2908,0.2307692307692307,1,0.4736842105263157,-0.5833333333333334,0.25,0.3333333333333333,0.0,0.3286380015428022,0.3428352049140992,0.0,0.1538461538461538,0,0,0,0,0,1,0,0,1,0,0,0,1,0,0
2909,-0.4230769230769231,2,-0.1052631578947368,-0.5833333333333334,0.5,0.6666666666666666,0.0,0.4026079697357159,0.5712640368557445,1.0,0.6923076923076923,1,0,0,0,1,0,0,1,0,0,0,1,1,0,0
2910,-0.5769230769230769,1,0.1052631578947368,0.625,-0.25,-0.3333333333333333,0.0,-0.3493495926368181,-0.363950475093579,0.0,0.9230769230769232,1,0,0,0,1,0,1,0,0,0,1,0,1,0,0
2911,-0.5769230769230769,2,0.3157894736842105,0.0833333333333333,-0.25,-0.3333333333333333,0.0,-0.2514978918559065,-0.4249928016124387,0.0,0.1538461538461538,0,0,0,1,0,1,1,0,0,0,0,1,1,0,0
2912,0.2307692307692307,2,0.6842105263157895,1.875,-0.5,-0.6666666666666666,0.0,-0.6057083681168304,-0.6488146655149246,0.0,-0.4615384615384615,0,0,1,0,0,0,0,0,0,0,1,0,0,0,0
2913,-0.3846153846153846,1,0.1052631578947368,1.0,0.5,0.6666666666666666,0.0,0.2202191624486173,0.4319032536711776,2.0,0.9615384615384616,1,0,0,0,1,0,0,1,0,0,1,0,1,0,0
2914,0.9615384615384616,0,-0.8421052631578947,-0.1666666666666666,0.5,0.3333333333333333,1.0,0.0871154882546257,0.4557059218735004,0.0,-1.2692307692307692,0,0,0,1,0,1,0,1,0,0,0,0,0,0,1
2915,0.3846153846153846,2,0.0,1.0,0.5,0.3333333333333333,1.0,0.4168102036287553,0.8281025050388713,0.0,0.4230769230769231,0,0,0,0,0,1,0,0,1,0,0,0,1,0,0
2916,-0.9615384615384616,2,0.4210526315789473,-0.0416666666666666,2.25,2.6666666666666665,1.0,2.2467004110616813,2.448219598809867,3.0,0.2692307692307692,0,0,0,0,0,1,0,1,0,0,1,0,0,1,0
2917,-0.1923076923076923,1,-0.4210526315789473,0.6666666666666666,5.0,6.0,2.0,6.618410068369386,5.109127555427584,0.0,-0.0384615384615384,0,0,1,0,0,0,0,0,1,1,0,0,0,1,0
2918,-0.4230769230769231,0,-1.0526315789473684,-0.5833333333333334,0.0,-0.3333333333333333,1.0,-0.3192966512738686,-0.0053747960456856,0.0,-0.5384615384615384,0,0,0,0,0,1,0,0,0,0,0,0,0,0,1
2919,0.1538461538461538,1,-0.1052631578947368,-0.5833333333333334,-0.25,-0.6666666666666666,1.0,-0.5109422717233947,-0.4614646319224493,0.0,1.4230769230769231,0,0,1,0,0,0,1,0,0,1,0,0,1,0,0
2920,-0.3461538461538461,2,0.1052631578947368,-0.0416666666666666,-0.25,-0.3333333333333333,0.0,-0.2269821309691122,-0.259909780209233,0.0,0.8846153846153846,1,0,0,0,1,0,1,0,0,0,0,0,1,0,0
2921,-0.4230769230769231,2,-0.7368421052631579,0.5416666666666666,1.25,1.6666666666666667,0.0,0.8515000052835695,1.7222382186390248,1.0,1.807692307692308,0,0,0,0,0,1,0,1,0,0,1,0,1,0,0
2922,0.4230769230769231,1,-0.631578947368421,1.0416666666666667,-0.5,-0.6666666666666666,0.0,-0.6057083681168304,-0.6488146655149246,0.0,0.6538461538461539,0,0,0,1,0,1,1,0,0,1,0,0,0,0,0
2923,-0.3076923076923077,0,0.5263157894736842,-0.375,1.0,1.0,1.0,1.4215337144547888,0.9782128803148096,1.0,0.1538461538461538,0,0,0,0,0,1,0,1,0,0,0,0,0,0,1
2924,-0.6153846153846154,0,-0.3157894736842105,0.875,0.25,0.0,1.0,-0.1016136020204368,0.0545157884633842,0.0,0.1538461538461538,0,0,0,1,0,1,1,0,0,0,1,0,1,0,0
2925,-0.8846153846153846,0,0.4210526315789473,0.8333333333333334,0.0,0.0,0.0,0.0748153392579756,-0.3025242345714559,0.0,1.0,0,0,1,0,0,0,0,0,1,0,0,1,1,0,0
2926,0.6538461538461539,2,-1.0,-0.4583333333333333,0.0,0.0,0.0,0.1060940686652647,-0.2100009597850081,1.0,-0.9615384615384616,0,0,0,1,0,1,0,0,0,1,0,0,0,0,1
2927,-0.2692307692307692,1,0.0526315789473684,-0.3333333333333333,-0.5,-0.6666666666666666,0.0,-0.6057083681168304,-0.6488146655149246,0.0,-0.9230769230769232,1,0,0,0,1,0,0,1,0,0,0,1,0,0,0
2928,-0.1538461538461538,1,0.5789473684210527,-0.2916666666666667,-0.25,-0.3333333333333333,0.0,-0.1597751312966935,-0.2933102984931375,1.0,1.1153846153846154,0,1,0,0,0,1,0,0,1,1,0,0,1,0,0
2929,0.0769230769230769,1,0.3684210526315789,-0.1666666666666666,0.0,0.0,0.0,-0.3575919605211713,-0.47682119205298,1.0,0.2307692307692307,0,0,0,1,0,1,0,1,0,1,0,0,1,0,0
2930,-0.4230769230769231,2,0.1578947368421052,0.5,1.25,1.6666666666666667,0.0,1.4168419050436956,1.001631634513869,0.0,0.4230769230769231,0,0,0,1,0,1,1,0,0,0,0,1,1,0,0
2931,-0.5384615384615384,0,-0.7368421052631579,-0.5833333333333334,-0.5,-0.6666666666666666,0.0,-0.6057083681168304,-0.6488146655149246,0.0,0.5769230769230769,0,0,0,0,0,1,0,1,0,0,1,0,0,0,0
2932,0.3461538461538461,1,0.4736842105263157,0.5416666666666666,-0.25,-0.3333333333333333,0.0,-0.3404731964536684,-0.4664555139648718,0.0,-1.0769230769230769,0,1,0,0,0,1,1,0,0,0,0,1,0,0,1
2933,-0.3076923076923077,2,-0.1578947368421052,-0.5833333333333334,-0.25,-0.6666666666666666,1.0,-0.554943835659865,-0.2975333525290334,1.0,-0.7307692307692307,1,0,0,0,1,0,0,1,0,0,0,0,0,0,1
2934,-0.1538461538461538,0,-0.4736842105263157,0.2083333333333333,0.0,-0.3333333333333333,1.0,-0.1669185167964663,0.1082637489202418,0.0,-0.9615384615384616,0,0,0,1,0,1,1,0,0,0,0,0,0,0,1
2935,0.4230769230769231,1,0.3684210526315789,-0.2916666666666667,0.25,0.0,1.0,0.1304407553390466,0.2833285344082926,1.0,0.5384615384615384,0,1,0,0,0,1,0,0,1,0,0,0,1,0,0
2936,-0.8846153846153846,0,-0.631578947368421,0.0,0.5,0.6666666666666666,0.0,1.3232170595880932,0.3773874652077935,0.0,0.9615384615384616,0,0,1,0,0,0,0,0,1,0,0,1,1,0,0
2937,-0.7692307692307693,1,1.0526315789473684,-0.5833333333333334,0.75,1.0,0.0,1.3103251508458995,0.305211632594299,0.0,-1.0384615384615383,0,0,1,0,0,0,0,1,0,1,0,0,0,0,1
2938,-0.6153846153846154,0,1.0526315789473684,-0.3333333333333333,1.25,1.0,2.0,1.669650122050448,1.1360015356560131,2.0,1.0384615384615383,0,0,1,0,0,0,0,1,0,0,0,1,1,0,0
2939,-0.5769230769230769,2,-0.0526315789473684,0.25,1.25,1.3333333333333333,1.0,1.613686557543352,1.084173145215472,3.0,-0.4615384615384615,0,1,0,0,0,1,0,1,0,0,0,0,0,0,1
2940,-0.3076923076923077,2,-0.4210526315789473,-0.5833333333333334,-0.25,-0.3333333333333333,0.0,-0.4425517525598894,-0.4940973221998271,1.0,-1.3076923076923077,0,0,0,0,0,1,0,0,0,0,0,0,0,0,1
2941,-0.5384615384615384,0,0.4210526315789473,-0.4583333333333333,0.5,0.6666666666666666,0.0,0.6519924339289678,0.2149918418274307,1.0,0.6538461538461539,0,1,0,0,0,1,1,0,0,0,0,1,1,0,0
2942,0.0384615384615384,2,1.368421052631579,0.9166666666666666,3.75,4.0,3.0,3.647945219954985,4.284096362414819,4.0,0.1538461538461538,0,1,0,0,0,1,0,0,1,0,0,0,0,1,0
2943,-0.4615384615384615,2,0.5263157894736842,0.4166666666666667,0.5,0.6666666666666666,0.0,0.2352244988534655,0.5225069584413092,1.0,1.3076923076923077,0,0,0,0,0,1,1,0,0,0,1,0,1,0,0
2944,-0.1538461538461538,1,-1.105263157894737,0.875,0.0,-0.3333333333333333,1.0,-0.3462217196960891,-0.1266916210768787,0.0,-0.1923076923076923,0,0,0,1,0,1,1,0,0,1,0,0,0,0,1
2945,0.8846153846153846,0,1.5263157894736843,1.125,2.5,2.333333333333333,3.0,2.4584235943064265,2.8785871964679908,1.0,0.5769230769230769,0,0,1,0,0,0,0,0,0,0,1,0,0,1,0
2946,-0.8461538461538461,0,-0.1578947368421052,1.0416666666666667,-0.5,-0.6666666666666666,0.0,-0.6057083681168304,-0.6488146655149246,0.0,0.1538461538461538,0,0,0,1,0,1,0,0,1,0,0,1,0,0,0
2947,-0.8461538461538461,1,0.5789473684210527,-0.4583333333333333,1.25,1.3333333333333333,1.0,1.4797375122842986,1.3936078318456668,0.0,0.5,0,0,1,0,0,0,1,0,0,1,0,0,1,0,0
2948,-0.4615384615384615,2,1.0,-0.5833333333333334,1.75,1.6666666666666667,2.0,2.228694007375863,0.7536231884057972,3.0,-0.5384615384615384,0,0,1,0,0,0,0,0,1,0,0,0,0,1,0
2949,-0.8846153846153846,1,0.6842105263157895,0.2083333333333333,0.25,0.3333333333333333,0.0,0.4036646835670432,0.4522506958441309,0.0,-0.5769230769230769,0,1,0,0,0,1,0,0,1,1,0,0,0,0,1
2950,0.3461538461538461,0,1.5263157894736843,-0.5,0.25,-0.3333333333333333,2.0,0.0728709858083333,0.3543526250119973,0.0,-0.5384615384615384,0,0,1,0,0,0,0,0,0,0,0,0,0,0,1
2951,-0.5384615384615384,2,-0.631578947368421,0.0,0.25,0.0,1.0,-0.0627265330275908,-0.0188117861599001,1.0,0.6923076923076923,0,0,0,1,0,1,1,0,0,0,0,1,1,0,0
2952,-0.1538461538461538,1,-0.2105263157894736,0.3333333333333333,-0.5,-0.6666666666666666,0.0,-0.6057083681168304,-0.6488146655149246,0.0,0.7692307692307693,0,0,0,1,0,1,1,0,0,0,0,0,0,0,0
2953,-0.8461538461538461,0,0.4736842105263157,-0.3333333333333333,1.0,0.6666666666666666,2.0,1.1606944723299486,0.5939149630482772,2.0,-1.0,0,0,1,0,0,0,0,0,1,1,0,0,0,0,1
2954,0.0769230769230769,2,0.0,-0.375,3.75,4.333333333333333,2.0,3.388458571534244,4.195412227661004,3.0,0.5384615384615384,0,0,0,1,0,1,0,0,1,0,0,0,0,1,0
2955,0.1923076923076923,0,0.5263157894736842,-0.2916666666666667,3.0,3.333333333333333,2.0,2.844504559720183,3.895575391112391,2.0,-0.7692307692307693,1,0,0,0,1,0,0,0,0,0,0,0,0,1,0
2956,0.7307692307692307,2,0.7894736842105263,1.4166666666666667,0.75,0.6666666666666666,1.0,0.7300201832341785,0.6411363854496595,0.0,1.0,0,0,0,0,0,1,0,0,0,0,1,0,1,0,0
2957,-0.2307692307692307,2,-0.3157894736842105,-0.4166666666666667,0.25,0.0,1.0,0.1342026565785719,-0.1558690853248872,0.0,0.8846153846153846,0,0,0,0,0,1,0,0,0,0,0,1,1,0,0
2958,0.2307692307692307,0,-0.7368421052631579,-0.2916666666666667,0.75,0.0,3.0,0.2793105998964422,1.242729628563202,1.0,-0.5769230769230769,1,0,0,0,1,0,0,0,0,1,0,0,0,0,1
2959,-0.4615384615384615,1,0.0526315789473684,0.125,0.25,0.3333333333333333,0.0,0.6065537391818923,0.2729628563201844,0.0,1.3461538461538465,0,0,1,0,0,0,0,0,1,0,0,1,1,0,0
2960,-0.0384615384615384,0,0.4736842105263157,0.3333333333333333,-0.25,-0.3333333333333333,0.0,-0.3675250705356483,-0.2729628563201842,0.0,-0.6923076923076923,0,1,0,0,0,1,0,0,0,0,0,1,0,0,1
2961,-0.7307692307692307,0,-0.7894736842105263,-0.1666666666666666,1.25,1.6666666666666667,0.0,1.289613559751884,1.7329878107303964,0.0,0.8076923076923077,0,0,0,0,0,1,0,0,0,0,0,1,1,0,0
2962,0.6538461538461539,2,0.0526315789473684,-0.1666666666666666,-0.25,-0.3333333333333333,0.0,-0.2195851341498209,-0.3366925808618868,0.0,-0.0769230769230769,0,1,0,0,0,1,0,0,0,0,1,0,0,0,1
2963,-0.7307692307692307,1,-0.3684210526315789,0.2083333333333333,-0.25,-0.3333333333333333,0.0,-0.4839749347479209,-0.5190517324119397,0.0,-0.5769230769230769,0,0,0,0,0,1,0,0,1,0,0,0,0,0,1
2964,0.6923076923076923,1,-0.3684210526315789,1.0416666666666667,-0.5,-0.6666666666666666,0.0,-0.6057083681168304,-0.6488146655149246,0.0,-0.3076923076923077,1,0,0,0,1,0,0,0,0,0,0,1,0,0,0
2965,0.3846153846153846,0,-0.7894736842105263,2.083333333333333,0.75,0.6666666666666666,1.0,0.5268352477465579,0.6188693732603898,1.0,-1.1923076923076923,0,0,0,1,0,1,0,0,0,0,0,1,0,0,1
2966,-0.7692307692307693,0,0.0,0.4166666666666667,0.75,0.6666666666666666,1.0,0.9971997083469828,-0.0357040023034839,0.0,0.0769230769230769,0,0,1,0,0,0,0,1,0,1,0,0,0,0,1
2967,-0.9615384615384616,0,-0.7894736842105263,0.5833333333333334,0.25,0.3333333333333333,0.0,0.4526962053406317,0.2280449179383818,1.0,-0.7307692307692307,0,0,0,1,0,1,0,1,0,0,0,1,0,0,1
2968,0.9615384615384616,2,-0.631578947368421,0.4583333333333333,-0.25,-0.3333333333333333,0.0,-0.3413185675187303,-0.2852481044246088,1.0,0.5384615384615384,0,0,0,1,0,1,1,0,0,1,0,0,1,0,0
2969,0.4615384615384615,2,0.8421052631578947,1.0416666666666667,0.75,1.0,0.0,0.9544239324548524,0.6549572895671371,0.0,-0.4615384615384615,0,1,0,0,0,1,1,0,0,1,0,0,0,0,1
2970,-0.4230769230769231,1,-1.0,1.25,-0.25,-0.3333333333333333,0.0,-0.2343791277884036,-0.4871868701410883,0.0,0.0384615384615384,0,0,1,0,0,0,0,0,0,1,0,0,0,0,1
2971,0.1538461538461538,0,0.0,-0.0833333333333333,0.25,0.3333333333333333,0.0,0.3671023850031174,0.3436030329206259,0.0,-0.7692307692307693,0,1,0,0,0,1,0,0,0,0,0,1,0,0,1
2972,0.1538461538461538,1,-0.4210526315789473,-0.5416666666666666,0.75,1.0,0.0,0.6593894307482592,0.9762933102984932,1.0,0.0384615384615384,1,0,0,0,1,0,0,0,1,0,1,0,0,0,1
2973,-0.1153846153846153,1,0.631578947368421,-0.125,0.0,0.0,0.0,0.4440311519237476,-0.3904405413187445,0.0,1.1538461538461535,0,0,1,0,0,0,0,0,1,0,1,0,1,0,0
2974,0.7307692307692307,1,0.1052631578947368,-0.5,0.75,1.0,0.0,0.4820728498515317,0.7014108839619927,2.0,0.2692307692307692,1,0,0,0,1,0,0,0,0,0,0,0,0,0,1
2975,0.9615384615384616,1,-0.2105263157894736,-0.375,-0.5,-0.6666666666666666,0.0,-0.6057083681168304,-0.6488146655149246,0.0,-0.1153846153846153,0,0,0,1,0,1,0,0,1,1,0,0,0,0,0
2976,0.0769230769230769,1,0.8947368421052632,-0.2083333333333333,0.75,0.0,3.0,0.3302019380131667,0.663403397638929,1.0,1.1153846153846154,0,0,1,0,0,0,0,1,0,0,0,0,1,0,0
2977,-0.1538461538461538,2,0.0,-0.2083333333333333,0.75,0.6666666666666666,1.0,0.8306193399765412,0.0122852481044246,1.0,-0.6538461538461539,0,0,0,0,0,1,1,0,0,0,0,0,0,0,1
2978,-0.5769230769230769,2,-0.4736842105263157,-0.5833333333333334,-0.5,-0.6666666666666666,0.0,-0.6057083681168304,-0.6488146655149246,0.0,1.3846153846153846,1,0,0,0,1,0,0,1,0,0,0,0,0,0,0
2979,0.8846153846153846,0,0.7368421052631579,0.9166666666666666,0.75,0.6666666666666666,1.0,0.9675694525165645,0.7555427584221135,3.0,1.3461538461538465,0,0,1,0,0,0,0,1,0,0,1,0,1,0,0
2980,-0.0384615384615384,2,-0.0526315789473684,-0.2916666666666667,-0.25,-0.3333333333333333,0.0,-0.359705388183826,-0.3597274210576829,0.0,-0.4230769230769231,0,0,0,1,0,1,0,1,0,0,1,0,0,0,1
2981,-0.1538461538461538,0,-1.105263157894737,0.6666666666666666,0.25,0.3333333333333333,0.0,0.2933437595764691,0.340915634897783,1.0,-0.1153846153846153,0,0,0,0,0,1,0,0,1,0,0,0,0,0,1
2982,-0.5769230769230769,1,0.0,0.4166666666666667,0.0,-0.3333333333333333,1.0,-0.2029735927213551,0.1524138592955179,0.0,1.2307692307692308,1,0,0,0,1,0,0,0,0,0,0,0,1,0,0
2983,0.3461538461538461,1,-0.1052631578947368,0.0416666666666666,-0.25,-0.3333333333333333,0.0,-0.4131751080489893,-0.3063633746040886,0.0,0.6153846153846154,0,0,0,0,0,1,0,0,0,0,1,0,1,0,0
2984,-0.7692307692307693,0,0.0,-0.5416666666666666,0.5,0.0,2.0,0.1850939946952967,0.6825990978020924,2.0,0.6538461538461539,0,0,0,0,0,1,0,1,0,0,0,1,1,0,0
2985,0.8076923076923077,1,1.5263157894736843,-0.125,-0.5,-0.6666666666666666,0.0,-0.6057083681168304,-0.6488146655149246,0.0,-0.7307692307692307,0,1,0,0,0,1,0,0,1,0,0,0,0,0,0
2986,0.5,2,0.2105263157894736,2.0,0.25,0.3333333333333333,0.0,0.3789375799139836,0.1873500335924754,0.0,-0.1153846153846153,0,0,0,1,0,1,0,0,1,0,1,0,0,0,1
2987,-0.6538461538461539,1,1.5263157894736843,1.3333333333333333,1.0,1.3333333333333333,0.0,1.8705948242156547,1.2550148766676266,0.0,-0.7307692307692307,0,0,1,0,0,0,0,0,1,0,1,0,0,0,1
2988,-0.4230769230769231,1,1.263157894736842,-0.5833333333333334,-0.25,-0.3333333333333333,0.0,-0.2975706149017785,-0.4200019195700162,0.0,0.1923076923076923,0,1,0,0,0,1,0,1,0,0,1,0,1,0,0
2989,0.7307692307692307,1,-0.2631578947368421,-0.5833333333333334,0.0,0.0,0.0,-0.2455802944004734,0.0982819848353969,0.0,-1.3461538461538465,0,1,0,0,0,1,1,0,0,0,1,0,0,0,1
2990,0.2692307692307692,1,-0.6842105263157895,0.75,0.25,0.3333333333333333,0.0,0.4936967019961326,0.0487570784144352,0.0,-0.4230769230769231,0,1,0,0,0,1,1,0,0,1,0,0,0,0,1
2991,0.0,1,-0.3157894736842105,-0.25,1.75,2.333333333333333,0.0,1.6376950957911094,1.7103368845378637,1.0,-0.7692307692307693,0,0,0,0,0,1,0,0,1,0,0,0,0,0,1
2992,-0.4230769230769231,0,-0.8947368421052632,0.5,0.0,0.0,0.0,0.1737237538702145,-0.2437853920721757,0.0,0.6153846153846154,0,0,0,1,0,1,0,1,0,1,0,0,1,0,0
2993,-0.7307692307692307,2,-1.105263157894737,0.75,-0.5,-0.6666666666666666,0.0,-0.6057083681168304,-0.6488146655149246,0.0,0.5,0,0,0,1,0,1,0,0,0,0,1,0,0,0,0
2994,0.6153846153846154,1,1.5263157894736843,-0.2083333333333333,0.75,1.0,0.0,1.353861760696586,0.5344082925424706,1.0,-0.5769230769230769,0,0,1,0,0,0,0,1,0,0,0,0,0,0,1
2995,-0.0384615384615384,2,-0.1052631578947368,-0.375,0.5,0.3333333333333333,1.0,0.1832764469054136,0.206929647758902,0.0,-0.1538461538461538,0,0,0,0,0,1,0,0,0,0,0,0,0,0,1
2996,-0.3461538461538461,1,0.4210526315789473,-0.5833333333333334,0.75,1.0,0.0,1.8245221011697823,0.3412995489010462,0.0,0.2307692307692307,0,0,1,0,0,0,0,0,1,0,0,1,1,0,0
2997,-0.6153846153846154,2,-0.1578947368421052,0.25,0.0,0.0,0.0,-0.0304333583422273,-0.0168922161435837,0.0,0.3461538461538461,0,1,0,0,0,1,0,0,0,0,0,0,1,0,0
2998,-0.9615384615384616,2,-0.631578947368421,1.4583333333333333,0.5,0.6666666666666666,0.0,0.6756628237507003,0.7252135521643153,1.0,-1.1538461538461535,1,0,0,0,1,0,1,0,0,0,0,0,0,0,1
2999,0.0384615384615384,0,-0.1578947368421052,0.2916666666666667,0.75,0.6666666666666666,1.0,0.5724007481533927,0.861503023322776,3.0,0.9230769230769232,0,0,0,0,0,1,0,0,1,1,0,0,1,0,0
3000,-0.639567677334914,0,-0.3274071816900984,-0.4195930214554795,-0.25,-0.3333333333333333,0.0,-0.3519167756635307,-0.2713565626186396,0.0,0.540262372177731,0,0,0,0,0,1,0,1,0,0,0,0,1,0,0
3001,-0.3656680163836494,1,-0.1431948310780253,0.9154385956708528,0.9577192978354264,1.2769590637805686,0.0,1.1148041711595922,1.0161794153560657,0.8308771913417055,0.3727395417916517,0,0,0,0,0,1,1,0,0,0,0,1,1,0,0
3002,0.1955049735522964,0,-1.048256351981068,2.013460174157299,-0.5,-0.6666666666666666,0.0,-0.6057083681168304,-0.6488146655149246,0.0,-0.0508863146067378,0,0,0,0,0,1,0,0,0,0,0,0,0,0,0
3003,-0.609686349377295,2,-0.0204675690977501,1.7554024330753712,1.5578701588690522,2.077160211825403,0.0,1.877330139341412,1.1126782601009255,0.0,0.2371789014835292,0,0,0,0,0,1,0,0,0,0,0,1,1,0,0
3004,-0.3484286424618885,1,1.2393453012470372,0.3073044250253347,0.75,1.0,0.0,0.9217495006089578,0.3784287114129854,1.0,0.1762899025796931,0,0,1,0,0,0,0,0,0,0,0,0,1,0,0
3005,0.6057928495638629,2,-0.2320515398214312,-0.0681632094345323,-0.1477551858482015,-0.1970069144642687,0.0,-0.0409166001866799,-0.4259831041658946,0.7955103716964032,0.0611931055151079,0,0,0,0,0,1,1,0,0,1,0,0,0,0,1
3006,-0.2535918840372123,1,0.0924228100516059,0.3851652753758119,1.5203305507516238,1.6666666666666667,1.0813222030064955,1.336541975149641,1.7645636515385088,1.9186777969935045,1.051900860613386,0,0,0,0,0,0,0,0,0,0,0,0,1,0,0
3007,-0.3849670437766747,0,1.2422977502777588,0.1835619117881718,1.099847614363441,1.133130152484588,1.0,1.2325072931802623,0.7650587850055941,2.0,-0.700046887888172,0,0,0,0,0,0,0,0,0,0,0,1,0,0,1
3008,-0.2985962086673946,0,-0.4674605638250594,-0.1913019348591396,-0.0147811609154837,-0.0197082145539783,0.0,0.1773746788642344,-0.018137208157888,0.0,-0.3213364562296773,0,0,0,0,0,1,1,0,0,0,0,0,0,0,1
3009,0.0954044865821397,2,-0.4960134541070378,1.1026342635734356,-0.4567097209279693,-0.6089462945706258,0.0,-0.5288926308816653,-0.60500501943224,0.0,0.3779553416812261,0,0,0,0,0,1,0,1,0,0,0,0,0,0,0
3010,0.3715955465828683,2,-0.7192661561062204,-0.3888761867920455,-0.5,-0.6666666666666666,0.0,-0.6057083681168304,-0.6488146655149246,0.0,-0.8204659204629374,1,0,0,0,1,0,0,0,0,0,0,1,0,0,0
3011,-0.3358290657744325,2,0.0144873918089583,1.674493790662512,-0.25,-0.3333333333333333,0.0,-0.2190441520138963,-0.3620292100684121,0.0,-0.7914302014119904,1,0,0,0,1,0,0,0,0,1,0,0,0,0,1
3012,0.1549433328907919,1,0.1554883683302151,1.244284874784261,0.6742868336209853,0.899049111494647,0.0,1.1231842285661295,0.7902078398928842,1.0,0.3076923076923077,0,1,0,0,0,1,0,0,0,0,0,1,1,0,0
3013,-0.7569778888274765,1,0.7261282750638961,-0.3882739537702337,0.0,0.0,0.0,0.1347565271896363,0.1532399183144968,0.0,-0.2368956709708771,0,0,1,0,0,0,0,0,0,0,0,0,0,0,1
3014,-0.1472261709140336,1,-0.3671173887656471,0.6502064134454392,1.9475230386547293,2.596697384872973,0.0,2.247564893547829,1.696880519946834,0.0,0.7692307692307693,0,0,0,0,0,1,0,0,0,0,0,0,1,0,0
3015,-0.6888544285426956,0,1.1315382678841743,2.083333333333333,0.0795278884045298,0.1060371845393731,0.0,0.530080558185171,0.1793799727367478,0.0,-0.4510597609818277,0,0,1,0,0,0,0,0,0,1,0,0,0,0,1
3016,0.2129871275759514,2,-0.6806057547484823,0.5863296102860064,0.0667806662361772,0.089040888314903,0.0,0.0106407667710713,0.0679185363591763,0.8664386675276454,0.2847732301731686,0,0,0,1,0,1,0,0,0,0,1,0,1,0,0
3017,-0.7961600838899339,1,0.3150880986693293,-0.2491671171698285,0.25,0.3333333333333333,0.0,0.804869296203784,0.0487046722811813,0.0,-0.4238457379970813,0,0,1,0,0,0,0,1,0,1,0,0,0,0,1
3018,-0.6941752020119789,0,0.708737438072736,-0.2178395890191602,-0.25,-0.3333333333333333,0.0,-0.2055051101778022,-0.2199678567605177,0.0,-0.481702985621374,0,0,0,0,0,1,0,0,1,0,0,0,0,0,1
3019,0.8813161406367459,1,-0.823303924773381,0.4015863841188249,-0.25,-0.3333333333333333,0.0,-0.0898449942734691,-0.5518698554251927,0.0,-0.2690499480060599,0,0,0,0,0,1,1,0,0,0,0,0,0,0,1
3020,-0.6744528020627825,0,-0.237630193943046,0.576885734078227,0.0,0.0,0.0,-0.1123339424773553,-0.196505821065856,0.0,-0.2632791391491326,1,0,0,0,1,0,0,1,0,0,0,0,0,0,1
3021,0.1615463826701249,0,-0.3397079916405922,-0.4962043200976042,-0.0272774079414374,-0.0363698772552499,0.0,-0.0749269402806007,-0.1804263461955595,1.0,0.9664278056105384,0,0,0,0,0,1,0,0,0,0,0,0,1,0,0
3022,0.9096350633766044,1,-0.1793782297193396,1.966837215930572,0.0,-0.4498294507360947,1.3494883522082843,-0.415014499692005,-0.3579676688865755,0.0,-0.9652665428172964,0,0,0,0,0,1,0,0,0,0,0,0,0,0,1
3023,-0.5043570084229976,2,-0.0713861079942364,-0.2746310494722795,0.0,0.0,0.0,0.0278982036190398,-0.3578703332003792,0.2348091354442153,-0.4705695821324698,0,0,1,0,0,0,1,0,0,1,0,0,0,0,1
3024,0.2822251170825842,2,-0.2357749376928938,-0.2545040821070226,0.25,0.3333333333333333,0.0,0.2270465546734492,-0.0041838204772318,0.0,-1.016891209557498,1,0,0,0,1,0,0,0,0,0,0,0,0,0,1
3025,0.1248965620904634,1,-0.1999147750183295,1.6853720787084914,3.5477154330149845,4.584229795215983,0.4381723464119876,3.971524398265669,4.089238789213143,5.0,0.0860212719907787,0,0,0,0,0,1,1,0,0,0,0,0,0,1,0
3026,0.4301343155745641,1,1.4788749658111344,-0.0997707250685926,1.024656087602889,1.0328747834705183,1.0,1.4213933153926055,1.3075680337587647,1.0986243504115558,0.6126495631291281,0,0,1,0,0,0,0,0,1,0,0,0,0,0,0
3027,0.7859890130718414,0,0.8332438218094782,0.8708758513071644,0.7805272102396681,0.7073696136528909,1.0,1.0642211556557273,0.8089382742497084,2.877891159041328,1.3414573522708204,0,0,1,0,0,0,0,1,0,0,0,0,1,0,0
3028,-0.8236162083143463,0,0.0359370675386632,-0.2215498215318916,0.5,0.5609347610782004,0.3171957167653986,0.4110548033412584,0.487283226807407,1.6828042832346015,-0.5703093397056159,1,0,0,0,1,0,0,0,0,1,0,0,0,0,1
3029,0.3827386540124834,0,-0.0482997695376843,0.5026700253434291,0.4672251563851427,0.6229668751801902,0.0,0.3179892206581171,0.4351481183541126,1.0,-0.3562384134199561,0,0,0,0,0,1,0,0,1,0,0,1,0,0,1
3030,0.2787944421629441,2,0.1253184351018704,0.3130602099014387,-0.25,-0.3333333333333333,0.0,-0.3632017048434061,-0.4394603223785758,0.0,-0.067359403990902,0,0,0,0,0,1,0,0,0,0,1,0,0,0,1
3031,0.48437455958156,0,-0.7894736842105263,-0.4368477655333918,-0.5,-0.6666666666666666,0.0,-0.6057083681168304,-0.6488146655149246,0.0,0.5991641590766531,0,0,0,0,0,1,0,0,0,0,0,0,0,0,0
3032,-0.0836188633170388,1,1.3555066687383177,0.0621144411643304,0.75,1.0,0.0,1.0763522165119872,0.4372246407794172,1.0,-0.1275636977577278,0,0,1,0,0,0,0,1,0,0,0,0,0,0,0
3033,0.5028569839124533,0,1.5090325669534168,0.4826033697519324,-0.5,-0.6666666666666666,0.0,-0.6057083681168304,-0.6488146655149246,0.0,-0.3031211334323825,0,0,1,0,0,0,0,0,0,0,0,0,0,0,0
3034,0.2560093280798232,2,-0.2436951972804812,0.0262586978470476,-0.25,-0.5434029161097147,0.6302087483291442,-0.4085532290049968,-0.4139151803727924,0.3697912516708558,-0.1169873071781982,0,0,0,0,0,1,1,0,0,1,0,0,0,0,1
3035,0.0451387926519382,1,-0.1630693713151023,-0.133193171248912,3.3475420486253262,4.130056064833768,1.0,4.480565452631738,3.904761031704591,1.6098318054986946,-0.0094536591333601,0,0,0,0,0,0,0,0,0,0,0,0,0,1,0
3036,-0.1803967993094375,1,0.8917932890231164,-0.3250904916319564,0.5,0.5211463091161529,0.4365610726515412,0.1268623672528304,0.5006697183814888,0.4365610726515412,-0.4273790391200606,0,0,0,0,0,1,1,0,0,0,1,0,0,0,1
3037,0.2182355438746474,2,0.651601037064884,-0.1960956484788319,0.6548950739418006,0.5398600985890674,1.0,0.477582004781227,0.4131779589157149,1.0,-0.3494890487586447,0,0,0,0,0,1,0,0,0,0,1,0,0,0,1
3038,-0.6079231197459266,1,0.3022367688556517,0.3857292246559423,-0.1128750695871308,-0.150500092782841,0.0,-0.1219162983942507,-0.1177412944309913,0.0,-0.4341348830274262,0,0,0,0,0,1,0,0,1,0,0,0,0,0,1
3039,-0.1275250538326969,1,-0.2280644223538426,0.4729498604081626,1.6008786312536447,2.134504841671526,0.0,1.9759730499437904,1.943311411575476,1.4035145250145784,-0.5094495701995969,0,0,0,0,0,0,1,0,0,0,1,0,0,0,1
3040,0.4930695469026275,1,0.1720531465301276,1.4621405740412894,-0.3864217221238684,-0.5152289628318245,0.0,-0.3769027411758505,-0.5786989650351013,0.0,-0.1923076923076923,0,1,0,0,0,1,0,0,0,0,0,0,0,0,0
3041,-0.8974330137789848,0,1.1461817308297697,0.7361048631878004,0.3611048631878004,0.4814731509170671,0.0,0.58885030981813,0.3122337930370619,0.0,-0.2649639934900611,0,0,1,0,0,0,0,0,0,0,0,0,0,0,1
3042,-0.7234357022460989,0,0.5766315173084847,0.0024445095077106,-0.25,-0.3333333333333333,0.0,-0.4386674227950622,-0.4735696915920989,0.0146670570462638,0.1555385065822612,0,0,1,0,0,0,0,0,1,0,0,0,1,0,0
3043,-0.8528509005923962,1,-0.3249538639685422,1.35965842500479,-0.25,-0.3333333333333333,0.0,-0.3112245874425717,-0.4661809190415386,0.0,0.4915821573916879,1,0,0,0,1,0,1,0,0,0,0,0,1,0,0
3044,-0.2688205265055262,0,-0.7445848296542149,-0.4793888814761732,-0.0421110962856799,-0.0561481283809065,0.0,0.0082983718668257,0.0271838653002075,0.0,-0.64088889345056,1,0,0,0,1,0,0,0,0,1,0,0,0,0,1
3045,-0.6648135360728608,1,0.0940589555402132,-0.3393560077632026,0.4106439922367974,0.3333333333333333,0.6425759689471896,0.1456383404659182,0.6652460137046183,1.3574240310528105,-0.2389569171052288,1,0,0,0,1,0,0,0,0,0,0,0,0,0,1
3046,0.4117528928578097,1,-0.1345297877651155,1.6403824753783285,-0.5,-0.6666666666666666,0.0,-0.6057083681168304,-0.6488146655149246,0.0,-0.3496594778965876,0,1,0,0,0,1,0,0,0,0,0,0,0,0,0
3047,-0.3462908643479204,2,0.552655016270039,0.1874443363586573,0.5,0.1668151030435805,1.4995546908692583,0.3742430397698911,0.3980931773223491,0.0,-0.5388040839467243,0,0,0,0,0,1,0,0,0,0,1,0,0,0,1
3048,-0.652538473645274,1,0.7841339321329898,0.3177954581224673,3.7288181675101306,4.333333333333333,1.9152726700405236,4.407312063602907,4.379515673748871,1.4576363350202617,0.4361118969168425,0,0,0,0,0,0,0,1,0,0,0,0,0,1,0
3049,0.7345016492564622,1,-0.0883842191934801,-0.1391520867640859,-0.5,-0.6666666666666666,0.0,-0.6057083681168304,-0.6488146655149246,0.0,-0.9230769230769232,1,0,0,0,1,0,0,0,0,0,0,0,0,0,0
3050,-0.5389682960709025,1,0.663754239711037,-0.4334102143055733,0.25,0.0,1.0,0.022902140901139,0.107441297181058,0.0,1.4679233975565729,0,0,0,0,0,1,0,0,0,0,0,0,1,0,0
3051,0.083520268003733,0,0.2270469540848294,0.604702456774693,0.0,0.0,0.0,0.0141157316189548,0.008999897016427,0.0,-0.4934028089193438,1,0,0,0,1,0,0,0,0,1,0,0,0,0,1
3052,-0.3612587706336235,1,1.3121667662316878,0.2704112372268045,0.7965584279201035,1.0,0.1862337116804135,1.0814061305264553,0.5351845524857552,1.1862337116804136,0.3374325023881854,0,0,1,0,0,0,0,1,0,0,0,1,1,0,0
3053,0.1972558948163903,0,-0.697752975286963,-0.4909234715127724,-0.25,-0.3333333333333333,0.0,-0.3700288687143545,-0.2622553684109286,0.0,0.2768500677043863,1,0,0,0,1,0,0,0,0,0,0,0,1,0,0
3054,0.6030475452640136,0,0.5901104067556665,0.4326612373134631,1.638256108022354,2.1843414773631387,0.0,2.0969706266586945,0.9340058673992618,1.8510081440298047,0.2094990603042532,0,1,0,0,0,1,1,0,0,0,0,0,1,0,0
3055,0.1918575270684436,0,-0.2407378549314024,0.1055198310574663,2.63165594931724,3.17554126575632,1.0,2.3808144417158736,3.0038608790662886,2.52662379726896,0.2453302042259871,0,0,0,0,0,1,1,0,0,0,0,1,0,1,0
3056,0.8082969755695387,1,0.1465985826746323,-0.1256550568670003,-0.0615174146994995,-0.0820232195993327,0.0,0.1518409210881421,-0.2854939648486934,1.0,-0.0680635271542311,0,0,0,0,0,1,1,0,0,0,0,0,0,0,1
3057,-0.4503746432549834,0,-0.2208969039755299,2.083333333333333,-0.3691738687602898,-0.4922318250137197,0.0,-0.557598835848574,-0.4730237223000342,0.0,0.194100348073757,1,0,0,0,1,0,0,1,0,0,0,0,0,0,0
3058,-0.5942581571398018,0,-0.2757601438563972,0.3890841067500771,1.0528173380908248,1.2723013428483163,0.3943653238183502,1.1647152174449178,0.9470460052586968,1.6056346761816498,0.5736723022028943,0,0,0,1,0,1,0,0,1,0,0,0,1,0,0
3059,-0.5304087621110483,1,0.2082338619613164,0.1584309602615911,0.5,0.1831380794768177,1.4505857615695468,0.5171442327696724,0.2824268151166675,0.5494142384304533,-0.1538461538461538,0,0,0,0,0,1,1,0,0,0,1,0,0,0,1
3060,0.7891825270455793,1,-1.105263157894737,0.5964837483811551,-0.3132810709660443,-0.4177080946213924,0.0,-0.4128196030733517,-0.6092450911501128,0.0,-0.5681488456557401,0,0,0,0,0,1,0,1,0,0,1,0,0,0,0
3061,0.4396531466999442,1,-0.1202373206789855,0.3448363643002419,-0.25,-0.3333333333333333,0.0,-0.2906862511472717,-0.3641277176068697,0.0,-0.6538461538461539,0,0,0,0,0,1,1,0,0,0,1,0,0,0,1
3062,-0.2279491701113836,2,1.5263157894736843,0.654280089383555,3.228765867514665,3.812099200847999,1.4787658675146655,3.645510726923968,2.662968962978025,3.436297602543997,-0.6219181946108722,0,1,0,0,0,1,1,0,0,1,0,0,0,1,0
3063,0.4802496975600456,0,-0.932127701301672,0.4473934188170581,-0.2055983547042645,-0.3333333333333333,0.1776065811829419,-0.3212130241467708,-0.180512023028166,1.0,-0.5351941781843206,0,0,0,1,0,1,0,0,0,0,0,0,0,0,0
3064,0.7686140522782218,1,-0.1886932920646421,0.988225517340832,3.392284477115492,4.379425272307978,0.4308620915380333,4.29970971423121,3.0797153952978333,2.5691379084619665,-0.2532758672780077,0,0,0,0,0,0,0,0,0,0,0,0,0,1,0
3065,0.6634175897171395,1,0.5080300717135812,0.2844285700532925,1.6983571449200612,1.264476193226748,3.0,0.9267082852222028,1.2879162526738228,2.0,-0.2732032965446107,0,0,0,0,0,1,0,0,0,0,0,0,0,1,0
3066,-0.0934522245984111,1,0.9886359458214108,0.369059977495403,1.25,1.6666666666666667,0.0,2.680524959021409,0.3304936278917925,0.928719729944836,-0.3544583472843537,0,0,0,0,0,0,0,0,1,0,0,1,0,0,1
3067,0.6697346558140678,1,0.7918599984192997,1.4468933133111284,0.75,0.6666666666666666,1.0,0.734031323413198,0.6630861703150013,0.0,0.9947684650038432,0,0,0,0,0,1,0,0,0,0,1,0,1,0,0
3068,0.2733754718122256,2,-0.4592912943601714,0.0902376308349531,-0.5,-0.6666666666666666,0.0,-0.6057083681168304,-0.6488146655149246,0.0,1.0105179002752591,0,0,0,0,0,1,0,0,0,0,0,0,0,0,0
3069,0.0254046754830937,0,1.3958051597762535,0.1883457514895342,1.25,1.4600248363124018,0.6199254910627947,1.31655539292488,1.1603280180568445,0.6199254910627947,-0.486090800130057,0,1,0,0,0,1,0,0,1,0,0,0,0,0,1
3070,-0.6608817215168179,2,1.0756313870817156,0.7447496962127163,0.0492885316432193,0.0657180421909591,0.0,0.1306157364885057,0.1722181098430165,1.0,0.6078017643625817,0,1,0,0,0,1,1,0,0,0,0,1,1,0,0
3071,-0.3269383656402461,0,-0.1918798628365684,-0.5017347308797,0.1197958073608999,0.1597277431478666,0.0,-0.0168313700930638,-0.0205434232067376,1.0,0.7972686336969385,0,0,0,0,0,1,0,1,0,0,0,1,1,0,0
3072,-0.2627942331110844,2,0.1593267570564997,-0.1376413274783034,2.1527208384073493,2.472108343481365,1.194558323185301,1.567950915333338,2.1394492856263807,0.1945583231853009,0.7072737171681001,1,0,0,0,1,0,1,0,0,0,0,0,1,0,0
3073,-0.5833204464516593,1,0.1663316077431421,-0.4721943006452618,1.6252512941926434,1.5003350589235245,2.0,1.6998436063269888,1.0114951487717363,1.0,-1.0127947390571648,0,0,0,0,0,1,0,0,0,0,0,0,0,0,1
3074,0.8732350209414556,1,-0.7368421052631579,-0.226826424303468,-0.1543379393532435,-0.205783919137658,0.0,-0.1250844858455755,-0.15474679663657,0.0,-0.2117315432299784,0,0,0,1,0,1,0,0,0,1,0,0,0,0,1
3075,0.805916559647555,0,0.3757109656574057,1.4339802101030052,0.5115423622908923,0.3487231497211898,1.0,0.5486180709860659,0.4725375587818011,0.5230847245817847,-0.4390586554796971,0,0,1,0,0,0,0,0,1,0,0,0,0,0,1
3076,-0.0769230769230769,0,-0.4394989564765635,-0.1086819754839163,-0.25,-0.3333333333333333,0.0,-0.2715255900699722,-0.4971191345089151,0.0,-0.5253772281068506,1,0,0,0,1,0,0,0,0,0,0,0,0,0,1
3077,-0.4816047471485298,1,-0.7064402492351614,0.3996715645183243,0.25,-0.0234647075260036,1.0703941225780107,0.1790575635829264,0.1551369404335659,1.0,0.1256574694770844,1,0,0,0,1,0,0,0,0,0,0,0,0,0,0
3078,0.0781612923011075,0,1.5263157894736843,0.5994634400028533,2.5,2.8225799288869866,1.5322602133390402,3.231425867807682,2.2152193942665868,0.4677397866609598,0.3963989271713659,0,0,1,0,0,0,0,1,0,0,0,0,0,1,0
3079,0.2520044881698604,2,-0.3157894736842105,0.0162605244121156,3.6047669866843006,3.612711964491468,3.580932053262797,3.010029612315664,4.290920363072974,1.4190679467372025,-0.3175847630850618,0,0,0,0,0,0,0,0,0,0,0,0,0,1,0
3080,0.0063516311159325,0,-1.0675257519347614,2.060926748544598,-0.5,-0.6666666666666666,0.0,-0.6057083681168304,-0.6488146655149246,0.0,-0.5148740728927323,0,0,0,0,0,1,0,0,0,0,0,0,0,0,0
3081,-0.0986434010839515,0,-0.570899612751269,0.2308865802842639,-0.1088178929543147,-0.1450905239390863,0.0,-0.1585030245357688,-0.3277481725310466,0.0,-0.6086016208043732,1,0,0,0,1,0,0,0,0,0,0,0,0,0,1
3082,-0.1230842148612187,0,-0.6210675989256595,0.8251105920618178,-0.4000236982989609,-0.5333649310652813,0.0,-0.4674384372615051,-0.6256317549755532,0.0,-0.9154502414432764,1,0,0,0,1,0,0,0,0,0,0,0,0,0,0
3083,-0.3765587364601235,0,0.1897015293296758,-0.0513644838905921,-0.0058186903343552,-0.0155165075582807,0.0232747613374211,-0.0199345950005448,-0.2887702580495208,0.0,-0.7191318501005202,0,0,0,1,0,1,0,1,0,0,0,1,0,0,1
3084,-0.7760317686309361,1,-0.0930663075812314,1.1737826770637736,0.0,0.0,0.0,-0.0789542287472024,-0.1007720631839306,0.0,0.0722341610441509,1,0,0,0,1,0,0,1,0,0,0,0,0,0,1
3085,0.0138344864714574,0,-0.8421052631578947,-0.4583333333333333,-0.1306202601290295,-0.1741603468387061,0.0,-0.2203370269220764,-0.2215001827023393,0.0,-0.7342278523870951,1,0,0,0,1,0,0,0,0,1,0,0,0,0,1
3086,0.8235509331686351,2,0.0453978199581664,0.0011848972185559,-0.25,-0.3333333333333333,0.0,-0.4605349294188104,-0.2531976358441908,0.0,0.3118847649057498,0,0,0,0,0,1,0,0,0,0,0,0,1,0,0
3087,-0.58712530232595,0,-0.0591933501976466,1.0254195202404173,0.2148539483201473,0.2864719310935297,0.0,0.4974459469988735,0.1463647697096303,0.8594157932805891,-0.0432566789905879,0,1,0,0,0,1,0,0,1,0,0,1,0,0,1
3088,-0.8153088407236997,0,0.7998387018913843,1.8914568831146876,0.0,0.0,0.0,0.0518663998533608,-0.0206187721088906,0.7997810954240216,-0.3769567545501505,0,1,0,0,0,1,0,0,0,0,0,1,0,0,1
3089,0.9189418931837616,1,-0.7368421052631579,-0.1525527569097207,-0.2038537176157417,-0.271804956820989,0.0,-0.2038635119274046,-0.1577123255391325,0.0,-0.0822287385434446,0,0,0,1,0,1,0,0,0,1,0,0,0,0,1
3090,-0.0560254049752415,0,-0.1699121191935863,1.9972104989774095,0.25,0.3333333333333333,0.0,0.2657079197737202,0.0507182901406696,0.2952782892203101,-0.2465170546753607,1,0,0,0,1,0,0,0,0,0,0,0,0,0,1
3091,0.8223162220939813,2,-0.0874501274265568,1.4166666666666667,0.5516481854630406,0.6666666666666666,0.2065927418521627,0.5936620877863281,0.3146050174740449,0.0,0.9084530086752496,0,0,0,0,0,1,0,0,0,0,1,0,1,0,0
3092,0.687979279382134,2,0.3235639755013633,-0.1913345914534864,0.0,0.0,0.0,-0.0751721315262175,0.1608798021646768,0.0,0.4045450933700278,0,1,0,0,0,1,0,0,1,0,1,0,1,0,0
3093,0.4182536380197053,0,-0.8111177660075323,-0.5524905167725999,-0.5,-0.6666666666666666,0.0,-0.6057083681168304,-0.6488146655149246,0.0,-0.0547795163153708,0,0,0,0,0,1,0,0,0,0,1,0,0,0,0
3094,-0.2910025978201421,1,1.4369415946955029,-0.4772014770342428,6.6132088622054575,7.48427848294061,4.0,8.754139757462037,7.358764262462293,5.726417724410915,0.529754951545458,0,0,0,0,0,0,0,0,0,0,0,0,0,1,0
3095,0.1906703303255479,2,-0.3821640467243671,0.3424393948428009,-0.5,-0.6666666666666666,0.0,-0.6057083681168304,-0.6488146655149246,0.0,1.020012986000377,0,0,0,0,0,1,0,0,0,0,1,0,0,0,0
3096,-0.5222295170808746,2,0.2493160750517303,-0.0164048369836259,-0.25,-0.3333333333333333,0.0,-0.3396795546241138,-0.5175704318423845,0.0,-0.0840096675575276,0,0,0,0,0,1,0,0,0,0,1,0,0,0,1
3097,-0.8035151340991438,0,-0.4996862490607131,0.225883326075416,0.0,0.0,0.0,-0.1027700274201561,-0.1470716043543665,0.3735096830383876,-0.4759042185783995,0,0,0,1,0,1,0,1,0,0,0,0,0,0,1
3098,-0.2712691687810601,1,-0.1303676576193715,1.1950837362564428,-0.5,-0.6666666666666666,0.0,-0.6057083681168304,-0.6488146655149246,0.0,-0.5282695407100841,0,0,0,0,0,0,0,0,0,1,0,0,0,0,0
3099,-0.2303561884730395,1,-0.1229954228017714,-0.2823079712990651,2.25,2.6666666666666665,1.0,2.616026414980309,2.14021951710444,1.887695655588781,1.34408863467289,0,1,0,0,0,1,0,1,0,0,0,0,0,0,0
3100,-0.1557344723867179,0,-0.6833945216279003,1.29242033766312,-0.4993539962887544,-0.6658053283850058,0.0,-0.6050344648655949,-0.6481817443243694,0.0,-1.1885310552265642,1,0,0,0,1,0,1,0,0,0,1,0,0,0,0
3101,-0.1538461538461538,0,0.9237863591143785,1.2326863922756033,-0.1594963014483244,-0.2126617352644325,0.0,-0.2094357770201949,-0.3805344564255083,0.3620147942067023,0.834853550949505,0,0,0,0,0,1,0,0,0,1,0,0,1,0,0
3102,-0.196976975487302,2,-0.0797460615965121,0.3308041382777114,0.2424124148331342,0.3232165531108456,0.0,0.3116954993206886,0.0744174607330857,0.0,-0.0699191521536623,0,1,0,0,0,1,0,0,1,0,1,0,0,0,0
3103,0.2416922538999648,0,-0.2220728575068715,-0.4647820826609179,1.6564614308768528,1.208615241169137,3.0,1.0533750615206603,2.016032177569401,0.5935385691231472,0.3017396160053065,0,0,0,1,0,1,0,0,0,0,0,0,0,1,0
3104,0.6538461538461539,0,0.6424345341904991,-0.5489573083967527,0.3531280748097418,0.1375040997463225,1.0,0.0768341028867745,0.244889144904427,0.7937438503805163,0.7673133688795234,0,0,0,0,0,1,0,1,0,1,0,0,1,0,0
3105,-0.0656456989674723,1,1.0154322014129329,0.1055808694071416,1.25,1.45113136219238,0.6466059134228601,1.9490034488419563,0.7961542764395007,1.64660591342286,-0.5587015920753854,0,0,1,0,0,0,0,0,1,0,0,1,0,0,1
3106,0.2162154477850252,2,-0.6065431751832701,1.908559890505956,-0.0436933607068442,-0.3333333333333333,0.8252265571726228,-0.2679784846648799,-0.407637857941844,0.1747734428273771,-0.5623692939388715,0,0,0,1,0,1,0,0,0,0,0,0,0,0,1
3107,0.1197623018121231,0,-0.6945335476024738,-0.2745171755558751,-0.25,-0.3333333333333333,0.0,-0.3389828233957075,-0.3780745845355178,0.0,-0.0328722255038999,1,0,0,0,1,0,0,0,0,0,0,0,0,0,0
3108,-0.4638042710722154,0,0.0935044401179412,0.51176361190153,2.75,3.30196370159592,1.0941088952122398,2.259804393541552,3.036716817030395,2.90589110478776,0.7448058051560495,0,0,0,0,0,1,0,0,0,0,0,1,0,1,0
3109,0.1477093229994834,1,1.51420761580272,0.397882104323966,1.0,1.0,1.0,1.6735085353699044,1.2153427781690458,1.769944700251679,1.1661198155394947,0,0,1,0,0,0,0,0,0,0,0,0,1,0,0
3110,-0.2779441627594949,2,-0.4677224149540297,0.0609512493718413,-0.1108407355158206,-0.1477876473544275,0.0,-0.0470616049064943,-0.3188637257820282,0.0,0.3120490044566705,0,0,0,0,0,1,1,0,0,1,0,0,1,0,0
3111,0.7513026918021397,0,0.0684634200149184,-0.1337702089722955,0.6860887505476819,0.6666666666666666,0.7443550021907277,0.9280847999425754,0.2527937654653529,1.0,0.2299007695678042,0,0,0,0,0,1,0,0,1,0,0,0,1,0,0
3112,0.2127272125969971,0,0.0098756309995384,1.5290808124235502,-0.3255151254586987,-0.6666666666666666,0.697939498165205,-0.5702777958092248,-0.5791479913531228,0.0,0.1298182299224022,0,1,0,0,0,1,0,0,0,0,0,0,0,0,0
3113,0.5590801486472589,1,1.2566470277316084,-0.4828176086779463,0.3840209662071827,0.5120279549429103,0.0,0.7575162257262011,0.3461322947375468,1.0,-0.0420306429181901,0,0,1,0,0,0,0,0,0,0,0,0,0,0,1
3114,0.823257578592734,1,0.1926614919828914,-0.1418623768087951,-0.0372064347868072,-0.049608579715743,0.0,0.1960683924963095,-0.2488326618073054,1.0,-0.0867642809332251,0,0,0,0,0,1,1,0,0,0,0,0,0,0,1
3115,0.2456027448014138,0,-0.8932343148850692,1.645232892707486,0.8321438326173464,0.7761917768231286,1.0,0.6065824626739178,0.805941919603071,1.0,-0.8384573364175848,0,0,0,1,0,1,0,0,0,0,0,1,0,0,1
3116,-0.5457873086242907,1,0.0075168497573341,0.4464262590868343,-0.2023824939421104,-0.3333333333333333,0.1904700242315582,-0.3851346983283954,-0.4728568314974294,0.0,-0.5402892456809589,0,0,0,0,0,1,0,0,0,0,0,1,0,0,1
3117,-0.1230720624001873,2,0.4421085888840823,1.5555599436664975,-0.5,-0.6666666666666666,0.0,-0.6057083681168304,-0.6488146655149246,0.0,-0.6679458825539555,0,0,1,0,0,0,0,0,0,0,0,0,0,0,0
3118,0.7326126067576425,1,-0.7368421052631579,1.1332346559856523,-0.25,-0.3333333333333333,0.0,-0.4391365457820209,-0.3637524035320947,0.8502960320430423,-1.032703693540117,0,0,0,1,0,1,0,0,0,0,0,0,0,0,1
3119,-0.7378652570684724,1,0.5726461018649205,0.2436620677427751,0.1440137967716745,0.192018395695566,0.0,0.2176599216746769,0.2466868994300795,0.0,-0.3323395310115565,0,0,0,0,0,1,0,0,1,1,0,0,0,0,1
3120,0.1420781691670336,2,-0.5795373994330887,-0.3813743250345234,-0.4235080995857186,-0.5646774661142915,0.0,-0.5039595022439347,-0.6150434070538733,0.0,-0.580943014364846,1,0,0,0,1,0,0,0,0,0,0,1,0,0,0
3121,-0.2058598403084557,0,-0.3653651261881157,0.5955955518997519,2.75,3.078411861600661,1.764764415198015,2.05136420720252,2.866783947008085,2.235235584801985,0.022561399017522,0,0,0,0,0,1,0,0,0,0,0,1,0,1,0
3122,-0.4550140482648178,1,-0.6773294539290028,-0.4022375781976974,0.25,0.0435801251163158,0.8692596246510526,-0.126183423180773,0.3852802063338589,0.0,0.3514526541682592,0,0,0,0,0,1,0,0,1,0,0,0,1,0,0
3123,-0.4776413806499825,1,0.2802787585474639,0.0016318089901706,0.0135540171834089,0.0180720229112119,0.0,-0.1722432837569073,-0.2358656751405672,0.0,-0.6055373965115909,0,0,0,0,0,1,0,0,0,0,0,1,0,0,1
3124,0.2719506232186662,2,0.1674619517587395,0.3872015817977826,-0.25,-0.3333333333333333,0.0,-0.3329475311709111,-0.4615255461021753,0.0,-0.0742032229351799,0,0,0,0,0,1,0,0,0,0,1,0,0,0,1
3125,-0.5440332521675249,2,0.2707823450713498,0.2961570905775474,0.5446114913069431,0.726148655075924,0.0,0.4284618901173819,0.7267190577305118,0.0,0.3571621591957273,0,0,0,0,0,1,1,0,0,0,0,0,1,0,0
3126,-0.1875877745966169,2,-0.0361962217869054,-0.1301132441869983,0.0,0.0,0.0,-0.1042727101347428,-0.4996158349095983,0.0,0.699598227906186,1,0,0,0,1,0,0,0,0,0,0,0,1,0,0
3127,0.0445396404837323,2,0.4335287357297663,2.073739742982172,0.0,0.0,0.0,-0.1899900163173964,-0.1072620632383026,0.0,-0.597934902830075,0,1,0,0,0,1,0,0,0,0,0,0,0,0,1
3128,0.1268837935498008,1,-0.9207808001677238,1.7315290353487924,-0.3015465411296066,-0.4020620548394754,0.0,-0.25356582995872,-0.4479802984615195,0.0,0.2351305267977703,0,1,0,0,0,1,0,0,0,0,0,0,0,0,0
3129,-0.2572669600160275,0,0.4083797824378632,0.0962941266493034,-0.25,-0.3333333333333333,0.0,-0.2844069259016672,-0.439395871817679,0.0,0.5663107082064638,0,0,0,0,0,1,0,0,0,0,0,0,1,0,0
3130,0.2773414768799991,0,1.296472346843308,0.3035174682595239,-0.5,-0.6666666666666666,0.0,-0.6057083681168304,-0.6488146655149246,0.0,-0.2964044395912094,0,0,1,0,0,0,0,0,0,0,0,1,0,0,0
3131,-0.8036940945408175,0,-0.3877886586305042,0.129331397580781,1.4080038715051046,1.8773384953401395,0.0,1.2871378046546724,1.65206485542724,2.0,0.6378533012401931,0,0,0,0,0,1,0,0,0,0,0,0,1,0,0
3132,-0.8960978704114367,0,-0.2136028744267659,-0.1910227558785641,0.25,0.0,1.0,0.0233045667996239,0.001976895377175,1.058454614108554,0.3394090829874745,0,0,0,1,0,1,0,0,0,0,0,0,1,0,0
3133,-0.6756575990041696,0,0.1806790750469259,-0.2795363319848128,0.0354435983817754,0.0472581311757006,0.0,-0.0556193306629956,-0.1407121033557293,1.0,0.1478102736866278,0,0,0,0,0,0,0,1,0,0,0,0,1,0,0
3134,0.0625884126922835,2,-0.8647882472630721,1.751597193083182,-0.5,-0.6666666666666666,0.0,-0.6057083681168304,-0.6488146655149246,0.0,0.9932161831538606,1,0,0,0,1,0,0,0,0,0,1,0,0,0,0
3135,0.6062157661401535,2,-1.0424161140109798,0.3458164656022298,-0.1492617292239229,-0.5323489722985639,1.0,-0.439891028441681,-0.1642617984731086,0.0,0.9070108269759288,0,0,0,0,0,1,0,0,0,0,1,0,1,0,0
3136,-0.2464126907961157,2,-0.0882021707940724,0.304026459152104,0.162079377456312,0.2161058366084159,0.0,0.2039203846634195,0.0493745866184952,0.0,0.0042344208095581,0,1,0,0,0,1,0,0,1,0,1,0,0,0,0
3137,0.5889462923597817,0,0.4262641456556152,2.083333333333333,0.25,0.0,1.0,-0.1656342944976203,0.2627090717855461,0.4427169667795271,1.23838605903513,0,0,0,0,0,0,0,0,0,0,0,1,1,0,0
3138,0.4782181801300834,0,0.1870636360748827,1.5632439329932328,-0.25,-0.3333333333333333,0.0,-0.326471336803133,-0.4713041566800012,0.0,-0.1802639891791705,0,0,1,0,0,0,0,0,0,0,0,0,0,0,1
3139,-0.4042178066164476,1,0.0923595518954641,2.0531451311917244,0.1377415743006909,0.0918277162004606,0.2754831486013819,0.1434871850675307,0.0922340724765112,0.0,-0.1538461538461538,0,1,0,0,0,1,0,0,0,0,0,0,0,0,1
3140,-0.6147761118551699,1,0.1595601149226928,0.4219403639218608,0.2460447270586044,0.322785938822945,0.0158210917655824,0.0333302813392733,0.2007547584642916,0.9841789082344176,-0.8870493987331665,0,0,0,0,0,1,0,0,1,0,0,1,0,0,1
3141,-0.5584342128842235,0,-0.5263157894736842,0.4544549877628897,-0.0852725061185551,-0.1136966748247401,0.0,-0.1961724200245565,-0.3803769652989927,0.0,-0.3732865431681194,1,0,0,0,1,0,0,0,0,0,0,0,0,0,1
3142,-0.1079673769421581,0,-0.7463838390989878,0.9234983357477536,2.545323235720192,2.7270976476269224,2.0,2.624529985387798,2.3516682247282485,0.1812929428807672,0.6009945714467441,0,0,0,0,0,0,0,0,0,0,0,0,0,1,0
3143,-0.3772945473323121,1,-0.283193870458935,-0.267203235035562,0.0,0.0,0.0,0.0420588867171956,-0.2191035417088463,0.0,-0.4004952938789803,0,0,0,0,0,0,1,0,0,1,0,0,0,0,1
3144,0.885064669164087,2,-0.6670765402900443,-0.1661799417389058,-0.25,-0.3333333333333333,0.0,-0.3295286590263922,-0.229940298592099,0.0,0.0129702743367469,0,0,0,0,0,1,0,1,0,1,0,0,0,0,1
3145,0.3258606168596781,2,0.4488223137709668,1.50950740415476,0.7027623961648369,0.9370165282197828,0.0,0.959572711406852,0.4397393220966862,0.0,-0.1850403686407441,0,0,0,0,0,1,0,0,0,0,1,0,0,0,1
3146,-0.5366770979632478,1,0.4760050240443143,-0.4658742424831275,0.25,0.0,1.0,-0.0459442114393933,0.1275823661305161,0.0,1.3897917833322886,0,0,0,0,0,1,1,0,0,0,0,0,1,0,0
3147,-0.6515545465789641,1,-0.1812442533725018,-0.0623657248739805,0.4337761381908166,0.2450348509210888,1.0,0.1378948379105143,0.6810315209984046,1.0,-0.2058094433704871,1,0,0,0,1,0,0,0,0,0,0,0,0,0,1
3148,-0.9342530644250552,1,0.6502479032881201,-0.3025211213745259,0.0886775406185707,0.118236720824761,0.0,0.2076904469847822,0.1733001796510386,0.6452898375257169,-0.3535535177795595,0,0,0,0,0,1,0,0,1,1,0,0,0,0,1
3149,0.352702119127796,1,1.1186968701865032,0.7890108717847646,0.6489376820472392,0.8652502427296522,0.0,0.830201210737638,0.4983635607035829,0.4042492718110433,-0.570374803949127,0,1,0,0,0,1,1,0,0,1,0,0,0,0,1
3150,-0.015887194401108,1,-0.451943839240589,-0.4663201917386301,2.100296978509746,2.6666666666666665,0.4011879140389827,2.1886180614043824,2.60389755017071,1.401187914038983,0.8244932821234026,0,0,0,0,0,0,0,1,0,1,0,0,1,0,0
3151,-0.0885617197247387,0,-0.3843476164654319,2.083333333333333,-0.0917390198012001,-0.1223186930682668,0.0,-0.2871082304929418,-0.0853100845940419,0.0,-0.0680934242177849,0,0,0,0,0,1,1,0,0,0,1,0,0,0,0
3152,-0.5684294316358748,1,1.0561804029385105,0.292945059346963,3.828219762612148,4.333333333333333,2.312879050448592,4.703202838848941,4.388445503196562,1.656439525224296,0.3749416845463704,0,0,0,0,0,0,0,1,0,0,0,0,0,1,0
3153,0.2154020161095245,1,0.8096233798212817,1.6718961444029024,0.75,0.6666666666666666,1.0,0.7638896767661563,0.826477227042169,0.0,0.9558256673148824,0,0,0,0,0,1,0,0,0,0,1,0,1,0,0
3154,0.0296015286893337,0,1.4564615889767365,-0.2861045542203068,0.7787950317596652,0.7050600423462203,1.0,1.1286835369900978,0.6734751753596574,0.0,0.41189966668869,0,0,1,0,0,0,0,0,1,0,0,0,0,0,0
3155,-0.3209651959226393,0,-0.3842625521858571,2.083333333333333,-0.415931556625711,-0.5545754088342814,0.0,-0.5028004133814037,-0.5745174943285869,0.0,0.0633109071353811,1,0,0,0,1,0,0,1,0,0,0,0,0,0,0
3156,0.2451706394567487,2,0.6489682833613704,-0.1648316982496072,0.6674006540334905,0.5565342053779873,1.0,0.5147885932437661,0.3955484397308852,1.0,-0.3187060823791003,0,0,0,0,0,1,0,0,0,0,1,0,0,0,1
3157,0.4669178158238026,0,-0.7405227160899702,-0.3895690845227987,-0.5,-0.6666666666666666,0.0,-0.6057083681168304,-0.6488146655149246,0.0,0.5669704268165456,0,0,0,0,0,1,0,0,0,0,0,0,0,0,0
3158,0.7999676492638143,1,0.859062468935061,-0.2649929906738264,0.1600420559570415,0.213389407942722,0.0,0.0968438721722292,0.257191941708961,0.0,0.2645636234374874,0,1,0,0,0,1,0,0,0,0,1,0,1,0,0
3159,-0.3311348623270439,1,-0.6413977731841813,0.5338934295625231,0.1822131408749538,0.2429508544999384,0.0,0.0281582289194616,0.1748804448727154,0.0,-0.7281841712498933,1,0,0,0,1,0,0,0,0,0,0,0,0,0,1
3160,0.1582209192246566,0,0.2199842215086542,-0.1681641684055369,6.073361027126376,6.554897358373065,4.628752033386309,6.306837858380554,6.447297610048189,3.4071880083465773,0.0327044637856169,0,0,0,0,0,0,0,0,0,1,0,0,0,1,0
3161,-0.5231784085411165,1,-1.105263157894737,-0.4416391810201143,-0.5,-0.6666666666666666,0.0,-0.6057083681168304,-0.6488146655149246,0.0,0.6815587586313001,0,0,0,0,0,1,0,1,0,0,0,0,0,0,0
3162,0.668652889804772,2,0.0566265149674629,-0.1121869819775848,-0.25,-0.3333333333333333,0.0,-0.4237369749055681,-0.3340884149830559,0.0,-1.0058387526447534,0,0,0,0,0,1,0,1,0,0,0,0,0,0,1
3163,-0.5066371315568663,1,-0.1728575381264128,-0.016500876180215,1.135785338779908,1.1810471183732103,1.0,1.1665267388395248,1.0633012078929789,2.543141355119632,-0.3209665708060404,0,0,0,0,0,1,0,0,0,0,0,0,0,0,1
3164,-0.2344904373772816,0,0.596435475775446,-0.4067208104698446,0.9524187842952332,0.9365583790603108,1.0,1.2099566158891095,0.7977339817014696,1.0,0.0513635354051173,0,0,0,0,0,1,0,1,0,0,0,0,0,0,1
3165,-0.3300495766810744,2,0.6649277826049707,2.0484407494756613,0.4607458431601188,0.6143277908801583,0.0,0.5168366378151747,0.1732838767434026,0.0,1.1762034228349203,0,0,0,0,0,1,0,1,0,0,1,0,1,0,0
3166,-0.8887545339450252,2,0.4722204532691077,-0.3940951215903988,0.0,0.0,0.0,0.183472865938784,-0.1126975620088677,1.0,-0.3326667294000416,0,0,0,0,0,0,0,0,0,1,0,0,0,0,1
3167,-0.6333462733373901,1,1.4592572917732622,-0.2355117394809243,0.5,0.1209814239486639,1.637055728154008,0.5051147273719664,0.6603048122130578,0.637055728154008,-0.3071066915619932,0,0,1,0,0,0,0,0,0,0,0,0,0,0,1
3168,-0.9601478432936176,2,0.6289623893550962,-0.5784371982629453,0.0011298773239357,0.0,0.0045195092957429,0.0996892766192321,0.0201058066080241,0.995480490704257,-0.2349410855037628,0,0,0,0,0,1,0,0,1,1,0,0,0,0,1
3169,0.0508417651082364,0,-0.3223403399149208,-0.2210297805014736,-0.1115880877994105,-0.1487841170658807,0.0,-0.1284330080936142,-0.3166501710509485,0.0,-0.4574117193228955,1,0,0,0,1,0,0,0,0,0,0,0,0,0,1
3170,0.358874421377146,0,0.6842478236008738,-0.097025375439833,0.0832152252638998,0.1109536336851997,0.0,-0.0966252796085541,-0.1260619995760181,0.0,0.2565101940074694,0,0,0,0,0,1,0,0,0,0,0,0,1,0,0
3171,0.0881874961249954,2,0.2649631536526265,-0.103452085012502,0.75,0.6666666666666666,1.0,0.8012184993030446,0.1242230042545009,1.0,-0.4279480805397478,0,0,0,0,0,1,0,0,0,0,0,0,0,0,1
3172,-0.0025080280497392,2,0.2983415309675512,1.2139951968223692,0.0,0.0,0.0,0.0756327904509421,-0.1235954274779608,0.0,-0.7555742470603434,0,1,0,0,0,1,0,0,0,0,0,0,0,0,1
3173,-0.0104480378131327,2,-0.2956135452393753,-0.2436109559924689,3.75,4.0,3.0,3.352049852381536,3.4205497956199227,1.961665735954813,-0.3167932251508234,0,0,0,0,0,1,0,0,0,0,0,0,0,1,0
3174,0.1569107832587794,2,-0.3542147320430491,-0.1660233542292234,0.4325199772044834,0.5766933029393112,0.0,0.7667274181051402,0.2252927344454137,0.0,0.0842399894789923,0,1,0,0,0,1,1,0,0,0,0,0,0,0,0
3175,-0.7540935399499481,2,0.3823428136748706,-0.0314515758308686,2.495162180059152,2.9118288467258187,1.245162180059152,2.397881121591115,2.810962680467597,3.0,0.4483877469663034,0,0,0,0,0,1,0,0,0,0,0,0,0,1,0
3176,0.6612825218160547,2,-0.0693730656475963,-0.2959114604601418,-0.0426194845434793,-0.0568259793913058,0.0,-0.0695000914384778,0.0080351948434981,0.0,-0.2569966058729104,0,0,0,1,0,1,0,0,0,0,0,0,0,0,1
3177,0.5523880226145841,0,-0.4260409752658968,-0.1535541948769514,-0.5,-0.6666666666666666,0.0,-0.6057083681168304,-0.6488146655149246,0.0,0.3201235418872173,0,0,0,0,0,1,0,0,1,0,0,0,0,0,0
3178,0.3865868945356057,2,0.1985846771599002,-0.0627100635770639,0.0,0.0,0.0,-0.0572056887986567,0.1136566039968419,0.0,0.3314802728011725,0,1,0,0,0,1,0,0,1,0,1,0,1,0,0
3179,-0.7639106664158862,0,-0.3402852279843821,0.0759086018292119,1.4554516109752718,1.940602147967029,0.0,1.1819259370673931,1.898563478550806,2.0,0.6774739397738712,0,0,0,0,0,0,0,0,0,0,0,0,1,0,0
3180,-0.4231720522891853,0,-1.1044820969940572,0.2930579313960023,-0.5,-0.6666666666666666,0.0,-0.6057083681168304,-0.6488146655149246,0.0,-0.9987157556344596,0,0,0,1,0,1,0,0,0,0,0,1,0,0,0
3181,-0.6262996515880059,0,1.367972048235129,-0.4955845100636339,7.475639831264941,8.333333333333334,4.902559325059765,9.796314892704226,8.288435275831347,6.097440674940235,0.9990156442077828,0,0,1,0,0,0,0,0,0,1,0,0,0,1,0
3182,0.0151552361065238,2,1.2542698615315122,-0.3364606042759493,0.009381812827848,-0.3208242495628692,1.0,-0.0091034658950663,-0.1588663580823777,0.0187636256556961,0.3062489518726388,0,0,1,0,0,0,0,0,0,0,0,0,1,0,0
3183,-0.07481672412543,0,1.1014173031786465,0.3489346965637955,-0.5,-0.6666666666666666,0.0,-0.6057083681168304,-0.6488146655149246,0.0,-0.5479460117379445,0,0,1,0,0,0,0,0,0,0,0,1,0,0,0
3184,-0.5351012077392324,2,-0.5214072564696717,0.436245619959332,0.6543684299389979,0.872491239918664,0.0,0.6975101732041902,0.7915993953083852,0.0,0.574607298386459,0,0,0,0,0,1,1,0,0,0,0,0,1,0,0
3185,-0.4615384615384615,2,1.2757714738965944,0.1234544569041671,0.6601282484867652,0.8801709979823537,0.0,0.8576846141477453,0.3276828357808375,0.8801709979823537,0.1752991163934385,0,0,1,0,0,0,0,1,0,0,0,0,1,0,0
3186,-0.5245501846458545,1,0.0135975638799917,1.1433000547218222,0.25,0.3333333333333333,0.0,0.6103194641183992,0.1760940629305005,0.9741646286280156,-0.0258353713719844,0,1,0,0,0,1,0,0,1,0,0,0,0,0,1
3187,0.8015303520228233,1,-0.6926426761792945,-0.5358256461883012,-0.25,-0.3333333333333333,0.0,-0.4326517212537044,-0.4810694345578269,0.0,0.4553765058689771,0,0,0,1,0,1,0,0,0,0,0,0,1,0,0
3188,-0.1496545201892433,1,-1.105263157894737,1.9081201500048288,-0.5,-0.6666666666666666,0.0,-0.6057083681168304,-0.6488146655149246,0.0,-0.5465977182700665,0,0,0,0,0,1,0,0,0,0,0,1,0,0,0
3189,0.1570231444962855,1,0.6876945621791918,-0.5513083414671455,0.75,0.6666666666666666,1.0,0.4320348478096026,0.2547937015376851,1.0,-0.5270155047455333,0,0,0,0,0,1,0,1,0,0,1,0,0,0,1
3190,0.7918771528886872,1,-0.3967399844008842,1.7178482592375337,-0.0609141790159666,-0.3333333333333333,0.7563432839361334,-0.3611574076435819,-0.382678315905595,0.0,-0.8283869116775692,0,0,0,1,0,1,0,0,0,0,1,0,0,0,1
3191,-0.5637262735682279,0,-0.0007723858336374,1.3558116860858762,-0.0821103890967406,-0.3333333333333333,0.6715584436130373,-0.4222016616150537,-0.0519753738606799,0.0,0.2565984016774245,1,0,0,0,1,0,0,1,0,0,0,0,1,0,0
3192,0.3675990333183207,0,-0.0880381367804746,1.969949476380757,-0.4767677139051525,-0.6666666666666666,0.0929291443793899,-0.598865826106796,-0.6373267359669206,0.0,1.3013985499774812,0,0,0,0,0,1,0,0,1,0,0,0,0,0,0
3193,0.214248948627723,2,-0.8632283299974148,2.083333333333333,-0.5,-0.6666666666666666,0.0,-0.6057083681168304,-0.6488146655149246,0.0,0.6056268618632741,1,0,0,0,1,0,0,0,0,0,1,0,0,0,0
3194,0.209771470994709,1,-0.2328524222850247,1.94193465886151,0.1060490058538675,0.1413986744718233,0.0,-0.1087458842286562,0.1648484401594991,0.0,0.2785369320828731,0,0,0,0,0,1,1,0,0,0,1,0,1,0,0
3195,-0.2443514646024845,0,-0.1492094248703496,2.083333333333333,0.216171548008385,0.2882287306778467,0.0,0.296174125424576,-0.0628567780621723,0.0,-0.2848439009192068,1,0,0,0,1,0,0,0,0,0,0,0,0,0,1
3196,0.7509085494639184,2,-0.1924068939359762,0.2462634735240536,-0.4021216031649478,-0.5361621375532637,0.0,-0.4771248687610698,-0.4576234636349955,0.0,0.1086715091530528,0,0,0,0,0,1,0,1,0,1,0,0,0,0,0
3197,-0.1401387333934667,1,-0.8399457583724792,0.0473653598504021,0.25,-0.1643871893931724,1.4931615681795174,-0.0635781502326456,0.1069319567139585,1.0,0.4183426241242813,1,0,0,0,1,0,0,0,0,0,0,0,0,0,0
3198,-0.3846153846153846,0,-0.4531810363534366,-0.2518406615119216,-0.2101739948452549,-0.2802319931270065,0.0,-0.1766876172856177,-0.520230674293375,0.0,-1.1834516812051643,0,0,0,1,0,1,0,0,0,0,0,1,0,0,1
3199,-0.925129403992798,0,-0.3811942948973788,0.6610015585239708,0.0,0.0,0.0,-0.1784600903250526,-0.1520433043761933,0.0,-0.4785293550597712,0,0,0,1,0,1,0,1,0,0,0,1,0,0,1
3200,0.1696841669877963,0,-0.4272446857091346,1.11519591429387,-0.5,-0.6666666666666666,0.0,-0.6057083681168304,-0.6488146655149246,0.0,0.2601821318116684,0,0,0,1,0,1,0,0,1,0,0,0,0,0,0
3201,0.554173034589512,1,-0.2967219369230305,1.429913670821321,0.0568393250240246,-0.1817617999359341,0.7726426999039012,-0.1190270057463472,-0.1202318834985176,0.0,-0.325181330776623,0,0,0,1,0,1,0,0,0,0,0,1,0,0,1
3202,-0.0195455563060962,1,-1.0359657370417812,-0.0020852921408968,-0.5,-0.6666666666666666,0.0,-0.6057083681168304,-0.6488146655149246,0.0,-0.7522396721284628,0,0,0,0,0,1,0,0,0,0,0,0,0,0,0
3203,0.6941260078495345,2,-0.5764591471532685,0.1150757937925822,-0.25,-0.3333333333333333,0.0,-0.2819357258546763,-0.4663782388275503,0.0,0.2637065945845296,1,0,0,0,1,0,1,0,0,0,0,0,0,0,0
3204,0.1376966770458103,1,1.1478704976041598,0.1729789683230812,1.0768391157054982,1.435785487607331,0.0,2.2793297205461664,0.3748001323822273,1.0,-0.4512157247286545,0,0,1,0,0,0,0,0,0,0,0,0,0,0,1
3205,-0.7876196409382512,0,-0.9039534044654606,-0.4148425553662109,-0.4402361669506835,-0.5869815559342447,0.0,-0.5585202455227573,-0.5664909749569258,0.0,0.7031859232080078,0,0,0,0,0,1,0,1,0,0,0,0,0,0,0
3206,-0.5037400949044992,1,1.4994881975393843,-0.4346637613640881,2.367706814936226,2.9935171688322013,0.4902757532483018,3.574976427590862,2.2175990549289346,0.9805515064966036,0.2865914910092888,0,0,1,0,0,0,0,0,1,0,0,1,0,1,0
3207,-0.7692307692307693,1,0.2932855276791541,-0.134291551765405,0.0,0.0,0.0,0.2784022532753271,-0.2431510889826141,0.8252861082328968,-0.4529616445242415,0,0,1,0,0,0,1,0,0,1,0,0,0,0,1
3208,-0.2304841716071915,1,-0.0695673036405855,-0.5600247051273768,1.4597776538536094,0.9463702051381458,3.0,0.8807771378105,2.2074751385270126,1.2797035384714792,0.1600342070994447,0,0,0,1,0,1,0,0,0,0,0,0,0,1,0
3209,-0.1486228735948656,1,0.977691042577772,0.3365913460681555,1.2932097356733252,1.7242796475644335,0.0,2.7963612862510336,0.3910105541684332,0.9423870191022332,-0.3513771264051345,0,0,1,0,0,0,0,0,1,0,0,1,0,0,0
3210,-0.8261553823340836,0,-0.3143887677674508,0.3744455539079493,0.031665834569038,0.0,0.1266633382761521,-0.2166324416798233,-0.0032569477879743,0.0,-0.3466656425465084,0,1,0,0,0,1,0,0,1,0,0,0,0,0,1
3211,0.0989821857583983,0,0.3072755678235732,0.0912991226349771,1.8713231585140824,2.4411761409014066,0.1617642113521096,2.287589905576965,2.17154166753588,2.0,0.0814484202903603,0,1,0,0,0,1,0,0,0,0,0,0,0,1,0
3212,0.3402704914758576,2,-0.2258004028450924,0.0623361792791807,-0.4465689891892736,-0.5954253189190315,0.0,-0.5240427609431862,-0.6138606613220163,0.0,-0.142684320997817,0,0,0,1,0,1,1,0,0,0,0,0,0,0,0
3213,-0.7356562726311987,1,0.1421921300383649,0.7304318345778764,0.4627063088411167,0.2836084117881555,1.0,0.1833213919029655,0.3452605045437519,0.0,-0.8429677024629831,0,0,0,0,0,1,0,0,0,1,0,0,0,0,1
3214,-0.8076923076923077,0,-0.2579379863398543,0.1736301328809544,0.5,0.3333333333333333,1.0,0.8421246729127283,0.1524498320337184,1.0,-0.0871654403340644,0,0,0,0,0,0,0,0,0,0,0,0,0,0,1
3215,0.4615384615384615,0,-0.768892486154833,-0.375,-0.5,-0.6666666666666666,0.0,-0.6057083681168304,-0.6488146655149246,0.0,0.7793346407151068,0,0,0,0,0,1,0,0,1,0,0,0,0,0,0
3216,-0.0955773465628412,0,0.1571665268324149,-0.0219382908827592,0.0,0.0,0.0,-0.0047959064730898,-0.0538444587087735,0.0,-0.2887719613182333,1,0,0,0,1,0,0,1,0,1,0,0,0,0,1
3217,0.1374849614178038,0,-1.0216465731727975,0.6123172818700338,0.1507053056426972,0.2009404075235963,0.0,0.1937810964959967,0.219058764621406,0.0,0.9626235471426112,0,0,0,0,0,1,0,0,0,0,1,0,1,0,0
3218,0.5799794322123033,0,-0.1620771177642045,-0.0575334226550071,-0.3849331546899857,-0.5132442062533142,0.0,-0.4491942099658149,-0.6019883458955312,0.4602673812400571,0.380923489176956,0,0,0,0,0,1,0,0,0,1,0,0,0,0,0
3219,0.7495461457272867,1,-0.0342921302607222,-0.062008324537894,-0.1569875131931589,-0.2093166842575452,0.0,-0.0218419607466131,-0.4294642295125168,1.0,0.0053750101485838,0,0,0,0,0,1,1,0,0,0,0,0,0,0,1
3220,-0.0562755657289931,1,1.2252564923756135,-0.2800052768693058,1.168575951602262,1.2247679354696828,1.0,1.3377196456753793,1.4478558059277449,1.0,0.5107643598129485,0,0,1,0,0,0,0,0,0,0,1,0,1,0,0
3221,-0.7227819512705705,0,0.0143490343202114,1.302493730853142,-0.1331202981398565,-0.177493730853142,0.0,-0.0566249189858517,-0.0911772625668622,0.0,-0.5,0,1,0,0,0,1,0,0,0,0,0,0,0,0,1
3222,-0.5491760743335102,1,-0.809394046067027,0.8095183894406098,-0.4303555168321829,-0.5738073557762439,0.0,-0.5780369155885376,-0.5558751421474875,0.0,-0.5738938443282007,1,0,0,0,1,0,1,0,0,0,0,1,0,0,0
3223,0.2040255157189973,1,0.1516225926772322,-0.2975532520531461,-0.25,-0.3333333333333333,0.0,-0.4422422229828363,-0.2925307958966122,0.0,0.9297861159419188,0,0,0,1,0,1,1,0,0,0,0,0,1,0,0
3224,0.6749372188866535,1,0.2983259263197566,0.0733479242481345,1.6440087545488806,1.1920116727318408,3.0,0.8445726544344765,1.4950592529042586,1.7880175090977617,-0.1713926965066591,0,0,0,1,0,1,1,0,0,0,0,0,0,1,0
3225,0.3987928860257088,0,-0.6365092115984922,1.7049372945526078,-0.5,-0.6666666666666666,0.0,-0.6057083681168304,-0.6488146655149246,0.0,0.1293280766096715,0,0,0,0,0,1,0,0,0,0,0,0,0,0,0
3226,0.3834314084730913,1,0.7148345531332869,-0.0887360110767924,0.1693680055383962,0.2258240073845282,0.0,0.1320869139793086,0.1965174150443323,0.0,0.1538461538461538,0,1,0,0,0,1,0,0,0,0,1,0,1,0,0
3227,0.3470343778836969,0,-0.1112878486779263,2.055669961487188,3.0057234562440303,3.348595883317413,1.97710617502388,2.872991891001229,3.3736826558548296,5.95421235004776,0.2131585961722152,0,0,0,0,0,0,0,0,0,0,0,0,0,1,0
3228,0.8520688903718473,1,0.2388750816313635,-0.0961790564021524,-0.0384477874170077,-0.0512637165560103,0.0,0.1888046683219427,-0.2377152725010229,0.8462088503319689,-0.1567899249106237,0,0,0,0,0,1,1,0,0,0,0,0,0,0,1
3229,-0.5081186355395965,0,0.3200253916358501,2.083333333333333,-0.1118072172481556,-0.1490762896642075,0.0,-0.1305226300130646,-0.3057415161168074,0.0,-0.2642076121942939,1,0,0,0,1,0,0,1,0,0,0,0,0,0,0
3230,-0.5368201110728688,1,0.1242022799167794,1.027440962631529,1.5,1.6808923707018044,0.9573228878945872,1.777359943577081,1.436616360749399,0.0426771121054128,-0.0499515301822264,0,1,0,0,0,1,0,0,0,0,0,0,0,0,1
3231,0.2679280766327755,1,-0.1732718797749156,-0.3876439882599726,-0.3567396427672876,-0.4756528570230502,0.0,-0.4276793717776361,-0.4527958870611817,0.0,-0.7247164284470137,1,0,0,0,1,0,0,0,0,1,0,0,0,0,0
3232,-0.4379052989011583,2,0.5400020076441475,0.0773509411706805,0.5168173148809363,0.3557564198412484,1.0,0.5131386451735882,0.4118600519956266,0.0672692595237451,-0.9282514815018266,0,0,0,0,0,1,0,1,0,0,1,0,0,0,1
3233,0.5741578330552259,1,0.6181631307948028,1.676198210892599,3.606209162375844,4.808278883167792,0.0,4.049256982629098,3.0557898991998766,2.575163350496625,0.254650624522476,0,0,0,0,0,1,0,0,0,0,0,0,0,1,0
3234,0.4863276507321168,1,-0.6633277789110916,0.2169356499425617,-0.25,-0.3333333333333333,0.0,-0.3141497476124073,-0.2023068274806701,0.0,-0.8661786753793134,0,1,0,0,0,1,0,1,0,0,1,0,0,0,1
3235,0.5429859174167471,1,0.895770687321344,-0.1977120514676506,0.828431922798524,1.0,0.313727691194096,1.4859722211372075,0.7463907899057501,0.313727691194096,0.3227764491045132,0,0,1,0,0,0,0,0,1,0,0,0,1,0,0
3236,0.3228318867525624,0,-0.3667444883070064,-0.1312096851888748,-0.25,-0.6666666666666666,1.0,-0.554943835659865,-0.3529239480267928,0.0,0.2573728440243313,1,0,0,0,1,0,0,0,0,0,0,0,0,0,0
3237,0.5457856030758506,2,-0.1418942170046131,1.2843358025614209,0.0,-0.3333333333333333,1.0,-0.1675972773790412,-0.041363155604749,0.0,-0.3879988603562672,0,0,0,1,0,1,0,0,0,0,0,1,0,0,1
3238,0.3389964223714751,0,-0.8251263765686936,0.4865583814502157,-0.5,-0.6666666666666666,0.0,-0.6057083681168304,-0.6488146655149246,0.0,-0.4373917706416652,0,0,0,0,0,1,0,0,1,0,0,0,0,0,0
3239,0.1482053067035993,0,1.249121585712215,0.9512221835475536,-0.4573331012853209,-0.6097774683804278,0.0,-0.5609102209980609,-0.6324997673021133,0.0,-0.8508714021751586,0,0,1,0,0,0,0,0,1,0,0,0,0,0,0
3240,-0.2973028541728096,1,0.1863290306849419,1.0529219079794565,0.9206171380308156,1.227489517374421,0.0,1.080738635383363,0.9594388211171032,1.0,0.1611393317491983,0,1,0,0,0,1,1,0,0,0,0,0,0,0,0
3241,0.2249863270452577,2,-0.2959147484637028,0.0137673877829558,-0.4881993819003236,-0.6509325092004314,0.0,-0.5876719389437386,-0.6410948255142149,0.0,-0.0914469145842171,0,0,0,1,0,1,1,0,0,0,0,0,0,0,0
3242,-0.0925547906653145,1,0.0817268812535765,-0.1314340367976042,2.25,2.724933077528144,0.8252007674155681,1.80760254521474,2.1074609509036124,0.0,0.7057537871218793,0,0,0,0,0,0,1,0,0,0,0,0,1,0,0
3243,0.6025502648398092,0,0.017335565483444,2.083333333333333,-0.25,-0.3333333333333333,0.0,-0.3423364651850039,-0.4166868198662122,0.0,0.0640887263782707,0,0,0,0,0,0,1,0,0,0,0,0,0,0,1
3244,-0.5816062273509721,1,0.1217619111252747,-0.4684801592604395,1.658678566656044,1.544904755541392,2.0,1.7325951486304825,1.0212997120357876,1.0,-1.0093663008557905,0,0,0,0,0,1,0,0,0,0,0,0,0,0,1
3245,0.2073526967400139,0,0.8444289170420102,0.9384069157063304,-0.3804414942379819,-0.5072553256506426,0.0,-0.4801778118361025,-0.6030980816819388,0.0,-0.7207471440950464,0,0,1,0,0,0,0,0,1,0,0,0,0,0,0
3246,-0.5926302568191821,0,-0.4002014964418297,-0.334860222045021,0.2469462225766245,0.3292616301021661,0.0,0.3077308708271762,0.2013888297057783,0.9877848903064984,-0.6728420171212788,1,0,0,0,1,0,0,0,0,1,0,0,0,0,1
3247,0.3524137227625731,0,-0.3121160754453431,-0.0872067593870175,-0.308137839591345,-0.6666666666666666,0.7674486416346199,-0.5667491966395157,-0.2993784090685635,0.0,-0.0268328490421592,1,0,0,0,1,0,0,0,0,0,0,0,0,0,0
3248,-0.7692307692307693,1,0.2484046604859851,-0.1066565733547963,0.0,0.0,0.0,0.3012901533814458,-0.2905480722333541,0.920034605640698,-0.4784708553648033,0,0,1,0,0,0,1,0,0,1,0,0,0,0,1
3249,0.4914124473258343,1,-0.3510436372939432,2.083333333333333,-0.5,-0.6666666666666666,0.0,-0.6057083681168304,-0.6488146655149246,0.0,-0.1998005535486158,0,0,0,0,0,0,0,1,0,0,1,0,0,0,0
3250,-0.7185128465244806,0,-0.5263157894736842,0.5639824739378025,-0.0305087630310987,-0.0406783507081316,0.0,-0.1749689968347136,-0.3104072035195303,0.0,-0.331160586946999,1,0,0,0,1,0,0,0,0,0,0,0,0,0,1
3251,-0.3305496442523759,0,-0.4652613024246093,1.53856681198504,-0.25,-0.3333333333333333,0.0,-0.3133611782097998,-0.423375437697985,0.0,-0.5446167405358624,0,0,0,0,0,1,0,0,0,0,1,0,0,0,1
3252,-0.2692307692307692,1,-0.0918840366070864,-0.2492994492557737,2.202336880412745,2.603115840550327,1.0,2.5041403098199577,2.1685568120480063,2.0,1.509130387946305,0,1,0,0,0,1,0,0,0,0,0,0,1,0,0
3253,0.875085014815234,2,-0.1984154456191982,0.1615043830249184,-0.25,-0.3333333333333333,0.0,-0.3676915670054159,-0.2608338806355094,0.0,0.7399595413084452,1,0,0,0,1,0,1,0,0,0,0,0,1,0,0
3254,0.8974417022117089,2,-0.8391720192760436,0.0439699525517446,-0.25,-0.3333333333333333,0.0,-0.2967704439433928,-0.2813980133723628,0.0,-0.1110975666342175,0,0,0,0,0,1,0,1,0,0,0,0,0,0,1
3255,0.2817721336893375,1,1.4366896170998669,0.2326382776532959,3.1757243187756328,3.6171495458504217,1.851448637551265,4.668101100645702,3.676781011819669,1.148551362448735,0.8103397033910172,0,0,1,0,0,0,0,0,0,0,0,0,0,1,0
3256,0.3460003817905433,1,-0.526210787540898,-0.3333056244899592,-0.25,-0.6665558312931702,0.9996674938795106,-0.5548536897590981,-0.5983863627987485,0.0,0.653961252118631,1,0,0,0,1,0,0,0,0,0,0,0,1,0,0
3257,-0.5728412747046329,2,0.2510557092119819,1.1526638173895047,0.2455780475966857,0.3274373967955809,0.0,-0.2581762736740078,0.0913436725912664,0.0,0.2705913699702505,0,0,0,0,0,1,0,0,0,0,0,0,1,0,0
3258,-0.6834370013032931,0,-0.5796192536428593,0.4321631332386869,-0.1506382909607162,-0.2008510546142883,0.0,-0.2890717532931957,-0.2859296677573846,0.0,-0.785990165146158,0,0,0,1,0,1,0,1,0,0,0,0,0,0,1
3259,-0.4080631138336854,0,-1.105263157894737,1.209398367549152,-0.5,-0.6666666666666666,0.0,-0.6057083681168304,-0.6488146655149246,0.0,1.3488013013943825,0,0,0,1,0,1,0,0,0,0,0,0,0,0,0
3260,-0.2229581775918156,0,1.104000477101636,-0.5028206580918444,0.4033847897102132,0.5378463862802842,0.0,0.5564387812218037,0.0343141477367792,1.0,0.0707929798662522,0,0,0,0,0,0,1,0,0,0,0,0,1,0,0
3261,-0.5198280279011946,2,0.054266181624322,0.3514816212217132,0.2822205453394412,0.3762940604525883,0.0,0.236551469880593,0.3889887345588204,0.0,0.3678631188722647,0,0,0,0,0,1,1,0,0,0,0,0,1,0,0
3262,0.0142272598681575,0,0.6539290859591799,0.2031973680782461,0.25,0.2694058481360464,0.1917824555918605,-0.11602133080768,0.0556308767351663,1.8082175444081396,1.3108529016954382,0,1,0,0,0,1,1,0,0,0,0,0,1,0,0
3263,0.6538461538461539,1,0.7318841134731213,-0.283346586557239,0.1970611623336304,-0.0705851168884927,1.0,-0.1280283919967997,0.0231288203708786,1.0,0.5606342037949632,0,0,0,0,0,1,0,1,0,1,0,0,1,0,0
3264,-0.3603677658287403,2,-0.899599498836148,0.8448821430691847,0.1288496032452838,0.0,0.5153984129811353,-0.0413858995618878,0.1668641545354413,1.515398412981135,0.331068803494921,0,0,0,0,0,1,0,0,0,0,0,0,1,0,0
3265,-0.4879306474939252,0,-0.3305144637056337,0.0437934388385982,-0.5,-0.6666666666666666,0.0,-0.6057083681168304,-0.6488146655149246,0.0,1.0189035735120104,0,0,0,0,0,1,0,0,0,0,0,0,0,0,0
3266,-0.1375184524103188,1,1.265474630986279,-0.026206272123622,1.154874437851897,1.2064992504691958,1.0,1.483280892898836,1.397833596972201,1.3805022485924123,0.7596750660625187,0,0,1,0,0,0,0,0,0,0,0,0,1,0,0
3267,0.8658932599544541,1,0.6245060856357318,-0.2792768729901317,0.0743387620592097,0.0991183494122796,0.0,-0.0027763694851365,0.2253421332846972,0.0,0.3700446005425111,0,1,0,0,0,1,0,0,0,0,1,0,1,0,0
3268,-0.2444682970051627,0,0.151862886323302,-0.3459738239620505,0.25,0.0,1.0,-0.039893216096515,-0.0227889581337668,1.0,0.4454624255789818,0,0,0,1,0,1,0,1,0,1,0,0,1,0,0
3269,-0.5413350212826937,2,-0.6649832595578954,-0.4492232557854175,-0.5,-0.6666666666666666,0.0,-0.6057083681168304,-0.6488146655149246,0.0,-0.7467707719403859,0,0,0,1,0,1,1,0,0,1,0,0,0,0,0
3270,0.1067734829611059,1,0.5750194834559431,2.064675879749063,0.0186574535842704,0.0248766047790272,0.0,-0.1947172870585519,-0.108108515439334,0.0,-0.7508618730907527,0,1,0,0,0,1,0,0,0,0,0,0,0,0,1
3271,0.2792138226476062,0,-0.8765221481517362,2.050720998302327,-0.5,-0.6666666666666666,0.0,-0.6057083681168304,-0.6488146655149246,0.0,-0.0602073877495499,0,0,0,0,0,1,0,0,0,0,0,0,0,0,0
3272,0.0251490035339209,0,-0.4168032368984284,-0.550159907184809,-0.25,-0.3333333333333333,0.0,-0.3455695276866555,-0.3608487241688957,0.0,-0.6381663251972757,1,0,0,0,1,0,0,0,0,1,0,0,0,0,1
3273,0.8324795086268271,0,0.2666630698477625,1.1749914575551028,0.3388831939256241,0.1185109252341654,1.0,0.5392327745031165,0.2781862077320011,0.1777663878512482,-0.1999921146662487,0,0,1,0,0,0,0,0,1,0,0,0,0,0,1
3274,-0.3281901709444059,0,0.7899455409262552,-0.3847303240717801,0.0958090277846596,0.1277453703795462,0.0,-0.0495043395662487,-0.0142666069437091,0.0,-0.5913181089822996,0,0,0,0,0,1,0,0,0,0,0,1,0,0,1
3275,-0.2852546189017781,2,1.3282159657144406,-0.436341945714531,0.0,-0.127316108570938,0.381948325712814,0.2109567905763529,-0.1217810340338577,0.0,0.4978620536268264,0,0,1,0,0,0,0,0,0,0,0,0,1,0,0
3276,0.2702419874869131,1,0.8632486572546543,0.0029095094876578,1.408297406503366,0.8777298753378213,3.0,0.93770471369438,1.142868465387946,2.0,-0.0398043889943036,0,0,0,0,0,1,0,0,1,0,0,0,0,1,0
3277,-0.4031599748725865,1,0.1185928811495072,-0.3986075386375331,0.4427763487883466,0.0,1.7711053951533864,-0.17139666124016,0.2061458297142441,0.7711053951533864,-0.5407712093699817,0,0,0,1,0,1,0,0,0,0,0,0,0,0,1
3278,-0.7978062484662487,1,-0.6438234493980358,-0.5348655127994415,0.25,0.2557848204791063,0.232645538562681,0.0981010614090244,-0.1763626268866336,0.0,0.9390964259421406,0,0,0,0,0,1,0,0,1,0,0,0,1,0,0
3279,0.7307692307692307,2,0.7252209142218085,-0.023798794681582,1.0843980276607708,0.5194649134762406,2.779197370214361,0.7975489282776627,1.031665399983544,0.0,-0.3506457492637478,0,0,0,0,0,0,0,0,0,0,0,1,0,0,1
3280,-0.6554813682297603,2,1.0916429608626406,0.770101354699181,0.0434381489155736,0.0579175318874315,0.0,0.1233652753777062,0.1658573136496418,1.0,0.6087018232437579,0,1,0,0,0,1,1,0,0,0,0,1,1,0,0
3281,0.0107160908772415,1,0.8222576152761382,-0.5560115136432643,0.663930918140414,0.5519078908538855,1.0,0.208952211985886,0.2370596046053881,1.0,-0.5037879594978882,0,0,0,0,0,1,0,0,0,0,1,0,0,0,1
3282,0.2415292969714991,0,-0.9452798792098964,2.047999338114608,-0.5,-0.6666666666666666,0.0,-0.6057083681168304,-0.6488146655149246,0.0,-0.0652319911730308,0,0,0,0,0,1,0,0,0,0,0,0,0,0,0
3283,0.5690207599005112,1,-0.2014235574194745,0.067566139515971,4.2067618977425045,4.609015863656672,3.0,3.827503785438648,4.467509207112682,3.0,0.6752527569719176,0,0,0,1,0,1,0,0,1,1,0,0,0,1,0
3284,-0.4695348602399791,0,-0.4517993298695308,-0.1320156056267571,-0.5,-0.6666666666666666,0.0,-0.6057083681168304,-0.6488146655149246,0.0,-0.8960468168802715,0,0,0,0,0,1,0,0,0,0,0,0,0,0,0
3285,0.471570982943431,1,0.1040004133986316,0.2966650302970831,0.4523992145425999,0.6031989527234666,0.0,0.9168139977817876,0.4581166153433036,0.4047984290851998,-0.5851690495098307,0,0,1,0,0,0,0,1,0,1,0,0,0,0,1
3286,-0.5592599212969224,1,1.491890747612,-0.3925612263498339,2.2594431534710013,2.8972828030853344,0.3459242046280019,3.4743865855461524,2.1651176588089904,0.6918484092560038,0.2588315778130773,0,0,1,0,0,0,0,0,1,0,0,1,0,1,0
3287,0.0840302547174536,1,-0.0965205222925366,1.9062152131109464,-0.25,-0.3333333333333333,0.0,-0.3106555422213475,-0.4162734189376183,0.0,0.4430902429571761,1,0,0,0,1,0,1,0,0,0,0,0,1,0,0
3288,-0.5370924207176369,1,-0.6592370853667705,0.9547247372800532,0.36862384450784,0.4914984593437866,0.0,0.3727978392086311,0.5232632204278305,0.47449537803136,-1.0123641402392125,1,0,0,0,1,0,0,0,0,0,0,0,0,0,1
3289,0.3191532043032109,0,-0.2416750403855625,-0.340985480610474,-0.1204087116337155,-0.1605449488449541,0.0,-0.1546809462956507,-0.3337412632634119,1.0,0.8518046626046577,0,0,0,0,0,1,0,0,0,0,0,0,1,0,0
3290,-0.8982220880879888,1,-0.3311816536539254,1.5243709516187152,-0.2057782137140364,-0.2743709516187151,0.0,-0.3336962489737922,-0.3392277331118343,0.0,0.3168542313848839,1,0,0,0,1,0,0,0,0,0,0,0,1,0,0
3291,-0.0173724984099029,1,0.1103489517202656,0.0806646763030665,1.6532303099160923,1.408614159776246,2.3870787603356307,0.9600051817239796,1.76172217291729,0.6129212396643692,0.8436689923722367,0,0,0,0,0,0,1,0,0,0,0,0,1,0,0
3292,-0.5384615384615384,0,0.2029099527331265,1.125,0.0090444311294122,0.012059241505883,0.0,0.2312578462989203,0.1126833632452931,0.036177724517649,-0.4819111377411755,0,1,0,0,0,1,0,0,0,0,0,1,0,0,1
3293,-0.6345061736703802,1,-0.1584925230673928,0.2808359085001914,-0.4378549355712645,-0.5838065807616859,0.0,-0.5116695737618493,-0.5425018112700084,0.0,-1.134943017450398,0,0,0,0,0,1,0,0,0,0,1,0,0,0,0
3294,0.4715596703217941,0,-0.3721278889597847,-0.16343808606549,2.2834509340698723,2.0892024908529923,2.866196263720511,1.94315558030748,1.8296048634817463,0.0,0.4615384615384615,0,0,0,0,0,1,0,0,0,0,0,0,0,1,0
3295,-0.1994540852399751,2,-0.2068454921772393,0.4166666666666667,0.2907096891880323,0.3876129189173765,0.0,0.3982534506747368,0.1208098623043861,0.0,-0.436486345115057,0,1,0,0,0,1,0,0,0,0,0,0,0,0,1
3296,0.2363436139268376,0,1.4847190665336765,0.8098225629009382,-0.5,-0.6666666666666666,0.0,-0.6057083681168304,-0.6488146655149246,0.0,-0.7295425254093675,0,0,1,0,0,0,0,0,0,0,0,0,0,0,0
3297,0.0688118622023429,2,1.0652281088431448,-0.0876450039058529,0.645537057444993,0.7214321531866482,0.4178517702200277,0.7697064809721352,0.4360159579500563,1.0,0.1635982811792339,0,0,1,0,0,0,0,1,0,0,0,1,1,0,0
3298,0.1080672412454786,0,0.8611552449724468,1.771219870849138,-0.1702437068095611,-0.2269916090794148,0.0,-0.181719784859976,-0.2890517447262016,1.0,0.6300193636628888,0,0,0,0,0,1,0,0,0,0,0,0,1,0,0
3299,0.6471812823137347,0,-0.6588188834419694,1.9188135732969425,-0.0948474240873386,-0.1264632321164514,0.0,-0.268512919606467,-0.1930714857763324,0.0,0.4329857229089643,0,0,0,1,0,1,0,0,0,0,0,1,0,0,0
3300,0.7435629750405404,1,-0.496287698048974,1.670701204661519,0.6905259034961393,0.7936839356640928,0.3810518069922785,0.6319401615855624,0.252694571649786,0.0,0.6647778036583009,0,0,0,1,0,1,1,0,0,0,1,0,1,0,0
3301,0.1425384007828501,1,1.11768371169077,0.6727711459715834,0.5808750987278685,0.7745001316371579,0.0,0.6612840302530145,0.3629708429953017,1.0,-0.7058845850068097,0,0,0,0,0,1,1,0,0,0,0,0,0,0,1
3302,0.8973612795419409,1,-0.4475215840981211,0.4871619797843313,0.2085758414886918,0.2781011219849225,0.0,0.1484807073198453,0.0355076450917604,0.0,-0.8268111500821422,0,0,0,1,0,1,0,0,0,0,1,0,0,0,1
3303,-0.3816264179276191,0,0.4351331499858735,0.0506364552593942,-0.25,-0.3333333333333333,0.0,-0.3920612215253632,-0.4122363676164634,0.0,-0.3375304936947852,0,0,0,0,0,1,0,0,0,0,0,1,0,0,1
3304,0.2928355641037096,1,-0.1997592163737465,0.4839051944456854,-0.150571861112352,-0.2670479074082347,0.1988562777752959,-0.2243662930113638,-0.3042503979484396,0.0,-0.6844394273500455,0,0,0,1,0,1,0,0,0,0,1,0,0,0,1
3305,0.4640237184555418,1,-0.4634815768667232,2.083333333333333,-0.5,-0.6666666666666666,0.0,-0.6057083681168304,-0.6488146655149246,0.0,0.5123063970789907,0,0,0,0,0,0,0,1,0,0,1,0,0,0,0
3306,-0.6252230482970076,2,1.181356225224662,0.9121473566057146,0.0106583023217581,0.0142110697623442,0.0,0.0827407531864761,0.1302176071312867,1.0,0.6137448765658834,0,1,0,0,0,1,1,0,0,0,0,1,1,0,0
3307,0.281332530088364,0,0.3052410484554186,0.1999824966938731,-0.25,-0.3333333333333333,0.0,-0.2778245068814836,-0.5580568038042272,0.6285914323498593,0.6780227473980716,0,0,0,0,0,1,0,0,0,1,0,0,1,0,0
3308,-0.497561363591644,0,-0.4077043059753149,-0.4393306343122469,0.0,0.0,0.0,0.0300520383382043,-0.1880632245663337,0.7341488633456865,-0.5613502623048415,0,0,0,1,0,1,0,1,0,0,0,0,0,0,1
3309,-0.1951559829158793,1,0.2785358024697377,-0.2057612654328135,0.25,0.3333333333333333,0.0,0.8088322537239705,0.1660200369912632,0.0,-0.4639126780620183,0,0,1,0,0,0,0,1,0,1,0,0,0,0,1
3310,-0.0188976867200783,0,-0.7634033239552459,1.7704169801949698,-0.2496669174893091,-0.3328892233190788,0.0,-0.3648798639821913,-0.2984108191442637,0.0,0.5197175821310097,1,0,0,0,1,0,0,1,0,0,0,0,0,0,0
3311,0.3935028713746817,1,-0.859478757369837,1.3417475902493274,2.433495180498655,2.9113269073315395,1.0,2.473176371902245,2.246909251338056,2.2660192780053805,0.389917886690859,0,0,0,0,0,1,0,0,0,0,0,0,0,1,0
3312,-0.495977948757733,0,-0.3872833917130559,-0.0049924072206425,-0.5,-0.6666666666666666,0.0,-0.6057083681168304,-0.6488146655149246,0.0,-0.8737218801960048,0,1,0,0,0,1,0,0,0,0,0,1,0,0,0
3313,0.5713539283004982,1,-0.8296420303223525,0.3477667952109648,-0.2182000593281376,-0.2909334124375168,0.0,-0.3000865610663294,-0.1602347260446944,0.1271997626874496,-0.8895076831802865,0,0,0,0,0,1,0,1,0,0,1,0,0,0,1
3314,0.3930021719513938,1,-0.4907001031948467,1.8464890195790644,1.0,1.0,1.0,1.1106509925913033,1.0994401169794914,1.0,-0.4803359879405925,0,0,0,0,0,1,0,0,1,0,1,0,0,0,1
3315,-0.8003345493983152,0,-0.2672770725863996,0.5891302276201142,0.0,0.0,0.0,-0.1165235036141413,-0.0147056237972576,0.0,-0.3545149939240129,0,1,0,0,0,1,0,0,0,0,0,1,0,0,1
3316,0.4144484507178664,0,-0.1005402046034636,1.5145120563370431,-0.4129276619777421,-0.6666666666666666,0.3482893520890316,-0.5880276219982913,-0.6140492440567623,0.0,-0.0315587605742931,0,1,0,0,0,1,0,0,0,0,0,0,0,0,0
3317,-0.8056373215411027,2,0.2902375040057826,-0.1779903693402002,0.0,0.0,0.0,0.278836369726768,-0.2641928216725063,1.0,-0.4490308267655332,0,0,0,0,0,0,0,0,0,1,0,0,0,0,1
3318,0.6895997478490893,2,-0.0037056082065095,1.6995325138428732,-0.0964796722038159,-0.4619728962717546,1.0,-0.3241920743743809,-0.127615560384053,0.0,-0.3076923076923077,0,0,0,0,0,1,0,1,0,0,0,0,0,0,1
3319,-0.196404674049839,1,1.0212814570279232,0.2813768210979638,1.3553260762647907,1.807101435019721,0.0,2.834764592006299,0.5358751529384838,0.8595652316469458,-0.303595325950161,0,0,1,0,0,0,0,0,1,0,0,1,0,0,0
3320,-0.1002925491719817,0,-0.1072648101240856,-0.3153989535880791,-0.25,-0.3333333333333333,0.0,-0.2741305748694786,-0.2325340477448459,0.0,0.8641714040862973,1,0,0,0,1,0,0,0,0,0,0,0,1,0,0
3321,0.3177948790810119,0,-0.8901286516472577,0.4924166311467334,-0.5,-0.6666666666666666,0.0,-0.6057083681168304,-0.6488146655149246,0.0,-0.4814786191207089,0,0,0,0,0,1,0,0,0,0,1,0,0,0,0
3322,-0.5743082703556415,1,0.6209931592141359,-0.4084039567665469,0.0,0.0,0.0,-0.0174743851816727,-0.1558754493422534,0.0,-0.4717803849367767,1,0,0,0,1,0,1,0,0,0,0,0,0,0,1
3323,-0.8422250180900946,1,0.2309001485291985,0.943773367411526,0.7244626175856155,0.6326168234474873,1.0,0.4141871544043716,0.6830455162052971,0.1021495296575381,-0.3955751266306628,0,0,0,0,0,1,1,0,0,0,0,0,0,0,1
3324,0.2280088198410381,1,0.5956518048639414,1.5588782724135652,-0.0793460731037217,-0.1057947641382957,0.0,0.0752963580306862,-0.3067111413821927,0.0,-0.467979420370911,0,1,0,0,0,1,0,0,0,0,0,0,0,0,1
3325,0.6747172742810036,0,1.520298014885607,0.3357153691077807,2.542876643940054,3.038112572391159,1.0571688585867385,3.539951121953955,2.675223307757659,1.0,1.138454538072801,0,0,1,0,0,0,0,0,0,0,0,0,0,1,0
3326,-0.7579462130629206,0,-0.423390384641139,0.3449979647802897,1.047779134590918,1.397038846121224,0.0,1.018758944726601,1.3295068625666209,1.191116538363672,-0.5141840681188552,0,0,0,0,0,0,1,0,0,0,1,0,0,0,0
3327,-0.2689776604882565,0,0.4331184514902186,0.1539305234269914,-0.25,-0.3333333333333333,0.0,-0.1324714368020149,-0.4624034320000068,0.9235831405619486,0.2604134392956094,0,0,1,0,0,0,0,0,1,0,0,0,1,0,0
3328,-0.6725265605610597,2,0.1076013685503676,-0.1531752618170124,0.0,0.0,0.0,0.2137403311272312,-0.3405245023115187,0.7206322860652836,-0.4892550879255878,0,0,1,0,0,0,1,0,0,1,0,0,0,0,1
3329,-0.5323032857681744,0,0.8274355547026997,2.083333333333333,0.7325797212094559,0.6434396282792745,1.0,0.7798515583909451,1.10780992913495,0.0696811151621763,0.8336945696891788,0,1,0,0,0,1,0,0,0,0,1,0,1,0,0
3330,-0.4824160792004224,0,-0.3424272034527141,0.9768728420660784,-0.1867353917998038,-0.2489805223997384,0.0,-0.3051102484561614,-0.2977865466619581,0.0,-0.5662490040304977,0,1,0,0,0,1,0,0,1,0,0,0,0,0,1
3331,-0.4471521120983449,0,0.2548546343132351,0.4948049293688468,0.0,0.0,0.0,-0.0256327152231242,-0.0686932694193463,0.0,-0.1875122424943201,1,0,0,0,1,0,0,1,0,0,0,0,0,0,1
3332,0.6855820075357194,1,0.146101335342154,-0.0469025408184799,3.793716951017824,4.058289268023765,3.0,3.210465458476774,4.22972702279721,1.3497356081425924,1.3106328521236823,0,0,0,0,0,1,0,0,0,1,0,0,0,1,0
3333,-0.5208050411096601,0,-0.0767931016394124,0.8303014023073212,-0.25,-0.3333333333333333,0.0,-0.2795505051141925,-0.2998818200721168,0.0,-0.8090916604735441,0,0,0,0,0,1,0,0,1,0,1,0,0,0,1
3334,-0.0847987058567411,1,-0.4126817510765817,-0.2310581516413859,0.0965872274620788,0.1287829699494385,0.0,0.332662872504056,0.0542957615123086,0.0,-0.1888157200466722,0,0,0,0,0,1,1,0,0,1,0,0,0,0,1
3335,-0.3347398170351442,1,-0.7446517041338487,1.8582711171234536,-0.38746889189506,-0.5166251891934135,0.0,-0.4883172784111287,-0.5385624770577573,0.0,0.649913854478628,1,0,0,0,1,0,1,0,0,0,1,0,0,0,0
3336,-0.3319782734556087,1,0.3949151769463681,0.2121725509391059,0.5,0.075654898121788,1.773035305634636,0.3653800205745704,0.3672249484056918,0.2269646943653641,-0.1538461538461538,0,0,0,0,0,1,1,0,0,0,1,0,0,0,1
3337,0.9060601409428992,1,1.4855650743632585,-0.5232318193548073,0.0553045419355778,0.0737393892474371,0.0,0.2802891335608052,-0.1537677855182685,1.0,1.683973079900665,0,0,0,0,0,0,0,0,0,0,0,0,1,0,0
3338,0.1830498019594756,0,-0.2134514163456747,-0.1460915236373991,-0.5,-0.6666666666666666,0.0,-0.6057083681168304,-0.6488146655149246,0.0,0.4128657146829251,1,0,0,0,1,0,0,0,1,1,0,0,0,0,0
3339,0.8280706831470923,1,0.2074807875844683,-0.1470765734093499,-0.029385139885975,-0.0391801865146334,0.0,0.2102971935501414,-0.2370380379967788,1.0,-0.092780661626173,0,0,0,0,0,1,1,0,0,0,0,0,0,0,1
3340,0.5300168046910864,1,1.5263157894736843,-0.1466788033880068,0.7235766300234314,0.929537680062484,0.105693479906274,1.2916561447184407,0.5537636202765306,0.8943065200937259,-0.6053790138209199,0,0,1,0,0,0,0,0,0,0,0,0,0,0,1
3341,-0.3506633573076417,0,-1.105263157894737,-0.030918998416787,-0.5,-0.6666666666666666,0.0,-0.6057083681168304,-0.6488146655149246,0.0,0.5510881696921661,0,0,0,0,0,1,0,0,1,0,0,1,0,0,0
3342,0.1332445197484034,2,0.4904882657538641,1.6889851036058965,0.2783634562781908,0.3711512750375878,0.0,0.5424694625140662,0.4905362902537337,0.5567269125563817,0.2565454129872748,0,1,0,0,0,1,0,1,0,0,0,1,1,0,0
3343,-0.4558484734823642,2,0.5814647800207424,0.1210140983004912,0.5119577050985263,0.3492769401313684,1.0,0.5026767434727859,0.365009984531101,0.0478308203941054,-0.8844443373739918,0,0,0,0,0,1,0,0,0,0,1,0,0,0,1
3344,-0.548698189910084,0,1.4682824421638847,-0.5785806023036515,0.4904945379406362,0.6539927172541816,0.0,0.3012834574156054,0.4944232376470862,1.0,0.7249197156557762,0,0,0,0,0,1,0,0,0,0,0,1,1,0,0
3345,-0.1727851736524491,0,-0.0603997869478758,0.4234486217534286,5.761378227554484,6.592183065875711,3.268963712590807,7.190794727528095,5.876230065014103,1.0151709700726457,0.0201060175041911,0,0,1,0,0,0,0,0,0,1,0,0,0,1,0
3346,-0.1329012097208117,1,-0.4067218803352923,-0.2281620147955008,0.5795177671018403,0.4393570228024538,1.0,0.395483416593918,0.5616588794973787,1.0,-0.353984772363945,1,0,0,0,1,0,0,0,0,0,0,1,0,0,1
3347,-0.031670620746287,0,0.7379634516460987,0.2738459476808901,0.2994673604681031,0.0659564806241375,1.0,0.2341314654228,0.0612808355609781,0.0,0.9018847244974812,0,0,0,0,0,1,0,0,0,0,0,0,1,0,0
3348,0.3927205795348312,1,-0.1523490771603786,0.5482108220157313,-0.25,-0.3333333333333333,0.0,-0.3062886156819948,-0.3299294212331738,0.0,-0.6538461538461539,0,0,0,0,0,1,1,0,0,0,1,0,0,0,1
3349,-0.3681980613682085,1,-0.5826916702142683,-0.2842560693675941,-0.25,-0.3333333333333333,0.0,-0.216354369089787,-0.5588395819804771,0.0,-1.265126438418975,0,0,0,1,0,1,0,0,0,0,0,1,0,0,1
3350,-0.8070323623501863,2,1.241809062311756,1.0607126480317546,4.364275888190527,5.47998165795565,1.017158578895157,5.269674507859964,4.1827224683828685,5.0,0.0109814524542514,0,1,0,0,0,1,1,0,0,1,0,0,0,1,0
3351,0.0432326032758578,2,-0.3973884697858462,-0.1291984104942565,-0.4031011921293076,-0.5374682561724101,0.0,-0.5057715210531255,-0.6056617267952766,0.0,0.057244503205574,0,0,0,1,0,1,1,0,0,1,0,0,0,0,0
3352,0.8196051801290299,1,0.7891942012251356,-0.2692477890279565,0.134513265832261,0.1793510211096814,0.0,0.0671695839881301,0.2477047092141774,0.0,0.2959836728218326,0,1,0,0,0,1,0,0,0,0,1,0,1,0,0
3353,0.9511857339941836,0,-0.685538672283641,-0.3322818844421176,2.4978971022175687,3.0,0.991588408870274,2.48338916201002,2.942986895764124,2.0,-0.4250180594914752,0,0,0,1,0,1,0,0,0,0,0,0,0,0,0
3354,0.1187596202687688,2,-0.3638026248953689,0.952239574514723,-0.4926874894176675,-0.65691665255689,0.0,-0.6020611150498655,-0.6449292582221141,0.0,0.3947403992678449,0,0,0,1,0,1,0,1,0,0,0,0,0,0,0
3355,0.1116920155304102,2,-0.3593129562641883,0.2940701920969503,-0.5,-0.6666666666666666,0.0,-0.6057083681168304,-0.6488146655149246,0.0,1.0303316608898865,0,0,0,0,0,0,0,0,0,0,1,0,0,0,0
3356,0.3066845182595167,2,0.642955648591175,-0.0934316603535372,0.6959606691919185,0.5946142255892246,1.0,0.5997603196804819,0.3552864661588543,1.0,-0.2484045066045084,0,0,0,0,0,1,0,0,0,0,1,0,0,0,1
3357,-0.2481410986690268,1,0.813245713968142,1.6841368030443318,4.072579319871555,4.9784919730764425,1.3548413602568905,4.380945788403931,4.210305164424959,5.0,-0.3870970800296412,0,1,0,0,0,1,1,0,0,0,0,0,0,1,0
3358,-0.1652710554654682,1,-0.2258327172439503,0.4856145639799251,0.8530327325656929,1.1373769767542572,0.0,1.151615604959774,0.6647129635910518,0.4121309302627716,0.2624716100202132,0,1,0,0,0,1,1,0,0,0,0,0,1,0,0
3359,-0.1920123413222495,0,-0.4556066977251728,1.2064259799621595,0.0,-0.1832053479063081,0.5496160437189245,-0.2635932211974871,0.0645649013525334,0.0,0.5463901269422002,1,0,0,0,1,0,0,1,0,0,0,0,1,0,0
3360,0.5567234656785984,1,0.1935716933884547,0.5289439764979833,-0.4576336141012099,-0.6101781521349465,0.0,-0.5634821096449033,-0.628776125375829,0.0,0.1277745317545907,0,0,0,0,0,1,0,1,0,0,0,0,0,0,0
3361,0.0954226856779951,1,1.5263157894736843,0.5244884585370997,1.0171782081295668,1.0,1.0687128325182678,1.7802488766031128,1.2025022015679832,2.068712832518268,1.231051071421932,0,0,1,0,0,0,0,1,0,0,0,0,0,0,0
3362,-0.8741195900902052,0,-0.3636019668095443,-0.5302962225977224,0.25,0.3333333333333333,0.0,0.1125409624398843,-0.1753873279469167,0.4242968858848881,0.9090594889125644,0,0,0,0,0,1,0,0,0,0,0,1,1,0,0
3363,0.3623721675301969,0,-0.7546872995960974,2.0454669042478355,0.7086911682703656,0.639127445513577,0.9173823365407312,0.4660233114672597,0.5701504055769512,1.0,-1.1287556434928705,0,0,0,0,0,1,0,0,0,0,0,1,0,0,1
3364,-0.2867702784722871,2,0.765472250511607,2.083333333333333,0.2426712067132442,0.3235616089509923,0.0,0.1782682514974167,0.2580314457639254,0.0,0.6776501057341807,0,1,0,0,0,1,0,1,0,0,0,0,1,0,0
3365,-0.4770921809221177,2,-1.0148060004266315,1.3282048876721229,-0.5,-0.6666666666666666,0.0,-0.6057083681168304,-0.6488146655149246,0.0,-0.3565508556987828,0,0,0,0,0,1,0,0,1,0,0,1,0,0,0
3366,0.3144288751677162,2,-0.1303891827340824,0.6865581029978152,-0.3043787688590155,-0.4058383584786873,0.0,-0.508138576290993,-0.5448738712355801,0.0,0.6052797641715026,0,0,0,0,0,1,0,1,0,1,0,0,0,0,0
3367,-0.4659286813776427,1,0.370423609049451,-0.3633989926903708,4.636078791228445,5.514771721637927,2.0,4.386573706351878,5.425300336069231,2.45568483508622,0.7458680727403774,1,0,0,0,1,0,0,0,0,0,0,0,0,1,0
3368,-0.3929262443696488,0,0.2846397661484487,-0.0623253267322767,2.506002287600302,3.008003050133736,1.0,2.895355691329036,2.407516520267087,1.9759908495987928,-0.6627579687369755,0,1,0,0,0,1,0,0,0,0,1,0,0,1,0
3369,-0.6160946441251371,2,0.1934502723475561,-0.0971082669922619,2.25,2.6666666666666665,1.0,2.458425188093663,2.194079006473709,2.3347007960928567,0.1157001837137361,0,0,0,0,0,1,0,1,0,0,0,0,0,1,0
3370,-0.157455742099101,0,0.2033915740965136,1.7877562793926405,-0.0052138496987015,-0.3368092331324677,0.9895723006025968,-0.4408650497532643,0.0547798831811151,0.0,-0.7608083966405591,0,0,0,1,0,1,0,0,0,0,0,1,0,0,0
3371,-0.3108531528753152,0,0.7883340032241642,2.083333333333333,0.6861466288286951,0.5815288384382601,1.0,0.6768668818657042,1.0613189012324549,0.2554134846852195,0.697967068883878,0,1,0,0,0,1,0,0,0,0,1,0,1,0,0
3372,0.2859892384800192,0,-0.1097740210189122,1.7410722500667362,-0.5,-0.6666666666666666,0.0,-0.6057083681168304,-0.6488146655149246,0.0,0.9884626000862436,0,0,0,0,0,1,0,0,1,0,0,0,0,0,0
3373,-0.4150860415824007,1,-0.1506048098646463,-0.5041539174284925,-0.232686423428535,-0.31024856457138,0.0,-0.3048701267770182,-0.4281228536823823,0.0,0.9508839528790984,1,0,0,0,1,0,0,0,1,1,0,0,1,0,0
3374,-0.6461204842453709,2,0.3893367247967861,0.4002891365401182,0.5,0.6666666666666666,0.0,0.3137856908023768,0.782413931893938,0.0,0.3799799828549149,0,0,0,0,0,1,1,0,0,0,0,0,1,0,0
3375,-0.8812700453193729,0,-0.2242598139520481,0.1920301469633492,0.380436176356019,0.1739149018080254,1.0,0.5854756321522201,0.0491253299967293,1.0,-0.0919721720338315,0,0,0,0,0,0,0,0,0,0,0,0,0,0,1
3376,-0.4807519360355833,1,-0.3377232426585511,0.151899573576436,-0.25,-0.3680618008760393,0.104185402628118,-0.5114371953808803,-0.3447120941125064,0.0,0.2748476703426653,1,0,0,0,1,0,0,0,0,0,0,1,0,0,0
3377,-0.7333348838204704,1,-0.2801166054444541,0.7731537471294765,-0.25,-0.3333333333333333,0.0,-0.341645689973122,-0.4775650353586915,0.0,0.6217987480127145,1,0,0,0,1,0,1,0,0,0,0,1,0,0,0
3378,-0.3219985993989711,2,-0.0921790222419454,-0.2865264580429079,0.0313083926082067,0.041744523477609,0.0,-0.0895824791953213,-0.0662018969739043,0.0,-0.6490294780602759,0,0,0,0,0,1,0,0,0,0,0,0,0,0,1
3379,-0.3022462595252057,0,1.5263157894736843,-0.4102506941432201,1.3685840274765535,1.8247787033020717,0.0,1.5582987358179374,0.971871794775124,1.0,0.1597685900216429,0,0,1,0,0,0,0,0,0,0,0,0,0,0,0
3380,-0.0914999000604117,2,1.5263157894736843,0.3987409655654828,0.4715108413214207,0.3333333333333333,0.8860433652856828,0.7513409403778288,0.645261019081274,0.0,-0.8154732137307608,0,0,1,0,0,0,0,0,0,0,0,0,0,0,1
3381,-0.2440834820289592,2,-0.3954728682643399,1.0362790680828873,0.6284961242556151,0.83799483234082,0.0,1.2488882475888132,0.3643651974905608,0.0,0.2494621347299054,0,1,0,0,0,1,1,0,0,0,0,0,1,0,0
3382,0.7892993495121711,2,-0.7852787990115477,-0.3768152572763705,-0.4800742953048519,-0.6400990604064691,0.0,-0.5759439348249963,-0.6442860093369699,0.0,-0.8495050903563764,1,0,0,0,1,0,0,0,0,0,0,0,0,0,0
3383,0.589703471897977,1,-0.6436849555871176,-0.0929172565064681,-0.0103840709171063,-0.3333333333333333,0.9584637163315746,-0.3587344380719554,-0.1130023852682777,0.4792318581657873,0.7291716813973683,1,0,0,0,1,0,1,0,0,0,0,0,1,0,0
3384,-0.9467884510344264,2,-0.6517631722686799,1.6500834698857916,0.5,0.6666666666666666,0.0,0.5394177593251056,0.7057790436510802,1.0,-0.7703458807412372,0,0,0,0,0,0,1,0,0,0,0,0,0,0,1
3385,0.15847456755055,2,0.6347457567451131,1.8097339845942464,-0.5,-0.6666666666666666,0.0,-0.6057083681168304,-0.6488146655149246,0.0,-0.5037103484160254,0,0,1,0,0,0,0,0,0,0,0,0,0,0,0
3386,0.7358156491399964,1,0.6634936508989618,0.3643127349983117,0.4890660935300076,0.0,1.9562643741200303,0.1241392158203456,0.4777086972960727,0.0,-0.2240406729415431,0,0,1,0,0,0,0,0,0,0,0,0,0,0,1
3387,-0.713616915803809,1,-0.0233279920378541,-0.286935987393269,0.5554039810899035,0.4072053081198713,1.0,0.1733444117133453,0.8138316260073114,1.0,-0.3034304629930843,1,0,0,0,1,0,0,0,0,1,0,0,0,0,1
3388,-0.4615384615384615,2,-1.042259834138488,1.5413607449342428,-0.5,-0.6666666666666666,0.0,-0.6057083681168304,-0.6488146655149246,0.0,0.6664633541743813,0,0,0,0,0,1,0,0,1,0,0,1,0,0,0
3389,0.9542298693082842,1,-1.0952619264218628,1.2856293871221145,-0.5,-0.6666666666666666,0.0,-0.6057083681168304,-0.6488146655149246,0.0,-0.6742190702384646,0,1,0,0,0,1,0,0,0,0,1,0,0,0,0
3390,0.8363093330904666,1,0.7052538025543571,0.1413282970417622,0.25,0.3333333333333333,0.0,0.7509663304255776,0.271128351775031,0.0,-0.5529228034592811,0,0,1,0,0,0,0,0,0,1,0,0,0,0,1
3391,0.8711644546682488,2,-0.1552099292084359,1.051910944974291,0.25,0.3333333333333333,0.0,0.2196128265535509,0.3430478048022976,0.0,-0.1134933640047463,1,0,0,0,1,0,0,0,0,0,1,0,0,0,1
3392,0.0127660304530416,0,-0.2222470738284371,-0.5509456001141795,-0.1528368003425382,-0.2037824004567176,0.0,-0.1890752464293634,-0.2246822001165501,0.0,-0.5171303386723312,1,0,0,0,1,0,0,0,0,1,0,0,0,0,1
3393,0.4223885695689157,1,1.12814477632525,0.2385968321122487,3.25,3.721227933821767,1.8363161985346983,4.8240786804842894,3.8524029635522594,1.1636838014653017,0.6768628673709635,0,0,1,0,0,0,0,0,0,0,0,0,0,1,0
3394,0.4331571894176513,0,-0.4254453077579607,0.3169847790466301,0.0,0.0,0.0,-0.0566281399563269,-0.3607349905188922,0.7262086924858935,-0.2275591981768748,1,0,0,0,1,0,0,1,0,1,0,0,0,0,1
3395,-0.1152479023030799,0,0.1388438486380506,1.8125740529191647,0.0537618503635672,-0.2616508661819103,1.0,-0.3698853709884937,0.1020979277740909,0.071682467151423,-0.799557966871756,0,0,0,1,0,1,0,0,0,0,0,1,0,0,1
3396,0.2546187931564701,1,-0.581889139658849,1.2129911377931777,3.0810044311034117,4.0,0.3240177244136446,3.466727217928009,3.601200998242099,4.675982275586355,0.111521418833034,0,0,0,0,0,0,1,0,0,0,0,0,0,1,0
3397,-0.1150806029753759,0,-0.6046391324231399,0.3110179395049575,-0.0019760806600567,-0.0026347742134089,0.0,-0.0817301943812819,-0.1286464710716633,0.0,-0.6907876302614948,1,0,0,0,1,0,0,0,0,0,0,0,0,0,1
3398,0.6188078549964714,2,0.0479471457943023,2.058963127525121,-0.25,-0.3333333333333333,0.0,-0.292764572220179,-0.4210279148077518,0.0,0.540417675382599,1,0,0,0,1,0,1,0,0,0,0,0,1,0,0
3399,0.7325195229639684,1,-1.105263157894737,0.3816365245717136,-0.2518961498776324,-0.3358615331701766,0.0,-0.3494063129356287,-0.5962363661512441,0.0,-0.5020420075605272,0,0,0,0,0,1,0,1,0,0,1,0,0,0,0
3400,-0.6670349949918957,1,0.0195599725872182,0.4041743560109376,-0.3321362662763392,-0.4428483550351189,0.0,-0.3516945814966425,-0.3616466849130885,0.0,-1.0373565534858515,0,0,0,0,0,1,0,0,0,0,1,0,0,0,0
3401,-0.2692307692307692,1,0.0385426363484326,0.1637183484367033,1.7376918580087086,1.983589144011612,1.0,1.742898837252018,1.8824293080894403,2.0,1.2231949895438208,0,1,0,0,0,1,0,0,0,0,0,0,1,0,0
3402,0.335553386154345,0,-0.1052631578947368,0.0581809708328829,-0.25,-0.3333333333333333,0.0,-0.3593147009265078,-0.5845470088337691,0.1207313400021617,0.8275797938458213,0,0,0,0,0,1,0,0,0,1,0,0,1,0,0
3403,-0.3301660078045454,2,0.9373169127390908,1.792597760505038,0.0,0.0,0.0,-0.1092915835378854,0.2512989211801565,0.2584316202918181,0.3016441470465384,0,1,0,0,0,1,0,0,0,0,0,1,1,0,0
3404,0.0559993623391249,1,-0.5208499585602507,0.2676811734515743,2.386004144795688,2.6666666666666665,1.5440165791827516,2.797777621967613,2.0183996647249844,0.4559834208172484,0.1633954556194914,0,0,0,0,0,1,0,0,0,0,0,0,0,1,0
3405,-0.479189944002024,0,-0.067124375075346,0.2688539727545323,1.5,1.7879764120900583,0.6360707637298251,1.3103173126932843,1.8115065889570567,2.0,0.9789421286964912,0,0,0,0,0,1,0,0,0,0,0,0,1,0,0
3406,0.7356221604269819,1,1.5263157894736843,-0.1302573404625637,1.25,1.2596455428487572,1.2210633714537285,1.8083617277753217,1.4332991255613432,2.221063371453728,-0.0473651164757758,0,0,1,0,0,0,0,0,0,0,0,0,0,1,0
3407,-0.7802734692469101,1,0.5433705693679506,-0.4556329931834078,4.771602721199404,5.681068480799603,2.043205442398808,4.584283098228958,5.53945499103302,2.043205442398808,0.9659341704163242,0,0,0,0,0,0,0,0,0,0,0,0,0,1,0
3408,-0.7974510443773453,0,-0.0651233337817359,1.3743973019929991,-0.1870479764947493,-0.2493973019929991,0.0,-0.1674059432817229,-0.1727494106495105,0.0,-0.5,0,1,0,0,0,1,0,0,0,0,0,0,0,0,1
3409,-0.0518030520410161,0,0.9069080474760148,0.6210288574407288,-0.25,-0.3333333333333333,0.0,-0.2611282484923689,-0.5498164851255395,0.0,0.602824602943585,0,0,0,0,0,1,0,0,0,0,0,0,1,0,0
3410,-0.251607069020227,2,0.8135903266038998,2.083333333333333,0.0902972990876504,0.1203963987835339,0.0,-0.0414214545928056,0.2828347999565548,0.0,0.3729022904829931,0,1,0,0,0,1,0,1,0,0,0,0,1,0,0
3411,-0.4272198620767712,0,-1.071247448211773,0.3522571495394461,-0.5,-0.6666666666666666,0.0,-0.6057083681168304,-0.6488146655149246,0.0,-0.9440703235020498,0,0,0,1,0,1,0,0,0,0,0,1,0,0,0
3412,0.9246084808629634,2,-0.7031515965767385,-0.1233408123984562,-0.25,-0.3333333333333333,0.0,-0.3025122985703353,-0.1940210516472706,0.0,0.0261515449030391,0,0,0,0,0,1,0,1,0,1,0,0,0,0,1
3413,0.6268388476423479,0,0.5932795448102011,0.2819140283152922,1.75,2.333333333333333,0.0,2.2405297153850983,1.2109318864296896,2.0,0.2018004870802537,0,1,0,0,0,1,0,0,0,0,0,0,0,0,0
3414,-0.6878968880043914,1,1.1134026519166422,-0.5528888040959177,0.8653343508489875,0.4871124677986499,2.0,0.8905233690843285,0.7741276753186843,1.0,-0.7868739864439729,0,0,0,0,0,0,0,0,0,0,1,0,0,0,1
3415,-0.5976752392498271,0,0.3233681060810765,2.083333333333333,-0.1348890551238762,-0.1798520734985016,0.0,-0.2742907566365726,-0.2641011678114058,0.0,-0.0525807873873814,1,0,0,0,1,0,0,1,0,0,0,0,0,0,0
3416,0.4821802577884745,1,1.5263157894736843,0.1443047207291526,1.25,1.0906842744230856,1.7279471767307433,1.9766784534104056,1.3684973952005617,2.7279471767307437,0.1085991313017671,0,0,1,0,0,0,0,0,0,0,0,0,0,1,0
3417,-0.3710639341491841,1,-0.4608213685539605,0.1216901188973065,-0.5,-0.6666666666666666,0.0,-0.6057083681168304,-0.6488146655149246,0.0,0.9169663733488737,0,0,0,1,0,1,0,0,0,0,0,0,0,0,0
3418,0.8746612332485959,1,-0.5634715959114456,0.3904415013429894,-0.1713245040289683,-0.2284326720386244,0.0,-0.0999858985505656,-0.413829600803448,0.0,-0.4728476799108666,0,0,0,0,0,1,1,0,0,0,0,1,0,0,1
3419,-0.6000298905664748,0,1.1917419059984375,0.7495591764662295,2.727032278072489,3.302709704096652,1.0,2.983538715046661,2.226574271389034,1.0,0.5949974693600275,0,0,0,0,0,0,0,0,0,0,0,0,0,1,0
3420,-0.404300630376075,1,0.5459123872782072,-0.340597970390209,0.25,0.3333333333333333,0.0,0.0654506654439589,0.0706645976198244,0.0,-0.7638661141733841,0,0,0,0,0,1,0,0,0,0,0,1,0,0,1
3421,-0.4042925334590408,2,-0.1334114531476411,-0.1220985325162349,-0.1279014674837651,-0.1705352899783534,0.0,-0.1736126256671941,-0.3342117784436259,0.0,-0.4570746654095922,0,0,0,0,0,1,0,0,0,0,0,0,0,0,1
3422,0.3693347858015195,0,0.0374826283567259,2.083333333333333,2.886992919217592,3.2328825948600817,1.8493238922901227,2.757051741639996,3.175889413248665,5.6986477845802455,0.2017930562096389,0,0,0,0,0,0,0,0,0,0,0,0,0,1,0
3423,-0.5706574827460063,1,0.1996511002352448,-0.1449224240223643,0.5,0.3333333333333333,1.0,0.4852760213041346,0.32403235192969,1.0,-0.3513751746347383,0,0,0,0,0,1,1,0,0,0,1,0,0,0,1
3424,0.549201998320871,1,-0.2231710183097781,-0.0588923520539692,4.456708224647631,5.13780548309842,2.413416449295261,4.155896851348988,5.163098298820164,3.5865835507047388,-0.099483982719413,0,0,0,0,0,0,0,0,0,0,0,0,0,1,0
3425,-0.2734944158345718,2,0.568608407061216,0.231739364384985,3.3709074944617314,3.827876659282308,2.0,3.136568201533257,3.678094895784964,3.4836299778469253,0.6465780931118624,0,0,0,0,0,1,0,0,0,1,0,0,0,1,0
3426,0.4043520164556454,1,-0.1443907255829794,0.4978079286922031,-0.25,-0.3333333333333333,0.0,-0.3024218355362865,-0.3384048861629004,0.0,-0.6538461538461539,0,0,0,0,0,1,1,0,0,0,1,0,0,0,1
3427,0.747990846974974,2,-0.7140614249854018,0.9651741034995004,-0.25,-0.5373135017791103,0.611940505337331,-0.4543295915690801,-0.2740916457731859,0.0,0.6865673312339982,0,0,0,0,0,1,1,0,0,0,1,0,1,0,0
3428,-0.1918198638995628,1,-1.011150601321947,0.05685065519371,-0.5,-0.6666666666666666,0.0,-0.6057083681168304,-0.6488146655149246,0.0,-0.8701115667976766,0,0,0,0,0,1,0,0,0,0,0,0,0,0,0
3429,-0.4358744966359842,1,0.4353553321800987,0.1186846095171802,0.4621076571030816,0.2828102094707754,1.0,0.4331594271872362,0.2793059534135211,0.0,-0.9055881494321916,0,0,0,0,0,1,0,0,0,0,1,0,0,0,1
3430,0.3701912429776067,0,0.1496626750080104,2.0247352579298608,0.2265607698386108,0.0,0.9062430793544434,-0.2071258485632184,0.0608023058727036,0.0,0.9891818937716664,1,0,0,0,1,0,0,0,0,0,0,0,1,0,0
3431,0.3890052339831634,2,-0.2974262833598394,-0.1233246048744645,-0.3557068041781125,-0.47427573890415,0.0,-0.5394725262170408,-0.4742059110353817,0.0,0.3518405077345692,0,0,0,0,0,1,0,0,1,0,0,0,0,0,0
3432,-0.2314272127727396,0,0.0729311688187905,0.364761536792617,1.407853831133553,1.5438051081780706,1.0,1.2575165644411248,1.6286097973943674,2.122861558488596,1.058021298694062,0,0,0,0,0,1,0,0,0,0,0,0,1,0,0
3433,0.0837529004527289,1,-0.9036317137512556,1.3207749359681535,2.391549871936307,2.8553998292484093,1.0,2.391839714473811,2.2565068725697133,2.433800512254772,0.3447460159314076,0,0,0,0,0,1,0,0,0,0,0,0,0,1,0
3434,0.7546995518033588,0,0.086494352412157,-0.1308184927089205,-0.2097879565105634,-0.2797172753474179,0.0,-0.3859267706288774,-0.3068941342273609,0.8391518260422538,-0.3708997190704224,1,0,0,0,1,0,0,0,0,1,0,0,0,0,1
3435,-0.4069393558265257,1,0.4172988001254459,2.0649184302145405,-0.1395105812872417,-0.1860141083829889,0.0,-0.1871744340716114,-0.3115783270562389,0.0,-0.3040883183093372,0,1,0,0,0,1,0,0,0,1,0,0,0,0,1
3436,-0.4321170898966998,0,-0.286066139505112,0.2789262520086921,-0.2029380542164274,-0.2705840722885699,0.0,-0.4689795491749744,-0.2684340855406907,0.0,0.3031722242824193,1,0,0,0,1,0,1,0,0,0,0,1,0,0,0
3437,0.0618886556046081,0,-0.3548269506059436,-0.3642380025630387,0.629143969243535,0.5055252923247133,1.0,0.5954762599354025,0.775090255533368,2.0,-0.6958665064902181,0,0,0,0,0,1,0,0,0,0,0,0,0,0,1
3438,-0.2848943807067349,0,1.3559421873342128,-0.2429101892614521,-0.4703626949187554,-0.6271502598916738,0.0,-0.5708575305713557,-0.5914686562589603,0.0,0.3162216036586662,0,0,0,0,0,1,0,0,1,0,0,1,0,0,0
3439,0.4722270037403411,1,-0.4298049320133366,2.083333333333333,-0.5,-0.6666666666666666,0.0,-0.6057083681168304,-0.6488146655149246,0.0,0.299020979674209,0,0,0,0,0,0,0,1,0,0,1,0,0,0,0
3440,0.4822715789554299,0,-1.0204161965545029,0.931569877953101,-0.5,-0.6666666666666666,0.0,-0.6057083681168304,-0.6488146655149246,0.0,0.1797135997225654,0,0,0,1,0,1,0,1,0,0,0,0,0,0,0
3441,0.9569160186900746,1,-0.7052148647215628,1.496789009372041,-0.2199541214854846,-0.3333333333333333,0.1201835140580612,-0.249962345287071,-0.2867309318666823,0.0,-0.9861326714548392,0,0,0,1,0,1,0,0,0,0,0,0,0,0,1
3442,0.8430016467308542,1,-0.9971243092983232,0.964633593981686,-0.4143900781945058,-0.5525201042593411,0.0,-0.5234212326838656,-0.4957866221609055,0.0,-0.8087430408333051,0,1,0,0,0,1,0,1,0,0,1,0,0,0,0
3443,-0.7556536530728555,2,0.4913718973624572,-0.3648451783320743,0.3445355349962229,0.4593807133282972,0.0,0.4732974166411411,0.2618459428037517,0.0,-0.5743379534624101,0,1,0,0,0,1,0,0,0,0,0,0,0,0,1
3444,0.3024915092850908,0,-0.1307734790076325,-0.4033805189646909,-0.1288259747137454,-0.1717679662849938,0.0,-0.1726922702270613,-0.2381328185526496,0.0,-0.5519028977906686,1,0,0,0,1,0,0,1,0,1,0,0,0,0,0
3445,0.6822894793107126,2,-0.3993864535407815,1.018556464726713,-0.25,-0.394960538506544,0.1848816155196321,-0.3436037673791351,-0.3408208781969516,0.0,0.3416351509966259,0,0,0,0,0,1,1,0,0,0,1,0,1,0,0
3446,0.3190108435098987,2,0.97185241246999,-0.2272762535749687,0.5962554399147169,0.590014506439245,0.6149782403411324,0.6958244140160486,0.4602334338839284,1.0,0.1863436431162845,0,0,1,0,0,0,0,1,0,0,0,1,1,0,0
3447,-0.6538461538461539,0,0.0298276425620561,0.0231014038550743,0.0,0.0,0.0,-0.1050713105760162,-0.1960657914866649,0.6878841098799151,0.4610657109170275,0,0,1,0,0,0,0,0,0,1,0,0,1,0,0
3448,0.0432192491456411,2,-0.7958748022234388,1.6298942821317783,-0.5,-0.6666666666666666,0.0,-0.6057083681168304,-0.6488146655149246,0.0,1.004837681281846,1,0,0,0,1,0,0,0,0,0,1,0,0,0,0
3449,-0.7040969870494156,2,1.3562013682074614,0.9006702917512133,-0.1153260831642402,-0.1537681108856536,0.0,-0.0175297769409542,-0.0117170510933959,0.5386956673430391,0.5621571923857352,0,1,0,0,0,1,0,0,0,0,0,0,1,0,0
3450,0.3843329774904074,0,-0.2754867958953798,2.023853229674104,-0.1310397926815405,-0.1747197235753874,0.0,-0.2964745067261414,-0.2161753201337458,0.0,0.494424806755501,0,0,0,0,0,1,0,1,0,0,0,1,1,0,0
3451,0.3061906085621322,1,0.1865338617574903,1.3180179216740395,0.5759761044346141,0.767968139246152,0.0,1.116327732284388,0.7078529071413103,1.0,0.3076923076923077,0,1,0,0,0,1,0,0,0,0,0,1,1,0,0
3452,0.1168801303364484,0,-0.1558008483319423,1.116636650235152,-0.2099909950705456,-0.5599759868547883,0.8399639802821826,-0.5004596423809357,-0.2132344041917848,0.0,-0.5338364562298183,0,1,0,0,0,1,0,0,1,0,0,1,0,0,1
3453,-0.2491713649404778,2,-0.9995876648507642,0.4651417644473007,0.7918298826632392,1.055773176884319,0.0,1.0551044571510118,0.8361689960653673,0.0,0.608647926981214,0,0,0,0,0,1,0,0,0,0,0,1,1,0,0
3454,0.7987821577110853,2,0.7946991857032732,-0.4981613976229224,0.4944841928687671,0.3259789238250228,1.0,0.5452172358485624,0.5000422590919276,0.9889683857375342,0.2316178164817281,0,0,1,0,0,0,0,0,0,0,0,0,1,0,0
3455,0.5000699254663249,0,-0.6050239391941516,-0.281079556675833,-0.5,-0.6666666666666666,0.0,-0.6057083681168304,-0.6488146655149246,0.0,0.4901573576190595,0,0,0,0,0,1,0,0,1,0,0,0,0,0,0
3456,0.1817533131879279,2,0.0,-0.553167882097209,0.9913236098889951,0.907990276555662,1.2413236098889953,1.0753315050722323,1.0128419836055549,1.0,-1.0,0,0,0,0,0,1,0,1,0,0,0,0,0,0,1
3457,-0.1030145701098131,1,-0.142816594285293,-0.1561938233327497,-0.3304052942862145,-0.4405403923816193,0.0,-0.3873551621086976,-0.3381107838885941,0.0,0.9505198189007912,1,0,0,0,1,0,0,0,0,1,0,0,0,0,0
3458,0.8170667439272519,2,-1.002637750691138,-0.425778196272614,-0.5,-0.6666666666666666,0.0,-0.6057083681168304,-0.6488146655149246,0.0,-0.2343609058736032,0,0,0,0,0,1,1,0,0,0,0,0,0,0,0
3459,0.3927851845786953,0,0.1662120857106995,0.936420370229578,-0.1709851857483543,-0.2806567904989029,0.1580296285032912,-0.2045303783410085,-0.4376441338712852,0.0,-0.4331413110178383,0,0,1,0,0,0,0,0,1,0,0,0,0,0,1
3460,0.7172463357496566,2,0.0461421124282894,0.0369105123615327,0.8824202364745536,1.1765603152994046,0.0,1.5243497431763149,0.8094944125186145,0.0,0.1742184979191621,0,0,0,0,0,0,0,0,1,0,0,0,1,0,0
3461,-0.8656211784794362,1,0.2365183873439293,-0.3132688300581677,2.0,1.6666666666666667,3.0,1.6857907803306302,2.477013452253607,1.0041004269768945,-0.3444190501251601,0,0,0,1,0,1,0,0,0,0,0,0,0,1,0
3462,0.3077802901811106,0,-0.8094061715869434,1.6092201141603366,0.0,0.0,0.0,0.0583910173719641,-0.0048006650231845,0.0,0.6540221188237597,0,0,0,0,0,1,0,0,0,0,1,0,1,0,0
3463,-0.5557157687767249,1,-0.0323486377343493,-0.0290679658888138,0.5963439707618404,0.4617919610157872,1.0,0.7682950659254436,0.105490556174793,1.0,-0.3465340953698347,0,0,0,0,0,1,1,0,0,0,0,0,0,0,1
3464,-0.4862832761504532,0,-0.4059615600092858,-0.0594391366813692,-0.5,-0.6666666666666666,0.0,-0.6057083681168304,-0.6488146655149246,0.0,-0.6783174100441078,0,0,0,0,0,1,0,0,0,0,0,0,0,0,0
3465,0.4361999741708394,0,-0.533957741574451,1.860783361314924,-0.5,-0.6666666666666666,0.0,-0.6057083681168304,-0.6488146655149246,0.0,0.368769489060837,0,0,0,0,0,1,0,0,0,0,0,0,0,0,0
3466,0.2559930017759919,2,0.3134148357484682,1.5288564441979409,0.5,0.6666666666666666,0.0,0.9890119130402214,0.5512282775983492,0.7827909023087894,0.4998388171883786,0,1,0,0,0,1,0,1,0,0,0,0,1,0,0
3467,0.2718209033610974,0,0.3665663312691919,0.1537131039915073,1.75,2.333333333333333,0.0,2.183306473562091,1.9577087304953096,2.0,0.2254683500323371,0,1,0,0,0,1,0,0,0,0,0,0,0,0,0
3468,-0.1454867636917018,1,-0.1779186284996632,1.6793473348334975,0.3342394988748769,0.4456526651665026,0.0,0.2838617724084885,0.422043179821447,1.0,-0.5163057649033728,1,0,0,0,1,0,0,0,0,0,0,0,0,0,1
3469,0.6145892800471532,1,0.6332609484170253,0.1255482993614322,0.2504699708812277,0.3339599611749702,0.0,-0.1158582019571182,-0.0539102707448314,1.0,-0.8075477012673146,0,1,0,0,0,1,1,0,0,0,0,0,0,0,1
3470,-0.0769230769230769,0,0.4512115434495453,0.0461723782693062,3.455406853923168,4.0,1.8216274156926704,3.353351468771025,3.726947368901208,5.0,0.0619584960831051,0,0,0,0,0,0,0,0,1,0,0,0,0,1,0
3471,-0.1243296554904473,0,1.243266950290979,-0.4951547699426744,-0.2354643098280231,-0.3139524131040308,0.0,-0.300708197703327,-0.1587436245185273,0.0,-0.2090796425061271,0,0,0,0,0,1,0,0,0,0,0,1,0,0,1
3472,-0.7946533436835906,1,-0.4822606840245891,1.4166120538696156,0.5417212794637177,0.722295039284957,0.0,0.6782022610475313,0.6980480698836875,1.0,-1.0704035949187185,0,0,0,0,0,0,1,0,0,0,0,0,0,0,1
3473,-0.4615384615384615,2,1.2822441347290006,0.0798988433861004,0.6140105400558711,0.8186807200744948,0.0,0.8224667402284365,0.2984337891054033,0.8186807200744948,0.206044255347368,0,0,1,0,0,0,0,1,0,0,0,0,1,0,0
3474,-0.5360910759135373,2,-0.5135508290651879,0.4353877342082676,0.6530816013124014,0.8707754684165352,0.0,0.6939507355735761,0.7916764642269951,0.0,0.5730235093075711,0,0,0,0,0,1,1,0,0,0,0,0,1,0,0
3475,-0.3470488941102138,0,0.6842105263157895,-0.1010665988146714,0.25,0.3333333333333333,0.0,0.0338331372085078,-0.0592177642979317,1.5976728753134442,0.8275470581263071,0,1,0,0,0,1,1,0,0,0,0,0,1,0,0
3476,0.1386571810183239,1,0.2168335418037718,-0.3231010490141072,-0.2185656176525594,-0.3333333333333333,0.1257375293897622,-0.4224732204335735,-0.2080139833300614,0.1257375293897622,0.9755927737666574,0,0,0,1,0,1,1,0,0,0,0,0,1,0,0
3477,0.6923076923076923,1,-0.1557663763160368,0.057023905729803,0.8724725718752937,0.8299634291670582,1.0,1.0574869981925266,0.6460490144312467,1.0,-0.2771853206743873,0,0,0,0,0,1,0,0,1,0,1,0,0,0,0
3478,0.4639935907417694,1,-0.3661817064071131,0.9476944401189994,0.0691488085969284,0.0921984114625712,0.0,-0.0268585966622571,-0.2591504924204316,1.0,-0.1644844320918351,1,0,0,0,1,0,0,0,0,0,0,0,0,0,1
3479,0.2107428157845601,1,0.7796376570354718,1.6727296223801318,-0.2239656605199281,-0.2986208806932375,0.0,-0.2469967017904162,-0.350249829384526,0.8958626420797126,0.3565784036368457,0,0,0,0,0,1,0,0,0,0,1,0,1,0,0
3480,0.0271255794447817,0,-0.0015236210091181,0.1004387554636938,3.25,4.0,1.0,4.3218540858103465,4.066134552930157,4.774561244536306,-0.5384615384615384,0,0,0,0,0,0,0,0,0,0,0,0,0,1,0
3481,-0.168667684168524,0,-0.3215173854176858,0.0,-0.5,-0.6666666666666666,0.0,-0.6057083681168304,-0.6488146655149246,0.0,-0.3171959636791857,0,0,0,0,0,1,0,0,0,1,0,0,0,0,0
3482,0.4675052550962904,0,0.4931383012252471,-0.5437303629819373,0.4867990098828679,0.0,1.947196039531472,0.1867189905622769,0.5155440021123666,0.0,0.5304638233472277,0,0,0,0,0,0,0,0,0,0,0,0,1,0,0
3483,0.3241874926230731,0,0.6003254545108564,0.0225086255528641,0.3783505844390617,0.5044674459187489,0.0,0.5629299954594393,0.1814163818087293,1.4865976622437531,0.2463916782963951,0,0,0,0,0,1,0,0,0,0,0,1,1,0,0
3484,-0.2919193634848824,1,-0.5155237750159721,0.0410093392322227,0.4503155171685331,0.2670873562247107,1.0,0.3264648698012711,0.4054108375394488,1.0,-0.1850279839896201,1,0,0,0,1,0,0,0,0,0,0,1,0,0,1
3485,-0.225800240528149,1,-0.5981931418505423,-0.432796922320213,-0.25,-0.3333333333333333,0.0,-0.2913417197176917,-0.3379263477105324,0.3978543559475189,-0.5690657196882707,0,0,1,0,0,0,0,0,0,0,1,0,0,0,1
3486,0.2237129811482947,0,-0.7701618431427014,-0.4980889323943298,-0.25,-0.3333333333333333,0.0,-0.3807324240303326,-0.2588882413856762,0.0,0.2404715739980178,1,0,0,0,1,0,0,0,0,0,0,0,1,0,0
3487,-0.2795926114807518,1,0.7386145256480233,1.8685946638472095,-0.25,-0.3333333333333333,0.0,-0.2553748555947231,-0.5054118298579034,0.0,-0.3487443067163418,0,1,0,0,0,1,1,0,0,0,0,0,0,0,1
3488,-0.3706879927919172,1,-0.5694181003313118,1.6440928700177275,-0.5,-0.6666666666666666,0.0,-0.6057083681168304,-0.6488146655149246,0.0,1.1993251252017605,1,0,0,0,1,0,0,0,1,0,1,0,0,0,0
3489,-0.2823460625131996,2,0.2821580474925432,1.2907086301654345,-0.5,-0.6666666666666666,0.0,-0.6057083681168304,-0.6488146655149246,0.0,-0.5817694946199873,0,0,1,0,0,0,0,0,0,0,0,0,0,0,0
3490,0.135706224877481,0,0.1237067299153375,0.6793576813196645,-0.2715617362460399,-0.4636104322187021,0.3045843516719467,-0.4478689610813113,-0.410151967842425,0.3045843516719467,1.2942143127541763,0,1,0,0,0,1,1,0,0,1,0,0,1,0,0
3491,0.7001991268057854,0,-0.4628854054236621,-0.1209252088136745,-0.0635186977965813,-0.0846915970621084,0.0,-0.3278801667417014,0.0275818074632683,0.2540747911863255,-0.434102812333728,0,0,0,1,0,1,1,0,0,0,0,0,0,0,1
3492,-0.6936946776579889,1,0.186801566376507,2.083333333333333,0.2409845952230726,-0.0120205397025697,1.0,0.217573597902789,0.0646651585119754,0.0,-0.7664567985301762,0,0,1,0,0,0,0,0,0,0,1,0,0,0,1
3493,-0.0798159296053265,2,-0.3326981074288802,0.3137960848335472,-0.0524604987141023,-0.0699473316188031,0.0,0.0525247687885443,-0.1627007447367229,0.0,0.3300121542418146,0,0,0,0,0,1,0,0,0,1,0,0,1,0,0
3494,-0.5989932304232678,0,1.4250756497014352,2.048952888847245,0.4125653338330576,0.5500871117774101,0.0,1.0844772425905054,0.3315428508147178,0.0,-0.6904147694614111,0,0,1,0,0,0,1,0,0,0,0,0,0,0,1
3495,-0.7892421760353329,2,-0.2631578947368421,1.301506020835729,-0.1300741442296635,-0.173432192306218,0.0,-0.1411679594194368,-0.3473861006278546,0.4797034230813459,0.5862907278086096,1,0,0,0,1,0,0,0,0,0,0,0,1,0,0
3496,0.235872577664582,2,0.5129960627520183,1.6917474559234418,0.4699030528918699,0.6265374038558266,0.0,0.5480005388956399,0.2467039938187598,0.0,-0.3934029363853242,0,1,0,0,0,1,0,0,0,0,1,0,0,0,1
3497,0.621705716927782,1,1.506993143580235,0.4456594813425082,0.2805941893312945,0.3333333333333333,0.1223767573251779,0.6572596429840628,0.0924238759654802,0.0,-0.5110278999018272,0,0,1,0,0,0,0,0,1,1,0,0,0,0,1
3498,0.6449265270692539,2,-0.8964517945954245,-0.2758146024328266,-0.5,-0.6666666666666666,0.0,-0.6057083681168304,-0.6488146655149246,0.0,-0.0203457225778817,0,0,0,1,0,1,1,0,0,0,0,0,0,0,0
3499,-0.5928902151870047,0,-0.0402180210977006,1.068791799750242,0.0,-0.2547141336187709,0.7641424008563129,-0.3027553787796193,0.0426712098710809,0.0,0.2420164308680361,1,0,0,0,1,0,0,1,0,0,0,0,0,0,0
3500,-0.1252752306251503,1,-0.5278223150008229,0.0976261646375337,0.0642889990634771,0.0857186654179694,0.0,-0.0471449611647318,0.1003593753105565,0.0,-0.7703316917313705,1,0,0,0,1,0,0,0,0,0,0,0,0,0,1
3501,0.9591329912731782,1,-0.7203836245006925,1.4583614845982458,-0.2343644432756579,-0.3333333333333333,0.0625422268973684,-0.2415762089326447,-0.2792069707822651,0.0,-0.9927835892041498,0,0,0,1,0,1,0,0,0,0,0,0,0,0,1
3502,0.1772910927206397,0,-0.5147822725540386,-0.1515377802969588,0.5993165420902404,0.4657553894536539,1.0,0.6190452291701153,0.7836462254332788,1.8013669158195191,-0.7318207044765531,0,0,0,1,0,1,0,0,0,0,0,0,0,0,1
3503,-0.3858463425968437,0,-0.0859937016946577,1.2417057380141785,0.25,0.3333333333333333,0.0,0.4229451503254368,0.1442503552636194,1.0,-0.0987510090889201,0,0,0,0,0,1,0,0,1,0,0,1,0,0,1
3504,-0.4744676269393509,1,0.5651501726672103,2.07223399291843,-0.1834039575105781,-0.2445386100141041,0.0,-0.2432047812843071,-0.3906445411803944,0.0,-0.3513581080883149,0,1,0,0,0,1,0,0,0,1,0,0,0,0,1
3505,-0.0380334696091435,0,-0.0790938130284508,0.5958101462704953,-0.0748608776229716,-0.0998145034972955,0.0,-0.3201822559924978,-0.1557805075806584,0.0,0.7075210801513497,1,0,0,0,1,0,1,0,0,0,0,0,1,0,0
3506,0.2896307121031098,2,0.2927010878101903,1.4978817192717198,0.5,0.6666666666666666,0.0,1.013576651400904,0.5699471032511595,0.8265199257340428,0.4611554503121929,0,1,0,0,0,1,0,1,0,0,0,0,1,0,0
3507,-0.1293248744434527,2,0.4362206546375256,-0.4474158075096694,0.5906116838824426,0.4541489118432567,1.0,0.3117268560703234,0.4070922029332875,1.0,-0.7028887126515562,0,0,0,0,0,1,1,0,0,0,0,0,0,0,1
3508,0.1147948283251106,1,-0.1273417929672424,1.7318821445864696,3.629792019858476,4.671778154515708,0.5038336158867806,4.044298341684922,4.187929208636816,5.0,0.0355126031640149,0,0,0,0,0,1,1,0,0,0,0,0,0,1,0
3509,-0.8956534666300552,0,1.3199181962156783,0.095291255515893,-0.4554368832738396,-0.6072491776984528,0.0,-0.575871851513008,-0.5673102262852756,0.1782524669046415,0.3336071924449855,1,0,0,0,1,0,0,0,0,0,0,0,0,0,0
3510,0.257415606069042,0,1.5097848037394666,0.1370278777394981,2.342955635524932,2.895303757016621,0.6859112710498637,3.391370973698089,2.424604353410481,0.6859112710498637,0.8518377606248689,0,0,1,0,0,0,0,0,0,0,0,1,0,1,0
3511,0.4571016774491133,2,-0.3157894736842105,0.2042662812514308,3.502218392044674,3.3392490454524646,3.991126431821304,2.7624903757838077,4.928711795326338,1.0088735681786964,-0.2702546424821572,0,0,0,0,0,0,0,0,0,0,0,0,0,1,0
3512,0.4678387392308911,1,0.2643285946349315,0.1648130584946918,0.0631951030644905,0.0842601374193207,0.0,-0.1055034604371691,-0.0434075368005852,0.0,-0.941666058709701,0,0,0,0,0,1,0,0,0,0,0,1,0,0,1
3513,0.1876860246241285,0,-0.0231535957954563,1.3908407072119604,-0.1849965966714029,-0.5799954622285373,1.0,-0.523516459217304,-0.1639424757852948,0.0,-0.6269256948681515,0,0,0,0,0,1,0,0,0,0,0,1,0,0,1
3514,-0.5310579257820846,1,0.7816283294100934,2.050208501953728,-0.25,-0.3333333333333333,0.0,-0.3169792029494432,-0.5098044478829388,0.0,-0.4116106352916749,0,1,0,0,0,1,1,0,0,0,0,0,0,0,1
3515,0.8389132873192158,0,-0.3157894736842105,-0.3834556819822876,0.0,0.0,0.0,-0.244843598186736,0.0980929729387222,0.0,-0.4632325197547512,0,0,0,1,0,1,0,0,0,0,0,0,0,0,1
3516,-0.2254327260370765,0,-0.3865526500413471,0.6738437573080333,0.0,0.0,0.0,-0.2215899035423819,-0.0719715715855399,0.4344500350785596,0.3814499811115449,1,0,0,0,1,0,1,0,0,0,0,0,1,0,0
3517,0.9223975289113144,0,-0.6917091049875166,-0.3011072988036487,2.494911678758471,2.993215571677961,1.0,2.4754571784309083,2.927513243930332,2.0203532849661165,-0.4105518246362361,0,0,0,1,0,1,1,0,0,0,0,1,0,1,0
3518,0.2759049786595818,2,0.4910835906284394,1.5616421526896924,0.6260294167723691,0.8347058890298255,0.0,0.8111780516683221,0.3689797524582524,0.0,-0.2813122135993248,0,1,0,0,0,1,0,0,0,0,1,0,0,0,1
3519,-0.7808564475000265,0,-0.2317380796491711,0.6289881953934644,0.0,0.0,0.0,-0.0917281150215731,-0.0054163902720582,0.0,-0.3653361616452844,0,1,0,0,0,1,0,0,0,0,0,1,0,0,1
3520,-0.7202964879328031,1,-0.3540899308554148,-0.4368807968403578,0.3964525364929755,0.3333333333333333,0.585810145971902,0.2328057067162681,0.1064240394506296,0.585810145971902,0.6356294862556251,0,0,0,1,0,1,0,0,1,0,0,1,1,0,0
3521,-0.3157964342554575,1,0.2176425830585752,1.4179106430329993,0.25,0.3333333333333333,0.0,0.5336287405637844,0.1281682571013586,0.586479092188707,-0.413520907811293,0,1,0,0,0,1,0,0,1,0,0,0,0,0,1
3522,-0.4042941100922932,1,0.0844557234189394,1.0125970571866636,1.1511646862399625,1.4341097908266416,0.3023293724799248,1.3374069500484675,1.1621803566936777,0.6976706275200751,0.2030398326031029,0,1,0,0,0,1,0,0,0,0,0,1,0,0,0
3523,0.7183599405729838,2,0.8228130365325707,-0.4501453203702763,0.517595769281079,0.3802553847495438,0.9296169228756842,0.5778993266560845,0.4988875766657911,1.0,0.2226481064856559,0,0,1,0,0,0,0,1,0,0,0,1,1,0,0
3524,-0.4113887316356636,1,-0.1785051927176464,-0.485510590851916,-0.1412909699256689,-0.1883879599008919,0.0,-0.2838634178950268,-0.2085546799676088,0.0,0.4916614355104063,0,0,0,1,0,1,0,0,1,0,0,0,1,0,0
3525,-0.8647817387600897,2,-0.6783014627982937,1.9653503462603596,0.471931948291895,0.6105305632504566,0.05613610341621,0.2898340742869492,0.6134601335707691,0.94386389658379,-0.1711188010511415,0,0,0,1,0,1,1,0,0,0,0,0,0,0,1
3526,0.4886713861442854,2,0.233779786335414,2.0122726650103573,0.2131820049689278,0.2842426732919037,0.0,0.2916323260916109,0.1349376617428868,0.0,-0.2683209024367614,0,0,0,1,0,1,0,0,1,0,0,0,0,0,1
3527,0.160222976587021,0,0.0510593700351792,0.9730519991480998,-0.25,-0.3333333333333333,0.0,-0.3408373259864347,-0.5141686765345982,0.0,-0.5346986661424205,0,0,0,0,0,0,0,0,1,0,0,0,0,0,1
3528,-0.5674549357489517,0,0.0068811839057429,1.408323678464403,-0.0942285411840929,-0.3333333333333333,0.623085835263628,-0.4288113066452311,-0.0708079987381546,0.0,0.2547340705870626,1,0,0,0,1,0,0,1,0,0,0,0,1,0,0
3529,-0.3609691708014287,1,-0.3278738483329319,-0.2436221356020637,0.0,0.0,0.0,0.0791375759239686,-0.1666316913137771,0.0,-0.3787281251711357,0,0,0,0,0,0,1,0,0,1,0,0,0,0,1
3530,-0.1700026147474025,0,0.405791262721907,-0.4150755000627558,0.1297734998117325,0.1730313330823101,0.0,0.1827551605421937,-0.316407225440792,1.0,0.4994023853974185,0,1,0,0,0,1,0,0,0,0,0,0,1,0,0
3531,0.580481753445192,0,-0.4351803992553568,1.8132732002482144,-0.5,-0.6666666666666666,0.0,-0.6057083681168304,-0.6488146655149246,0.0,0.8173126623117448,0,1,0,0,0,1,0,0,1,0,1,0,0,0,0
3532,-0.5840612624925476,1,0.6447677275335022,-0.4972919167362373,0.25,0.0,1.0,0.0022790645247291,0.1183477445735665,0.0,1.509547674253476,0,0,0,0,0,1,0,0,0,0,0,0,1,0,0
3533,-0.0360571843488974,1,0.0371588951402118,1.644676170498679,0.1765047519160061,0.2353396692213415,0.0,0.0419403582852732,0.1703451162796359,0.7060190076640246,-0.09054504111447,1,0,0,0,1,0,0,0,0,0,0,0,0,0,1
3534,0.1882119976103892,1,0.9753915952973372,1.5369064254603142,-0.5,-0.6666666666666666,0.0,-0.6057083681168304,-0.6488146655149246,0.0,-0.6317673941738279,0,0,1,0,0,0,0,0,0,0,1,0,0,0,0
3535,-0.8904879049111536,1,-0.602723036546718,-0.5771030798604657,0.2250789861085292,0.3001053148113722,0.0,0.1505168624198426,-0.3705887290515502,0.0,1.111672130337511,0,0,0,1,0,1,0,0,1,0,0,0,1,0,0
3536,-0.7211874343609566,0,-0.0556291245860989,1.3677352802105367,-0.0480433348698126,-0.0640577798264169,0.0,-0.1132187365060293,-0.120295613019848,0.0,0.1538461538461538,1,0,0,0,1,0,0,1,0,0,0,0,0,0,0
3537,-0.4579268492275399,1,1.4357059814820805,0.1858180526726139,4.067957355993703,4.454146410655472,2.909390192008396,5.152997385080256,4.5058363939815305,2.0,0.3354456289169412,0,0,0,0,0,0,0,0,0,0,0,0,0,1,0
3538,-0.6246809425938776,2,0.1526876482710795,-0.217491122357079,-0.1950532658575255,-0.2600710211433674,0.0,-0.3211439148156447,-0.4245517296849224,0.0,-0.2037232326364794,0,0,0,0,0,1,0,0,0,0,0,0,0,0,1
3539,0.8022852278356776,2,0.1593745692239198,2.077768546980885,-0.2482426990465952,-0.6619805307909206,0.9929707961863808,-0.5504859330669201,-0.2007607490240252,0.0,-0.3109365556062858,0,0,0,0,0,1,0,1,0,1,0,0,0,0,1
3540,-0.2405906436919575,2,-1.0540124069305477,-0.3891196966145384,-0.25,-0.3333333333333333,0.0,-0.403911417194222,-0.5456581320324925,0.0,0.8758030382957502,0,0,0,0,0,1,0,1,0,1,0,0,1,0,0
3541,0.631670541696945,1,-0.203888499403029,0.126878272920551,0.9436940744328776,0.92492543257717,1.0,1.0199203656942055,1.0218580624803697,1.0,-0.8808036465028446,0,0,0,0,0,1,0,0,0,0,1,0,0,0,1
3542,-0.5303114018795938,0,0.2892441449870119,0.5383102440422645,2.75,3.333333333333333,1.0,2.373892841011585,2.946042996104393,2.7373011837101866,0.805738643647721,0,1,0,0,0,1,1,0,0,0,0,0,0,1,0
3543,0.3708424204102208,0,-0.7694012381442279,-0.4580908395216103,0.0997090074259323,-0.2003879900987568,1.0,-0.0528939891696086,0.4125725799386012,1.3988360297037294,0.2076475396039896,0,0,0,1,0,1,0,0,0,0,0,0,1,0,0
3544,-0.5590668595587207,1,-0.7609663898218173,-0.217759607536579,-0.5,-0.6666666666666666,0.0,-0.6057083681168304,-0.6488146655149246,0.0,0.2902899553170849,0,0,0,1,0,1,0,0,0,0,0,0,0,0,0
3545,0.0265289458351134,0,-0.2938851946004739,0.0,-0.5,-0.6666666666666666,0.0,-0.6057083681168304,-0.6488146655149246,0.0,-0.2095012712633856,0,0,0,0,0,1,0,0,0,1,0,0,0,0,0
3546,-0.046193822941634,0,1.056863987294368,-0.0366406817546045,1.2466493433919583,1.328865791189278,1.0,1.4945112962870064,1.065791686856509,2.0,-0.6548771251101666,0,0,0,0,0,0,0,0,0,0,0,1,0,0,1
3547,-0.39788793109326,1,0.691104355700792,-0.4827613146710912,0.108627155210619,-0.0942485631929206,0.717254310421238,-0.1084333789038798,-0.0135629949548743,0.0,1.2557158488827764,0,0,0,0,0,1,1,0,0,0,0,1,1,0,0
3548,0.3691786855632056,1,0.6151492442836457,1.8054615156002325,0.75,0.6815316361243204,0.9554050916270383,1.2718378429573862,1.229997990886346,1.0,0.0443344900351434,0,0,0,0,0,0,1,0,0,0,0,0,0,0,1
3549,0.4517687169886725,1,0.8669336365250278,1.018986902533228,0.7409280943466244,0.9879041257954992,0.0,0.9432730224593894,0.6409005811624826,0.0362876226135021,-0.4713082060882506,0,1,0,0,0,1,1,0,0,1,0,0,0,0,1
3550,0.785216996529147,0,0.3049600618545043,0.1522632966072213,0.5,0.6666666666666666,0.0,0.5400451886272318,0.2636635059184096,1.0,-0.0118707014287164,0,0,0,0,0,1,0,0,1,0,0,1,0,0,0
3551,-0.0878020968072895,1,-0.0526315789473684,0.4255058703225894,0.75,0.6666666666666666,1.0,0.8950483788720028,0.5353437559901605,1.0,0.7428688554791512,0,0,0,1,0,1,0,0,1,0,0,0,1,0,0
3552,-0.0974887820137805,1,-0.9069813596747816,1.9768966346341357,-0.446781650650401,-0.595708867533868,0.0,-0.5501916303214269,-0.5966740656338702,0.0,0.8141645710318797,1,0,0,0,1,0,1,0,0,0,1,0,0,0,0
3553,-0.2010187740373074,0,0.705402397658011,0.0665564351874079,0.256291336804722,0.341721782406296,0.0,-0.1118393266780741,0.0487585018806681,1.974834652781112,1.3681611191261116,0,1,0,0,0,1,0,0,0,0,0,0,1,0,0
3554,-0.1649203485038468,2,1.5067785740057895,0.4119324465970835,0.3428017734724995,0.1237356979633327,1.0,0.3101074034880253,0.3624503685334161,0.0,0.6614192044023068,0,0,1,0,0,0,0,0,0,0,0,0,1,0,0
3555,-0.1973532877746758,0,1.5263157894736843,-0.3987043737129871,1.178334840854221,1.5711131211389615,0.0,1.3536203594428422,0.8696542709363555,1.0,-0.2254688485298699,0,0,1,0,0,0,0,0,0,0,0,0,0,0,1
3556,0.2221558776373035,0,-0.0925429205414827,0.8161491789043014,0.0388026409284946,0.0,0.1552105637139785,-0.2934262421029009,-0.0468392210983077,0.0,0.6750809860438379,1,0,0,0,1,0,0,0,0,0,0,1,1,0,0
3557,-0.490778709900813,1,-0.0064750978595476,-0.4746319116427883,-0.0670347550238783,-0.3333333333333333,0.7318609799044866,-0.2523310571345854,0.0051385574786485,0.7318609799044866,0.6725310485092951,0,0,0,1,0,1,1,0,0,0,0,0,1,0,0
3558,-0.1923076923076923,2,0.6133827859972779,0.951817424816523,1.171809097798276,1.2812060651988506,0.843618195596552,1.6820295069995423,0.8963636906103428,1.843618195596552,-0.2320370560478778,0,0,1,0,0,0,0,0,0,1,0,0,0,0,0
3559,0.6414541004089559,1,-0.1810911120941604,-0.0477879323581812,4.323455188298174,5.048970125532117,2.1469103765963498,3.979703705909927,5.105290090326111,3.85308962340365,-0.1097342162847558,0,0,0,0,0,0,0,0,0,0,0,0,0,1,0
3560,-0.526845522295314,2,-0.0477367803747299,0.220937133474959,1.2732502932200327,1.3643337242933768,1.0,1.6014885868799662,1.1246084377720509,3.0,-0.4686923979138562,0,0,0,0,0,1,0,0,0,0,0,0,0,0,1
3561,0.3987158582928021,0,0.2105263157894736,0.0041040500415449,0.7147745801495617,0.7464662934662771,0.6196994401994157,1.0181337581814929,0.5061084992348982,0.0,-0.6099653200230095,0,0,1,0,0,0,0,0,0,1,0,0,0,0,1
3562,-0.3941527457641241,2,1.4375800767157674,-0.0802431454890231,0.1095017881332983,0.0,0.4380071525331932,0.303459243100933,-0.0595422449280325,0.0,0.547998899610278,0,0,1,0,0,0,0,1,0,1,0,0,1,0,0
3563,-0.1850458956720994,0,0.2813642340790365,-0.011266573437147,2.2405596643737296,2.769386368332204,0.6540795524983057,2.6439726698333983,2.3132967326513985,2.0,-0.372996509998436,0,1,0,0,0,1,0,0,0,0,0,0,0,1,0
3564,0.6538461538461539,1,0.7808792468355911,-0.1368148451120748,0.1712026197256602,-0.1050631736991196,1.0,-0.1343240903439686,0.0327385983705004,1.0,0.5526777291463569,0,0,0,0,0,1,0,1,0,1,0,0,1,0,0
3565,0.7307692307692307,0,0.3942334204209387,0.4217325560453151,-0.5,-0.6666666666666666,0.0,-0.6057083681168304,-0.6488146655149246,0.0,-0.6855822380979627,1,0,0,0,1,0,0,1,0,0,0,0,0,0,0
3566,-0.8281069852706426,0,0.9473684210526316,2.083333333333333,-0.0216061526906366,-0.0288082035875154,0.0,0.4015165702900146,0.0975506736989452,0.0,-0.4767318355639298,0,0,0,0,0,0,0,0,0,1,0,0,0,0,1
3567,-0.298585218872639,1,-0.6786460249732149,0.7511470626858712,-0.5,-0.6666666666666666,0.0,-0.6057083681168304,-0.6488146655149246,0.0,-0.4827601784488762,0,1,0,0,0,1,0,0,0,0,0,0,0,0,0
3568,-0.0509418199377268,1,-0.5715573607739326,0.2881885793718211,0.25,0.3333333333333333,0.0,0.129639233615078,0.240972306777411,0.0,-0.936067551569598,1,0,0,0,1,0,0,0,0,0,0,0,0,0,1
3569,-0.7282648174437623,0,-0.1357814213008994,0.7366062531937829,0.0,0.0,0.0,-0.0247796048037353,0.0196649002774308,0.0,-0.3945537338987646,0,1,0,0,0,1,0,0,0,0,0,1,0,0,1
3570,0.3412312227487082,0,-0.8947368421052632,1.4136784581330804,-0.0639941042667932,-0.0853254723557242,0.0,0.0164660970254799,-0.1061402768146437,0.0,0.5732452818048167,0,0,0,0,0,1,0,0,1,0,1,0,0,0,0
3571,-0.3370873549447738,1,0.0588349676693652,0.9263347589262876,1.05893219285897,1.3726214619059798,0.1178643857179398,1.1703668698344472,1.1423807536859774,1.1178643857179398,0.3983572197830307,0,1,0,0,0,1,0,0,0,0,0,0,1,0,0
3572,0.708700331297909,1,0.3442647694248592,0.2513650319659184,0.0983619616408978,0.1311492821878638,0.0,-0.145625315885462,-0.0675561649265528,0.3934478465635915,-0.9243369525839248,0,0,0,0,0,1,1,0,0,0,0,1,0,0,1
3573,-0.1138087449073086,1,0.1363240660268641,1.07206246379672,0.7930329061694568,1.0573772082259425,0.0,0.7506134493719936,0.6797326552656275,1.0,-0.6538461538461539,0,0,0,0,0,1,1,0,0,0,0,0,0,0,1
3574,-0.4686271064263219,2,-0.2281661489050107,0.0819394706261027,0.0,0.0,0.0,-0.0043734120587221,-0.0047377396359652,0.0,0.1620110378643189,0,0,0,0,0,0,0,0,1,0,1,0,1,0,0
3575,-0.1397545501124646,0,-0.1055050751697987,-0.156106361617932,-0.5,-0.6666666666666666,0.0,-0.6057083681168304,-0.6488146655149246,0.0,-0.5480327266516714,0,0,0,0,0,1,0,0,0,1,0,0,0,0,0
3576,-0.7493632074571261,1,0.6350645486557307,-0.3553164309801889,0.1236202828237732,0.164827043765031,0.0,0.6147288858165695,0.0565455345705558,0.0,-0.3453047894300143,0,0,1,0,0,0,0,1,0,0,0,0,0,0,1
3577,-0.2810283613182172,0,0.0955767138650427,0.3690356617780124,1.5,1.6734830532060812,0.9795508403817568,1.351055959680501,1.7402985108720035,2.0,1.0714175339489345,0,0,0,0,0,1,0,0,0,0,0,0,1,0,0
3578,-0.7725362709901901,2,-0.6689510450126509,1.9764539673808104,0.4275174638100915,0.5217015942868496,0.144965072379817,0.2414738988618328,0.5168131240524421,0.855034927620183,-0.1984507915014821,0,0,0,1,0,1,1,0,0,0,0,0,0,0,1
3579,-0.8346872588697454,0,-0.719925354403981,1.043866795663336,2.3874221362244428,2.84989618163259,1.0,2.16454798789798,2.5009835829243725,3.0,0.3720135627550403,0,0,0,0,0,1,1,0,0,0,0,1,0,1,0
3580,0.246593198647887,1,0.1772303511667899,0.2365279091877936,1.7022023246338027,2.269603099511737,0.0,2.220007331803244,1.4226793692681388,1.8088092985352109,-0.7120969569599132,0,0,0,0,0,0,1,0,0,0,1,0,0,0,1
3581,0.3698988056414045,2,-0.7167036287724482,0.9583333333333334,-0.5,-0.6666666666666666,0.0,-0.6057083681168304,-0.6488146655149246,0.0,1.0209008602573575,0,0,0,1,0,1,0,0,0,0,0,0,0,0,0
3582,-0.2906375915660583,0,0.1501153926441669,-0.3009046379017184,-0.25,-0.3333333333333333,0.0,-0.3144308083608191,-0.2645581516738156,0.3086987433731952,0.7013382682112608,1,0,0,0,1,0,0,0,0,0,0,0,1,0,0
3583,-0.1760110731503763,2,-0.0191806238349828,2.0438735005108866,0.0,0.0,0.0,-0.0215349786299789,-0.063507545042535,0.0,-0.1844023147661213,0,1,0,0,0,1,0,0,0,0,0,0,0,0,1
3584,0.3733156000036337,1,-0.3426496140433752,0.914444618505834,3.2826438222117247,4.0435250962823,1.0,3.4648641539204235,3.988884109302861,4.032643822211725,-0.5321838803438991,0,0,0,0,0,0,1,0,0,0,0,0,0,1,0
3585,0.3174910898645805,0,-0.2022802278383826,0.3943384814115757,0.4542461389413182,0.6056615185884242,0.0,0.3784670011501864,0.4679446185180672,1.0,-0.3039195128689091,0,0,0,0,0,1,0,0,1,0,0,0,0,0,1
3586,0.5752280645924996,1,-0.4829621727568438,1.0398304033085417,-0.5,-0.6666666666666666,0.0,-0.6057083681168304,-0.6488146655149246,0.0,0.7819433617100986,0,0,0,1,0,1,0,0,0,0,0,0,0,0,0
3587,0.0369131819530915,0,0.6863187514548311,-0.0066676716245558,0.3199979900842217,0.4266639867789623,0.0,0.5478844690335826,0.1844631052302701,1.7200080396631132,0.3092329337554536,0,0,0,0,0,1,0,0,0,0,0,1,1,0,0
3588,0.1129416605467981,1,-0.8994710352290748,1.3227512582661896,2.395502516532379,2.860670022043172,1.0,2.399504335630887,2.255602457105942,2.4179899338704844,0.3490027101117927,0,0,0,0,0,1,0,0,0,0,0,0,0,1,0
3589,0.8017337236100639,1,1.5263157894736843,-0.2018782005775692,1.25,1.3037199183041452,1.0888402450875645,1.764455484467698,1.4502029747138272,2.0888402450875643,-0.0880491553576725,0,0,1,0,0,0,0,0,0,0,0,0,0,1,0
3590,-0.348125473720428,1,-0.0026980166700593,0.5744282807933041,0.987184420817218,0.9829125610896242,1.0,1.0016080548899229,0.98162614476306,1.3162458944229574,0.971730137603532,0,0,0,0,0,1,0,0,0,0,0,0,1,0,0
3591,0.5315222264214309,1,-0.4165067438216265,0.3258157452898834,-0.25,-0.3333333333333333,0.0,-0.320712448096298,-0.2990417372542334,0.0,-0.7588218011706077,0,0,0,0,0,1,0,0,0,0,1,0,0,0,1
3592,-0.7897078356933287,0,-0.0071780129469609,-0.4599569314999078,0.2451292055002765,0.3268389406670353,0.0,0.0195105872045437,0.0997496933489553,1.0,0.5851659599226089,0,0,0,0,0,1,0,1,0,0,0,1,1,0,0
3593,-0.6642725403716713,0,-1.0095117912162617,2.083333333333333,-0.25,-0.5908635013795404,0.7725905041386211,-0.4935791015151568,-0.3767612718934913,0.0,-0.5629055009550664,0,0,0,0,0,0,0,0,0,0,1,0,0,0,1
3594,0.2661708643641936,0,-1.0111544015252445,2.083333333333333,-0.1490055309183629,-0.5320073745578172,1.0,-0.4656013917961282,-0.3203168155764006,0.0,1.0715682434065696,0,0,0,0,0,0,0,0,1,0,0,0,1,0,0
3595,0.5462376683166169,0,0.1998852959877873,-0.1990300559282421,1.8643635491511443,2.333333333333333,0.4574541966045771,2.0714421870131305,1.3966091739152402,2.4574541966045773,-0.7197203468068121,0,0,0,0,0,0,1,0,0,0,0,0,0,0,0
3596,0.5416538505948647,1,-0.0285210483775505,0.1632083285222298,-0.1979249971133379,-0.2638999961511172,0.0,-0.169435877570346,-0.3410498490700587,0.2083000115466483,-0.5416846091671893,0,0,0,0,0,1,1,0,0,0,0,0,0,0,1
3597,0.7406079506307579,2,-0.2869032285936811,1.2108521703966448,0.0883710074599559,0.1178280099466079,0.0,0.089544202730752,-0.0993328124157833,0.0,0.5046501607322671,0,0,0,0,0,1,1,0,0,0,1,0,1,0,0
3598,0.8275423633752901,2,-0.4923579963338626,-0.2123666130460169,-0.1532250402154873,-0.2043000536206497,0.0,-0.1845901286563014,-0.0560010799830886,0.0,-0.0657576489987059,0,0,0,1,0,1,0,0,0,1,0,0,0,0,1
3599,-0.9441425344930816,0,0.2004829690905013,0.0362193642520956,0.1369264742050296,-0.0753823505299802,0.7738529484100592,0.0732313685289559,-0.0903714692927154,0.7738529484100592,-0.2792873275345926,0,0,0,0,0,1,0,0,1,1,0,0,0,0,1
3600,0.5266860560068123,0,-0.7894736842105263,-0.5514414016851167,-0.5,-0.6666666666666666,0.0,-0.6057083681168304,-0.6488146655149246,0.0,0.0702704537610001,0,0,0,0,0,1,0,0,0,0,0,0,0,0,0
3601,-0.0494414543122345,0,-0.6165537993622054,0.6428596061237698,2.642842363257381,2.857123151009841,2.0,2.298843639265059,2.5891408101599462,1.1427389060590485,0.0659749940564832,0,0,0,0,0,1,0,0,0,0,0,1,0,1,0
3602,0.4808682510250384,1,-0.0614486759061578,-0.1003998448007371,4.320479813760885,5.093973085014513,2.0,3.974583858408428,5.137659690130853,3.7180807449564615,0.0418395845435118,1,0,0,0,1,0,0,0,0,0,0,0,0,1,0
3603,0.1670480131530127,1,0.3330724120532018,-0.4853881417307467,-0.25,-0.3333333333333333,0.0,-0.3927765146585212,-0.3608576836853086,0.0,0.7574589592477081,0,0,0,0,0,1,1,0,0,0,0,0,1,0,0
3604,-0.6590630072022604,0,0.3599523930603644,1.261303182271564,0.5879321601110193,0.7118793957529234,0.2160904531853075,0.5132122920686072,0.524955160147552,0.0,0.5707344410825741,1,0,0,0,1,0,0,1,0,0,0,0,1,0,0
3605,0.6482163374898232,1,-0.0603322266028055,0.5050807253269293,0.7012187448803502,0.3008124965869,1.9024374897607004,0.3915199091459772,0.5821905587643061,0.9024374897607004,0.4174495267133344,0,0,0,0,0,1,0,0,0,0,0,0,1,0,0
3606,-0.0888436362315908,1,0.929271426270986,0.1896688485992879,0.2845032728989319,0.0460043638652425,1.0,0.2461152527349404,0.1435470715127471,0.0,1.066306685261867,0,0,0,0,0,0,0,0,0,0,0,0,1,0,0
3607,0.2038773585554691,2,-0.562173585047764,-0.2540652513613918,0.0199188677557801,0.0265584903410402,0.0,-0.1030867321642429,0.1274834875776221,0.0,-0.5445904208479324,0,0,0,0,0,1,0,0,0,0,0,1,0,0,1
3608,-0.2115935605618633,2,-0.2109787077710886,2.052113178637676,-0.0626790718260559,-0.0835720957680745,0.0,-0.0821569135909301,-0.1042623450611498,0.0,-0.3081330998795222,0,0,0,0,0,0,0,0,0,1,0,0,0,0,1
3609,0.7853394184764342,0,-0.438142130444781,-0.3992156299838629,0.0,0.0,0.0,-0.1913873332986974,0.0478674853776708,0.0,-0.4243889584094032,0,0,0,1,0,1,0,0,0,1,0,0,0,0,1
3610,-0.280606195359282,1,-0.0482773045126843,0.813598868052958,0.9467425337294166,1.2623233783058887,0.0,1.1479715054566142,0.9187070882540288,0.7869701349176663,0.2913053949936666,0,1,0,0,0,1,1,0,0,0,0,0,1,0,0
3611,0.8458683329540856,0,0.7721902927436411,0.9353226545035884,0.75,0.7039786423405101,0.8880640729784697,0.9584331776408412,0.7078418738865924,2.77612814595694,1.2686597428312485,0,0,1,0,0,0,0,0,0,0,0,0,1,0,0
3612,-0.6753743745364819,0,0.3265137033765092,0.9081766514935968,1.4110066565512869,1.5480088754017158,1.0,1.533101380611298,1.378347422827862,0.0,-0.2164482253589648,0,1,0,0,0,1,0,0,0,0,0,1,0,0,1
3613,-0.0468993007794121,0,-1.002309282318576,1.7180068178780623,-0.5,-0.6666666666666666,0.0,-0.6057083681168304,-0.6488146655149246,0.0,-0.3604980420942313,0,0,0,1,0,1,0,0,0,0,0,1,0,0,0
3614,-0.4603826377630781,0,-0.6037959686096803,1.3651640957586682,-0.5,-0.6666666666666666,0.0,-0.6057083681168304,-0.6488146655149246,0.0,-0.0803905482492272,0,0,0,0,0,1,0,0,0,0,0,1,0,0,0
3615,-0.0176476521046277,2,1.5263157894736843,-0.1015369332182428,2.75,3.333333333333333,1.0,3.626506070575673,2.426465026010792,2.0,-0.1954739265599752,0,0,0,0,0,0,0,0,0,0,0,0,0,1,0
3616,0.3185300087501892,2,0.0465266058887404,2.083333333333333,0.0,-0.113259157187295,0.3397774715618851,-0.2173257359768729,-0.2517623675425597,0.0,-0.9186155966110026,0,0,0,1,0,1,0,0,0,0,0,0,0,0,1
3617,0.5219453192471945,1,1.452289089486697,-0.1337458250131113,0.8139321499887617,1.0852428666516825,0.0,1.5348901430895,0.5031877551451369,1.0,-0.5523337884658608,0,0,1,0,0,0,0,0,0,0,0,0,0,0,1
3618,0.5633804837459309,2,-0.2823924590919185,0.7120706465903763,-0.25,-0.3333333333333333,0.0,-0.4434046207564055,-0.5205236426773404,0.4551522409154843,0.7832867970287097,0,0,0,1,0,1,0,0,0,0,0,0,1,0,0
3619,-0.6406663385938376,0,0.0579526428647017,1.024343757445463,0.0,0.0,0.0,0.1185565625940293,0.0489722667409976,0.0,-0.4907086545334274,0,0,0,0,0,1,0,0,0,0,0,1,0,0,1
3620,0.3234473474247843,2,-0.6462501980112183,0.5095608999341324,-0.0614730799209589,-0.0819641065612786,0.0,-0.153580802264405,-0.096904661779996,1.0,0.3530834397932773,0,0,0,1,0,1,0,0,0,0,0,0,1,0,0
3621,-0.2692307692307692,1,0.1014851203013701,0.3630362142876721,1.513459258926369,1.6846123452351585,1.0,1.3755320396050452,1.7443473083090109,2.0,1.0852056978008424,0,1,0,0,0,1,0,0,0,0,0,0,1,0,0
3622,-0.8745177758489948,0,0.571774523940341,0.7140118352138967,1.2815634456981533,1.3754179275975378,1.0,1.1749450257479368,1.360059640279075,0.0,-0.4753346470652317,0,1,0,0,0,1,0,0,0,0,0,1,0,0,1
3623,0.1121366306437271,0,0.051520426272854,-0.0754163705274183,-0.1701853168026288,-0.2269137557368384,0.0,-0.1452440909192705,-0.5110515883218197,0.6596293663947422,1.1693733206174068,0,1,0,0,0,1,0,0,0,1,0,0,1,0,0
3624,0.6860915457197742,1,0.1509821747894157,-0.0496625393154434,3.790404952821468,4.053873270428624,3.0,3.2049351603038807,4.230937512204228,1.3232396225717429,1.3162377721482852,0,0,0,0,0,1,0,0,0,1,0,0,0,1,0
3625,-0.5103569047871002,0,1.5263157894736843,0.1569366680819506,-0.5,-0.6666666666666666,0.0,-0.6057083681168304,-0.6488146655149246,0.0,0.1718092281563989,0,0,0,0,0,0,0,1,0,0,0,0,0,0,0
3626,0.612264623607103,1,-0.1213838633997311,-0.0639008524168303,4.276681022900196,5.0355746972002615,2.0,3.917407953303803,5.097740953398624,3.893275908399215,-0.0558654104534079,1,0,0,0,1,0,0,0,0,0,0,0,0,1,0
3627,-0.2045943548028947,0,0.8842584890460294,1.3364236555001177,-0.0300911291874559,-0.0401215055832746,0.0,-0.0074752927020117,-0.3797571794856117,0.4398177416250881,0.552349751932672,0,0,0,0,0,1,0,0,0,1,0,0,1,0,0
3628,-0.0196235806919561,0,-0.0387441772111791,1.864370560458524,0.1869528697504896,-0.0840628403326805,1.0,-0.1983418648233103,0.2009567961804191,0.2492704930006528,-0.8746913624233532,0,0,0,1,0,1,0,0,0,0,0,1,0,0,1
3629,0.2996116805351231,1,-0.5080060824896927,1.09600963060868,3.13949518469566,4.0,0.5579807387826399,3.4528921178211878,3.7243465180424224,4.44201926121736,-0.1134430180602305,0,0,0,0,0,0,1,0,0,0,0,0,0,1,0
3630,-0.371443878628776,1,-0.1107909068192342,-0.2992782080073095,-0.1381284036956813,-0.184171204927575,0.0,-0.2535508206842243,-0.4703785538336604,0.0,0.8926944022742654,1,0,0,0,1,0,0,0,1,1,0,0,1,0,0
3631,-0.0203554018989042,0,1.5263157894736843,-0.1029483146095203,1.0235379775314244,1.0627679400837986,0.905848089874302,1.4502834301164065,1.059503897694425,0.0941519101256979,0.7221548141679204,0,0,1,0,0,0,0,0,0,0,0,0,1,0,0
3632,0.0865651715048913,0,-1.0690880849885156,-0.1407262752893798,-0.5,-0.6666666666666666,0.0,-0.6057083681168304,-0.6488146655149246,0.0,-0.1058493606685202,0,0,0,1,0,1,1,0,0,0,1,0,0,0,0
3633,-0.7425159464569588,2,1.169560970080196,0.9274769662288372,-0.1087845506567441,-0.1450460675423255,0.0,-0.1607413704491694,-0.0906331557684683,0.0,0.4348236387646511,0,0,0,0,0,1,0,0,0,0,0,0,1,0,0
3634,0.4513499445882805,1,-0.6183340079043256,1.382174379035035,0.1523179085965967,0.0728477562575911,0.3907283656136132,-0.0179881791922734,-0.1854787896350674,0.0,-0.3545593564912605,0,0,0,1,0,1,0,0,0,0,0,1,0,0,1
3635,0.030068695017985,0,-0.1349248495229065,-0.4408387607788308,0.0504139529439179,0.0672186039252238,0.0,0.0656758505373121,-0.0702578560987076,1.2016558117756715,0.875904115830356,0,1,0,0,0,1,0,1,0,0,0,1,1,0,0
3636,-0.0661279491987941,2,-0.0195754035745718,-0.2616947217013063,0.0,0.0,0.0,-0.0291222267231071,-0.4667602468588042,0.0,0.5902843850481455,1,0,0,0,1,0,0,0,0,0,0,0,1,0,0
3637,-0.4081143522181268,0,-0.193486554250339,0.1975631626600661,0.7258484096158413,0.6344645461544551,1.0,1.0585278005140275,0.3377329210913115,0.5483031807683173,-0.2953402279591771,0,0,1,0,0,0,0,0,0,0,0,0,0,0,1
3638,-0.0542490168484128,0,0.265225218037908,2.083333333333333,0.0,0.0,0.0,-0.1192660288005273,0.029895286060674,0.0,0.022674060074664,0,0,0,0,0,0,1,0,0,0,1,0,1,0,0
3639,-0.1897722969135752,0,-1.0020227678167786,0.7094786538220105,0.25,0.3333333333333333,0.0,0.3234291947397527,0.3258183103170748,1.0,-0.1046067724643889,0,0,0,0,0,1,0,0,1,0,0,0,0,0,1
3640,-0.0213608162413793,1,-0.7338339719993401,-0.4730652937706374,-0.25,-0.3333333333333333,0.0,-0.2924991380637776,-0.3202405748189745,0.5589278417492163,-0.5814559878268628,0,0,1,0,0,0,0,0,0,0,1,0,0,0,1
3641,-0.5903571044802496,1,1.0194349953321895,0.8732527570998943,5.146706954783387,6.601463575651828,0.7824370921780601,6.6322962782483,5.611508006054333,4.804390726955485,0.2893438597982146,0,1,0,0,0,1,0,0,0,0,0,0,0,1,0
3642,-0.2138526879738125,0,-0.4701903409929056,2.083333333333333,-0.25,-0.6044255680756528,0.8132767042269585,-0.5045579651827546,-0.4281040328650856,0.0,-0.728693990249867,0,0,0,0,0,0,1,0,0,0,1,0,0,0,1
3643,-0.5434012789696614,0,-0.6594641830436141,0.2930998811990387,-0.2264909738914334,-0.3019879651885778,0.0,-0.3389599633848956,-0.3578000666336721,0.0,-0.949365174535395,0,0,0,1,0,1,0,1,0,0,0,0,0,0,1
3644,-0.0249975149182126,1,0.834735481849969,1.8455526839054903,-0.25,-0.3333333333333333,0.0,-0.1865115393272884,-0.2830637695999042,0.0,-0.2170511163791629,0,0,0,0,0,1,0,0,0,0,0,0,0,0,1
3645,-0.6410653564352464,0,1.5263157894736843,1.7587288655876536,0.5,0.6666666666666666,0.0,1.0513471268566998,0.4481021431628419,0.0,-0.5815273137165645,0,0,1,0,0,0,0,0,0,0,1,0,0,0,1
3646,0.542529490858984,0,0.5318824611754518,-0.5372597182361006,0.569110422645849,0.1842944603889307,1.723558309416604,0.3593654281328121,0.7181652036653625,0.0,0.7764416905833961,0,0,0,0,0,0,0,1,0,0,0,0,1,0,0
3647,0.0649096499274802,1,0.2040267884813086,-0.5833333333333334,1.4219127245286216,0.8958836327048288,3.0,0.6230860047872921,1.5428076349154067,0.3123491018855135,0.721269921626528,0,0,0,0,0,1,1,0,0,0,0,0,0,0,0
3648,0.186967597354103,1,0.4847799208303183,0.3006636700395078,0.4286626711637882,0.1191084474425254,1.3573253423275764,0.2858764572431155,0.2335364316413254,0.3573253423275764,0.8158007113760019,0,0,0,0,0,1,0,0,0,0,0,0,1,0,0
3649,0.4916678173210644,0,-0.6337679933753058,-0.3015596952799054,-0.5,-0.6666666666666666,0.0,-0.6057083681168304,-0.6488146655149246,0.0,0.517464209091156,0,0,0,0,0,1,0,0,1,0,0,0,0,0,0
3650,0.844983819393667,0,-0.0016010892507714,-0.3002535057980388,-0.2757605173941164,-0.3676806898588218,0.0,-0.4779411737754353,-0.3981244367604057,0.8969579304235343,-0.3223749070208156,1,0,0,0,1,0,0,0,0,1,0,0,0,0,0
3651,-0.3892747361349741,0,-0.7325914687891464,0.2685079796472582,1.8598571075613344,2.479809476748445,0.0,2.1208819858955765,2.817357558153853,1.4798094767484455,-0.4737802034898465,0,0,0,0,0,1,0,0,0,0,0,0,0,0,1
3652,-0.58901470607995,0,-0.1538753865011782,0.4317634813197649,-0.5,-0.6666666666666666,0.0,-0.6057083681168304,-0.6488146655149246,0.0,-0.532587103347876,0,1,0,0,0,1,0,0,0,0,0,1,0,0,0
3653,0.2263215236977537,0,0.9667001515230538,1.1482425079970502,0.1394550479823003,0.0385467946194675,0.4421798080707986,0.2040279776473678,-0.035600058023526,0.0,-0.510991383441799,0,0,0,0,0,1,0,0,0,0,0,0,0,0,1
3654,0.1412202112565552,1,1.4301906606537815,0.3055028594513496,1.25,1.6666666666666667,0.0,1.7269364805448868,0.7612106823936182,0.1660343134161954,-0.031783747983775,0,0,0,0,0,0,0,0,1,0,0,1,0,0,1
3655,-0.867157978670896,2,-0.2224708566988606,1.1221930961168385,-0.153368284659794,-0.2044910462130587,0.0,-0.2703583971927406,-0.3551670492253352,0.0,0.7036273834797783,1,0,0,0,1,0,0,0,0,0,0,1,1,0,0
3656,-0.7376386315309255,1,0.281958359979375,0.3940956184817469,0.25,0.1210335788780034,0.6368992633659896,0.1713650103627646,0.1969775099513991,0.0,-0.9443649596342248,0,0,0,0,0,1,0,0,1,1,0,0,0,0,1
3657,0.2749751591293515,1,0.7019251351294713,1.4466539838853194,-0.2757034147588453,-0.3676045530117937,0.0,-0.1538585798783328,-0.5103488207821185,0.0,-0.1013571477763936,0,1,0,0,0,1,1,0,0,0,0,0,0,0,0
3658,0.8251562176834074,2,0.53382124876555,-0.2840841897190082,1.3733593449917354,0.8874305288815425,2.831145793322314,0.7910119481845805,1.0780448194926275,1.8311457933223136,0.1738341484653529,0,0,0,0,0,1,0,0,0,0,0,0,0,0,0
3659,-0.7139792282611142,1,-0.5240891250951238,1.8298077814006128,-0.3732372240336397,-0.4976496320448529,0.0,-0.4734709747825908,-0.5246190213010264,0.0,0.7621796653653281,1,0,0,0,1,0,0,0,0,0,1,0,0,0,0
3660,0.4158927536314182,2,-0.242999280825202,0.3516514493021092,-0.3504718426577455,-0.4672957902103273,0.0,-0.5370694878641962,-0.4678711001275415,0.0,0.1470249402912224,0,0,0,0,0,1,0,0,0,0,1,0,0,0,0
3661,0.1871717535713259,1,1.484147029322466,0.4430953514142184,0.5083459004465953,0.6777945339287937,0.0,0.648592014533996,0.2774310802080587,1.0,-0.7282012614010476,0,0,0,0,0,1,1,0,0,0,0,0,0,0,1
3662,0.0070061057129554,0,-0.2248744079204062,-0.5530255729369883,-0.1590767188109649,-0.2121022917479532,0.0,-0.1958800564421669,-0.2299525026909003,0.0,-0.5209702884990554,1,0,0,0,1,0,0,0,0,1,0,0,0,0,1
3663,0.0974895973307051,2,-0.1829337867836407,-0.4055264681125347,-0.1336823826495836,-0.1782431768661114,0.0,-0.1184358345178699,-0.4870850331306348,0.0,0.1324741350164096,1,0,0,0,1,0,0,0,0,0,0,1,0,0,0
3664,0.2434544305258964,2,0.0,-0.560880521764455,0.9296224925510268,0.8462891592176934,1.1796224925510268,1.014601222049104,1.0099757449270272,1.0,-1.0,0,0,0,0,0,1,0,1,0,0,0,0,0,0,1
3665,-0.2020249222795819,0,-0.0696712585207263,1.8830055818217075,-0.0782904987043205,-0.3333333333333333,0.6868380051827176,-0.390892719913173,-0.1097309348646564,0.0,-0.6487838481471991,0,0,0,0,0,1,1,0,0,0,0,0,0,0,1
3666,-0.522698188718433,0,0.7054112344860262,-0.3078644241275837,0.25,0.3333333333333333,0.0,0.3195402835397996,-0.1233787368234475,1.2014067276172486,0.0774641260066341,0,1,0,0,0,1,0,0,0,0,0,0,1,0,0
3667,0.0285236471777714,2,-0.2512784810380906,0.0497276973908194,-0.25,-0.6559186257011296,0.9677558771033888,-0.5260978606270356,-0.327736446149597,0.0,-0.2357298650610171,0,0,0,1,0,1,1,0,0,0,0,0,0,0,1
3668,0.4611040505828443,0,-0.2106253919723337,0.2624762191737586,4.25,4.952291312025031,2.143126063924906,3.802733600681332,5.118151306664698,3.713747872150188,0.0277414485402904,1,0,0,0,1,0,0,0,0,0,0,0,0,1,0
3669,0.601812316800519,0,-1.037153480539338,0.1985296676533895,-0.4705890029601687,-0.6274520039468916,0.0,-0.565032163277365,-0.641994724172355,0.0,-0.6357470787447193,1,0,0,0,1,0,0,0,0,0,0,0,0,0,0
3670,-0.3962057053681652,1,0.0800283860962588,1.010844569496436,1.1301348339572297,1.4200898893048195,0.2602696679144594,1.3107647963550175,1.1483905543330255,0.7397303320855406,0.2175989611065333,0,1,0,0,0,1,0,0,0,0,0,1,0,0,0
3671,0.3874488390911673,1,1.0215786856201925,1.4313473810888553,3.670083291889864,4.893444389186485,0.0,4.200719523845651,3.284728904149638,2.3196668324405447,0.5003203534225531,0,0,0,0,0,1,0,0,0,0,0,0,0,1,0
3672,0.3461538461538461,0,-0.8843722010529106,1.546493337744968,-0.0057920052939617,-0.0077226737252823,0.0,0.0995196982564581,-0.0336990809724633,0.0,0.7370067749319588,0,0,0,0,0,1,0,0,1,0,1,0,0,0,0
3673,0.5683915123062364,2,-0.0766356289199821,0.2451196610532957,-0.25,-0.3333333333333333,0.0,-0.3646106138597406,-0.4129577899977692,0.4853589831598871,0.343901382024598,0,0,0,0,0,1,0,0,0,1,0,0,1,0,0
3674,0.7810174706193576,1,-0.7830297948232137,1.2882759886624169,2.5,2.95918870054702,1.122433898358941,2.6173256048813207,2.239870812290798,1.755132203282118,0.4615384615384615,0,0,0,0,0,1,0,0,0,0,0,0,0,1,0
3675,0.4377497761907184,2,-0.329045025277574,0.7840425597842584,1.1374072259863046,1.5165429679817397,0.0,1.5976237763559404,1.0560911557085668,0.0,0.1605983324646989,0,0,0,0,0,1,0,0,0,0,0,1,1,0,0
3676,0.1987761220838239,1,-0.8162531382860192,1.6974550671373545,-0.3307527995965534,-0.4410037327954046,0.0,-0.3053904040689111,-0.4775369535412284,0.0,0.1722247393305002,0,1,0,0,0,1,0,0,0,0,0,0,0,0,0
3677,0.4619879758335905,0,-0.7877820909420147,-0.3739043089056231,-0.5,-0.6666666666666666,0.0,-0.6057083681168304,-0.6488146655149246,0.0,0.8823678131397398,0,0,0,0,0,1,0,0,1,0,0,0,0,0,0
3678,-0.0998326598880937,1,0.8474256689856521,0.1801450280969854,0.2449456144636304,-0.0067391807151593,1.0,0.2086882694624772,0.0068381898572316,0.0202175421454781,1.0652591103006857,0,0,0,0,0,1,0,0,0,0,0,0,1,0,0
3679,0.6682870741506799,1,0.4686950611676435,0.1966387462457123,0.1640335045051451,0.2187113393401935,0.0,-0.1333560981935375,-0.0619086265441394,0.6561340180205807,-0.8738203811498884,0,0,0,0,0,1,1,0,0,0,0,1,0,0,1
3680,-0.6573544175899222,2,0.1558625478098031,-0.1812861564683922,-0.25,-0.3333333333333333,0.0,-0.3638533703582248,-0.5007882103612511,0.0,-0.1018897017214841,0,0,0,0,0,1,0,0,0,0,0,0,0,0,1
3681,0.3263332286231037,1,0.2248949517736291,-0.4974757086239547,3.0934304988375145,3.7912406651166863,1.0,4.639729598900076,3.234877223405209,2.0,-0.1437392289807915,0,0,1,0,0,0,0,0,0,0,0,0,0,1,0
3682,0.8103728898230664,1,-0.7233812574568536,-0.5445706306416553,-0.5,-0.6666666666666666,0.0,-0.6057083681168304,-0.6488146655149246,0.0,-0.91144512267537,0,0,0,0,0,1,0,0,0,0,0,0,0,0,0
3683,-0.5350733662574162,1,-0.0572680251214303,0.3639884403366029,-0.25,-0.3333333333333333,0.0,-0.4335294449011326,-0.5562600563911191,0.0,-0.4185593601380935,0,0,0,0,0,1,0,0,0,0,0,1,0,0,1
3684,0.0953300674191998,0,1.3125131935436272,-0.28826407703581,0.5442603884446284,0.7256805179261713,0.0,0.7650700875753844,0.2090230663171567,1.0,0.2107146828038152,0,0,1,0,0,0,1,0,0,0,0,0,1,0,0
3685,-0.0303941173967814,1,0.249551700731469,1.5565019651224543,-0.25,-0.3333333333333333,0.0,-0.1383243697358565,-0.5463760194342732,0.0,0.779738910773544,0,0,0,0,0,1,0,1,0,0,0,0,1,0,0
3686,0.1194178603424812,2,-0.2958406775674159,0.0157927969257957,-0.4052432184452256,-0.6666666666666666,0.3790271262190974,-0.579353941114393,-0.5251279173486005,0.0,-0.1352349424952457,0,0,0,1,0,1,1,0,0,1,0,0,0,0,0
3687,-0.0262111030659261,1,1.049837619997492,-0.0129121724741876,1.2367286949880865,1.3156382599841154,1.0,1.4742239122298626,1.070648279422327,2.0,-0.6609922411602611,0,0,1,0,0,0,0,0,0,0,0,1,0,0,1
3688,-0.4259096361185834,0,-0.6975088661681381,0.4701763739143564,0.25,0.2210531660462989,0.3368405018611032,0.2431983664237716,0.2101753537262404,1.0,-0.1412954232200848,0,0,0,0,0,1,0,0,1,0,0,0,0,0,1
3689,-0.2821852331961413,0,0.1462599309315732,-0.3054829986854234,-0.25,-0.3333333333333333,0.0,-0.3122427344643521,-0.2658471293395098,0.2964897812833152,0.6994599663512793,1,0,0,0,1,0,0,0,0,0,0,0,1,0,0
3690,0.1569920000145086,1,0.8937633686592998,-0.3333333333333333,-0.25,-0.3333333333333333,0.0,-0.3298481264455375,-0.3543114447999604,0.0,0.5195864614514096,0,0,0,0,0,0,1,0,0,0,0,0,1,0,0
3691,-0.6415696397138706,2,0.4913425962150658,-0.416802666338724,4.639251554681042,5.482085924468404,2.110748445318958,4.380482449602235,5.386992205508676,1.8892515546810416,1.0425955558919069,0,0,0,0,0,0,0,0,0,1,0,0,0,1,0
3692,-0.7137497869495304,0,-0.0126535573623878,1.2215448696167677,0.0,-0.080139196628456,0.2404175898853682,-0.1369707113016187,-0.0305165552478071,0.0,0.1815866449867732,1,0,0,0,1,0,0,1,0,0,0,0,0,0,0
3693,-0.1254829820630374,0,-0.5325970701827505,0.6324590208420162,2.744032783326387,2.9960218555509246,1.988065566652774,1.9799129783540932,2.800993767148957,2.0119344333472258,-0.2257200474300198,0,0,0,1,0,1,0,0,0,0,0,1,0,1,0
3694,-0.9539458469826652,0,0.1000682110934025,0.0545446698092725,0.2746759973063378,0.0658026594835674,0.9012960107746488,0.1846593397321688,-0.0119043601274489,1.0987039892253512,-0.2416596869203678,0,0,0,0,0,0,0,0,1,1,0,0,0,0,1
3695,-0.3478844709184893,1,-0.0892981138203762,-0.1886798773673526,-0.0870830203233935,-0.1161106937645246,0.0,-0.225847050434938,-0.4931895054587081,0.0,0.8612818586605498,1,0,0,0,1,0,0,0,1,1,0,0,1,0,0
3696,-0.1350956292285329,1,-0.272286991845548,0.3998031956186405,0.828515198748183,1.104686931664244,0.0,1.1525690199888698,0.5982598342114109,0.314060794992732,0.2549277534609794,0,1,0,0,0,1,1,0,0,0,0,0,1,0,0
3697,-0.3030378664233512,0,0.6708251588853518,-0.375,0.25,0.3333333333333333,0.0,0.1891045083857057,-0.133006500158598,0.7456780188216833,0.0293448439821134,0,1,0,0,0,1,0,0,0,0,0,0,1,0,0
3698,-0.1153846153846153,0,1.3107223408232995,-0.4548137762178653,-0.2048137762178652,-0.2730850349571537,0.0,-0.2824318505038223,-0.1350369365234063,0.0,-0.3521974072290921,0,0,0,0,0,0,0,0,0,0,0,1,0,0,1
3699,-0.3215590099286505,1,-0.4357332359847458,-0.1866963476747174,0.0,0.0,0.0,0.1686471259074746,-0.039962388376106,0.0,-0.3261812440074315,0,0,0,0,0,0,1,0,0,1,0,0,0,0,1
3700,0.2164297908741717,0,0.7823224834925094,0.9364402119772628,-0.3686412718635767,-0.4915216958181023,0.0,-0.4677881581727833,-0.5985859321532286,0.0,-0.7007775369998992,0,0,1,0,0,0,0,0,1,0,0,0,0,0,0
3701,0.3837446062748409,0,0.126216786008231,2.083333333333333,2.8167450444101503,3.170440039475689,1.755660059213534,2.693046027381789,3.061432371043931,5.511320118427068,0.1837807806179873,0,0,0,0,0,0,0,0,0,0,0,0,0,1,0
3702,-0.192941879834637,0,0.1332493837186707,1.749312963512477,-0.0564716042055867,-0.3709810694703911,0.8870567915888264,-0.4579421210084616,-0.0181095391025984,0.0,-0.6780074085909753,0,0,0,1,0,1,0,0,0,0,0,1,0,0,0
3703,0.0568047381926543,2,-0.2402159295179391,-0.5506410328963967,0.75,0.6666666666666666,1.0,0.5165488093223763,0.7019601909231045,1.0,-0.5836291898332178,0,0,0,0,0,0,1,0,0,0,0,0,0,0,1
3704,-0.3331719807585868,0,-0.082202373962752,0.8829489363974399,0.0,-0.2396924824512852,0.7190774473538556,-0.3578353728904931,0.0356186708775431,0.0,0.3664731913005884,1,0,0,0,1,0,0,0,0,0,0,1,1,0,0
3705,-0.2000456645568172,0,-0.7735904780149541,0.2948713781649646,1.0,1.0,1.0,0.7129826530620397,1.1253109496648,1.420118727847725,-0.1315430279941432,0,0,0,0,0,1,0,0,0,0,0,1,0,0,1
3706,-0.2396277551687571,2,-0.5462400264678168,-0.3530500261921103,-0.2736600314305324,-0.3648800419073765,0.0,-0.3722720305561481,-0.54801636873382,0.0,0.1600306241667735,0,0,0,1,0,1,1,0,0,1,0,0,0,0,0
3707,0.0801011382379188,0,-0.73532237471698,0.1843994953185423,0.3150821748183091,0.3333333333333333,0.2603286992732363,0.2646689847372607,0.3570560589588137,0.0,0.8750812006708588,0,0,0,1,0,1,0,0,0,0,1,0,1,0,0
3708,-0.2522043260591323,2,-0.7469084430481361,-0.4221289054700499,-0.4521848955213533,-0.6029131940284711,0.0,-0.5351728404972994,-0.5974153786197482,0.0,-0.8659082525811682,0,0,0,0,0,1,0,0,0,0,0,1,0,0,0
3709,-0.4790426798177998,0,-0.3063388790026938,-0.374129435191837,0.0,0.0,0.0,0.0239465261622832,-0.2036829762703881,0.613777418815699,-0.5891282879656079,0,0,0,1,0,1,0,1,0,0,0,0,0,0,1
3710,0.0179776224626003,1,-0.3845534927997093,-0.26074909093364,0.1411236364004601,0.1881648485339468,0.0,0.3937684840408288,0.0772072839146239,0.0,-0.1340016782763567,0,0,0,0,0,1,1,0,0,1,0,0,0,0,1
3711,0.5856731804736104,2,-0.7167367287446792,2.083333333333333,-0.0386248653843065,-0.0514998205124087,0.0,-0.2364585289890752,-0.0119939837571137,0.0,0.0769230769230769,1,0,0,0,1,0,0,1,0,0,0,0,0,0,1
3712,0.7252626723100848,1,-0.1353465926299419,0.1369308766614828,2.8809654383307413,3.507953917774322,1.0,2.5535466586816407,2.822164568971778,4.0,-0.5384615384615384,1,0,0,0,1,0,1,0,0,0,0,1,0,1,0
3713,-0.4913544798455707,1,-0.1338160664782731,2.0161503432496843,0.5484510297490524,0.6666666666666666,0.1938041189962092,1.244992662037279,0.4938517718599738,0.0,0.3884948424592056,0,1,0,0,0,1,0,0,0,0,0,0,1,0,0
3714,0.7884537393272149,1,-0.4227060398269781,0.0820243851369756,-0.1718686632033621,-0.3333333333333333,0.3125253471865514,-0.3613828174663344,-0.2135602156505819,0.1562626735932757,0.7043278979687135,1,0,0,0,1,0,1,0,0,0,0,0,1,0,0
3715,-0.4065979900883248,1,0.9724289869772552,-0.1990760050835072,0.5,0.6666666666666666,0.0,0.3446598946337446,0.4122386633335558,0.0,-0.2802220719672393,0,0,0,0,0,1,1,0,0,0,1,0,0,0,1
3716,0.2716242769167198,0,0.5295911157807744,1.1340753833092294,-0.0077788999793394,-0.3333333333333333,0.9688844000826424,-0.0223833528447445,-0.1459469496583411,0.0,-0.9376033846789557,0,1,0,0,0,1,0,0,0,0,0,0,0,0,1
3717,-0.3512400802620194,1,-1.105263157894737,1.590470176556818,-0.5,-0.6666666666666666,0.0,-0.6057083681168304,-0.6488146655149246,0.0,-0.4916198382502185,0,0,0,0,0,1,0,0,0,0,0,1,0,0,0
3718,-0.0736225797155362,2,-0.3135312387527353,-0.0203671736492018,-0.2765859315639436,-0.6666666666666666,0.8936562737442254,-0.5435708655412278,-0.3571905815596154,0.0,-0.3003016671672372,0,0,0,1,0,1,1,0,0,1,0,0,0,0,0
3719,0.5112589995061192,0,-0.9726654363734872,-0.375,0.0787298971532419,-0.2283601371290107,1.0,-0.1716362499914775,0.3004717561894494,0.6850804113870324,0.2044199841774218,0,0,0,0,0,1,0,0,0,0,0,0,1,0,0
3720,0.5770698897740133,0,-0.3662111328753779,2.083333333333333,-0.25,-0.3333333333333333,0.0,-0.4005816305526131,-0.4390686600238246,0.0,0.0386083513124748,0,0,0,0,0,0,1,0,0,0,0,0,0,0,1
3721,0.4633953782449699,2,-0.260789029094481,0.7234724568668016,-0.25,-0.3333333333333333,0.0,-0.4547108868194042,-0.5191579205135072,0.3183305175983799,0.7674996751075054,0,0,0,1,0,1,0,0,0,0,0,0,1,0,0
3722,0.820548616267017,2,-0.9029454597979952,-0.2635786590191858,-0.4582169971321946,-0.6109559961762595,0.0,-0.541845936039232,-0.6214806653664496,0.0,-0.0642815428735466,0,0,0,1,0,1,1,0,0,0,0,0,0,0,0
3723,-0.835522613520835,1,-0.3175869879434224,1.2602270482746398,-0.1638206024229145,-0.2184274698972194,0.0,-0.1401224743089383,-0.4317691811072093,0.0,-0.6140710472721144,0,1,0,0,0,1,1,0,0,0,1,0,0,0,1
3724,0.0394143134037109,0,0.2644616920261307,1.2155585433114742,0.75,1.0,0.0,0.6967728343863576,0.5627605376453452,0.9917426171678388,-0.6573396619674527,0,0,0,0,0,0,1,0,0,0,0,0,0,0,1
3725,0.6538461538461539,1,1.070840113447887,0.7303829318858103,0.018167717902504,-0.3091097094633279,1.0,-0.1715830183923822,0.0896107684308959,1.0,0.5055900670469243,0,0,0,0,0,1,0,1,0,1,0,0,1,0,0
3726,7.746751419188125e-05,0,-1.072809258125701,2.0640638303454684,-0.5,-0.6666666666666666,0.0,-0.6057083681168304,-0.6488146655149246,0.0,-0.5235613763412964,0,0,0,0,0,1,0,0,0,0,0,0,0,0,0
3727,0.320783849717949,0,-0.3527316033333355,-0.1134600308888916,-0.25,-0.6666666666666666,1.0,-0.554943835659865,-0.3313565592718464,0.0,0.2225562144359028,1,0,0,0,1,0,0,0,0,0,0,0,0,0,0
3728,-0.1614738109810789,0,-0.0315347127765276,0.7835784666967424,-0.4665966285628355,-0.6666666666666666,0.1336134857486579,-0.5989255419828543,-0.6354776825819556,0.0,1.2689075164438564,0,1,0,0,0,1,1,0,0,0,0,0,1,0,0
3729,0.2005973026458204,2,-0.1692384141469121,0.4885099562637773,-0.25,-0.3333333333333333,0.0,-0.2981474634169558,-0.58705632055485,0.7844701312086682,0.4893938057819482,0,0,0,0,0,1,0,0,0,1,0,0,1,0,0
3730,0.8676341815491774,1,1.393545013709872,-0.4816036966782754,0.1801889099651737,0.240251879953565,0.0,0.302829103824302,0.0104912968771227,1.0,1.57830169156793,0,0,0,0,0,0,0,0,0,0,0,0,1,0,0
3731,-0.4467903330631852,1,-0.100205973366754,-0.3361877252761241,0.0,0.0,0.0,-0.052266523047944,-0.3295389009880934,0.0,-0.4457295215476201,0,0,1,0,0,0,1,0,0,1,0,0,0,0,1
3732,-0.5344137565357263,0,0.0235488579497654,-0.4747795084936576,0.25,0.0,1.0,0.0334923659450971,0.5921051177210003,2.0,0.3127539376411536,0,0,0,0,0,0,0,0,0,0,0,0,1,0,0
3733,0.291988217586175,1,0.4886163790193518,1.545127642816438,0.5458468286202744,0.3333333333333333,1.1833873144810978,0.2352338290286215,0.8095201761633435,1.0,-0.556426865994184,1,0,0,0,1,0,0,0,0,0,0,0,0,0,1
3734,0.0156735642073681,0,-0.203696501567945,0.2338028751703066,0.3101878167347893,0.0802504223130524,1.0,0.1619304640797852,-0.1008288908987305,0.0,-0.5669410407531505,0,0,0,1,0,1,0,0,0,0,1,0,0,0,0
3735,-0.4443891409693047,1,0.6093869965220647,0.0607385628978633,0.5240980389133012,0.3654640518844016,1.0,0.4723870691067858,0.3366117033890266,0.0963921556532049,-0.8711734546482743,0,0,0,0,0,1,0,1,0,0,1,0,0,0,1
3736,0.2012601210423572,2,-0.1701454287948046,0.4942543823670963,-0.25,-0.3333333333333333,0.0,-0.3021647313839193,-0.5854949216946331,0.7672368528987112,0.4946963529542427,0,0,0,0,0,1,0,0,0,1,0,0,1,0,0
3737,-0.2353324487023282,2,0.0,-0.2564843257483455,0.9426039696600488,0.8592706363267154,1.1926039696600488,1.0215767739518395,0.211784436181135,1.0,-0.7205167587284784,0,0,0,0,0,1,0,0,0,0,0,0,0,0,1
3738,0.5722006187889688,0,0.2322977489761985,2.083333333333333,-0.2352265274804366,-0.3136353699739155,0.0,-0.2949644252484868,-0.3842689296274375,0.0,0.0701045511448169,0,0,1,0,0,0,1,0,0,0,0,0,0,0,0
3739,-0.1884172072377018,0,0.053844854547108,0.6750960509849794,-0.4747118470450618,-0.6329491293934157,0.0,-0.5746249410700454,-0.6415138915358043,0.0,1.345267221677113,0,0,0,0,0,1,0,0,0,1,0,0,1,0,0
3740,-0.4615384615384615,2,-1.068501952374605,1.4894232192585943,-0.5,-0.6666666666666666,0.0,-0.6057083681168304,-0.6488146655149246,0.0,0.1966285065238993,0,0,0,0,0,1,0,0,1,0,0,1,0,0,0
3741,0.8555907824934657,0,0.5461747277676287,0.5668383979889788,0.3128866379308242,0.0838488505744322,1.0,0.0260911864596908,0.2654643469651531,0.8742267241383516,1.0628866379308242,0,1,0,0,0,1,0,0,0,1,0,0,1,0,0
3742,0.1923873998124,1,1.526147221449374,0.4166117167959969,0.4999529001108545,0.6666038668144727,0.0,0.6469875326374191,0.267527376052223,1.0,-0.7307837230428139,0,1,0,0,0,1,1,0,0,0,0,0,0,0,1
3743,0.1473430357555387,0,-0.9895761097564264,1.6789459530960051,-0.5,-0.6666666666666666,0.0,-0.6057083681168304,-0.6488146655149246,0.0,0.7675592589843129,0,0,0,1,0,1,0,0,0,0,0,0,0,0,0
3744,-0.0645043326583809,2,-0.4906782816253734,0.3771334609528141,0.0,0.0,0.0,-0.0502823696984032,0.0257904483908066,0.6102406125735079,0.1773169466374426,0,0,0,0,0,1,0,0,0,0,1,0,1,0,0
3745,0.0345197891105228,0,1.5263157894736843,-0.1623964382030663,1.0948757258436796,1.253001935583146,0.6204970966252814,1.5425408771956182,0.9893917427162608,0.3795029033747186,0.57947931754341,0,0,1,0,0,0,0,0,0,0,0,0,1,0,0
3746,-0.566183253657005,0,-0.2512247166882362,-0.4888623404485372,0.25,0.0,1.0,0.1010154789606472,0.5472643167793395,1.7732696170764894,0.2569304287988666,0,0,0,1,0,1,0,0,0,0,0,0,1,0,0
3747,0.6664890931126769,1,0.5339387273474526,-0.503830845861,0.4045970150332,0.5394626867109333,0.0,0.1105048869317738,0.0337307530627557,0.6183880601327999,-0.122456946204923,0,1,0,0,0,1,0,0,0,0,0,0,0,0,0
3748,0.5396457575385399,1,-1.0510110686314718,-0.2875808743334077,-0.25,-0.3333333333333333,0.0,-0.2723794453081329,-0.3026591407053033,0.0,0.1934919113846938,0,0,0,1,0,1,0,0,0,0,0,0,1,0,0
3749,-0.6086739330204635,2,0.3283307046209515,0.8226990589449783,0.3531902823165065,0.4709203764220087,0.0,-0.0447173251750011,0.3866943831314675,0.0,0.3168570533768491,0,0,0,0,0,1,0,0,0,0,0,0,1,0,0
3750,0.8627156261180937,1,-0.2741798587703714,-0.2849028861061762,-0.0494114177101839,-0.0658818902802452,0.0,-0.0183699520302791,-0.0877495888771889,0.0,-0.8698646270813404,0,0,0,0,0,1,0,0,0,0,1,0,0,0,1
3751,0.013595786220133,1,1.2247247733756244,0.0556199579310991,1.25,1.6666666666666667,0.0,2.277885452961869,0.5521434954829341,1.0,-0.0713772664324242,0,0,1,0,0,0,0,0,0,0,0,0,0,0,0
3752,0.7924614632002027,0,-0.1749474526849405,0.8727499888818482,1.2454999777636964,0.6726666963150716,2.96399982210957,0.4253593033099965,0.8183733898666882,1.981999911054785,-0.4175384341707031,0,0,0,1,0,1,0,0,0,0,0,0,0,0,1
3753,-0.5162093862145865,0,-0.6620292609695133,-0.1012033679827061,-0.1446389896051881,-0.1928519861402508,0.0,-0.1867046103803699,-0.2846138844296934,0.4214440415792474,-0.7892779792103763,0,0,0,1,0,1,0,1,0,0,0,0,0,0,1
3754,-0.6112038436783317,2,-0.2348408038707553,0.5654448057461553,-0.5,-0.6666666666666666,0.0,-0.6057083681168304,-0.6488146655149246,0.0,0.5487028679056618,0,0,0,0,0,1,0,0,1,0,0,1,0,0,0
3755,-0.194904353022554,2,-0.5458590780118536,-0.3375529069949835,-0.25,-0.3333333333333333,0.0,-0.3496038065364615,-0.5378165548792103,0.0,0.2900040549496625,0,0,0,0,0,1,0,0,0,1,0,0,1,0,0
3756,-0.0727760659984647,1,-1.105263157894737,1.966500537195704,-0.5,-0.6666666666666666,0.0,-0.6057083681168304,-0.6488146655149246,0.0,-0.5720210015606588,0,0,0,0,0,1,0,0,0,0,0,1,0,0,0
3757,-0.3248491615492983,0,-0.0834012288073032,0.8782034693044245,0.0,-0.2358961087768729,0.7076883263306187,-0.3570415415391752,0.0339964945075956,0.0,0.3704155793470935,1,0,0,0,1,0,0,0,0,0,0,1,1,0,0
3758,0.2244868437443275,1,0.8703788152192347,1.6374775186744608,-0.25,-0.3333333333333333,0.0,-0.2463183356354056,-0.4060834361524801,0.9727763228920858,0.3846153846153846,0,0,0,0,0,1,0,1,0,0,0,0,1,0,0
3759,0.6622202553205383,1,-0.3478639065790222,1.5217451185416786,-0.5,-0.6666666666666666,0.0,-0.6057083681168304,-0.6488146655149246,0.0,-0.1187088295512419,0,1,0,0,0,1,0,0,0,0,0,0,0,0,0
3760,-0.9152792884809544,1,-0.3102740855728119,0.1998858958543672,0.1503423124368981,0.1002282082912654,0.3006846248737963,0.1608852422494683,-0.1493813390046183,0.3006846248737963,-0.4228136058177706,0,0,0,0,0,1,1,0,0,0,1,0,0,0,1
3761,0.6452208049051735,2,0.5984905737096787,-0.1110601898550294,-0.0401347726248082,-0.053513030166411,0.0,-0.094004533482166,0.1396572326517795,0.0,0.4677130419422782,0,1,0,0,0,1,0,0,1,0,1,0,1,0,0
3762,-0.7964915035450016,2,0.337822634473977,-0.2386241832878922,0.2545503266848431,0.3333333333333333,0.0182013067393723,0.8040746876673224,0.0586681578579223,0.0,-0.430777475928196,0,0,1,0,0,0,0,0,0,0,0,0,0,0,1
3763,-0.0175436141170136,0,-0.143582472816904,1.97289214503228,0.25,0.3333333333333333,0.0,0.244298197069318,0.0764220630407586,0.3786555027464704,-0.2401034228656561,1,0,0,0,1,0,0,0,0,0,0,0,0,0,1
3764,-0.1642077880300478,1,-0.2264245131707991,-0.3579936695122193,-0.5,-0.6666666666666666,0.0,-0.6057083681168304,-0.6488146655149246,0.0,-0.8089485869793822,0,1,0,0,0,1,0,0,0,0,0,1,0,0,0
3765,0.6844359056340745,1,-0.6497819476752877,0.9145079263578124,0.25,0.3333333333333333,0.0,0.1376952681458969,-0.0650685195433318,0.0,-0.6504084313498498,0,0,0,1,0,1,0,0,0,0,0,0,0,0,1
3766,0.5409750682124272,2,-0.6984878311931113,0.9139436761032038,-0.5,-0.6666666666666666,0.0,-0.6057083681168304,-0.6488146655149246,0.0,0.8544530276047186,0,0,0,0,0,1,0,0,0,0,0,0,0,0,0
3767,-0.4578948968357368,2,-0.636564878014255,-0.4622805284279518,-0.5,-0.6666666666666666,0.0,-0.6057083681168304,-0.6488146655149246,0.0,-0.2531698434083905,0,0,0,0,0,1,0,0,0,0,0,1,0,0,0
3768,0.5115748750832556,1,1.0103934382926814,-0.1750262986712401,0.8624605519931399,1.0,0.4498422079725592,1.466359004280602,0.8543522417396324,0.4498422079725592,0.3960688812159934,0,0,1,0,0,0,0,0,1,0,0,0,1,0,0
3769,0.8558636360359055,2,0.0344910288763116,0.1652495269145735,-0.3046107957208268,-0.406147727627769,0.0,-0.5032990126885233,-0.3217595044986293,0.0,0.2440257865903876,0,0,0,0,0,1,0,0,0,1,0,0,0,0,0
3770,-0.4474260637566569,2,-0.0399739761566657,0.1748454834302027,1.3101236132558378,1.4134981510077838,1.0,1.5821434684420257,1.1887359508777986,3.0,-0.4800380348479501,0,0,0,0,0,1,0,0,0,0,0,0,0,0,1
3771,0.1485891588052107,2,-0.6374509388463482,-0.3778475389805109,-0.4658295322338698,-0.621106042978493,0.0,-0.5602551067555667,-0.63372836628043,0.0,-0.6851188485756795,1,0,0,0,1,0,0,0,0,0,0,1,0,0,0
3772,0.6214149812972154,2,-0.4458088705885683,1.3466491170865331,-0.1841710540616999,-0.2455614054155999,0.0,-0.4066266650562782,-0.3243739334492702,0.7366842162467999,-1.0688441288946,0,0,0,1,0,1,0,0,0,0,0,0,0,0,1
3773,-0.7041594821139997,0,0.5813749244387229,-0.0230617821678669,-0.25,-0.3333333333333333,0.0,-0.4413469578422136,-0.46865012514495,0.0,0.1520721706024717,0,0,0,0,0,0,0,0,1,1,0,0,1,0,0
3774,-0.2784184068889708,2,-0.3912015378989797,1.188445212348848,0.6082073050201536,0.8109430733602048,0.0,1.2644618828879577,0.3608444963505555,0.0,0.2525834915353609,0,1,0,0,0,1,1,0,0,0,0,0,1,0,0
3775,0.5602944959248861,1,1.262463112061297,-0.4768976656995132,0.3919142235117601,0.5225522980156802,0.0,0.7703779153732148,0.3501929396317338,1.0,-0.0535669420556494,0,0,1,0,0,0,0,0,0,0,0,0,0,0,1
3776,0.0060912867089777,1,0.586303461995511,1.636710312286191,0.0,0.0,0.0,-0.016983101808243,0.0427236762764165,1.1754651919129675,-0.0249642160066947,0,0,0,0,0,1,0,0,1,0,0,0,0,0,1
3777,-0.8846153846153846,0,0.6724882832123601,0.1835863756705378,0.2128795635058067,0.2838394180077424,0.0,0.3610342159903108,0.401003900707124,0.0,-0.5769230769230769,0,0,0,0,0,1,0,0,1,1,0,0,0,0,1
3778,0.5508055968067516,0,-0.6027738415096301,1.8010979789308952,-0.5,-0.6666666666666666,0.0,-0.6057083681168304,-0.6488146655149246,0.0,-0.033393943395868,0,0,0,0,0,1,0,0,0,0,0,0,0,0,0
3779,-0.6050094671957749,2,-0.2489603235310603,0.2420525649470651,-0.5,-0.6666666666666666,0.0,-0.6057083681168304,-0.6488146655149246,0.0,-0.7980520611317516,0,0,0,0,0,0,0,0,0,0,1,0,0,0,0
3780,0.1860820967587798,1,-0.0850886237174273,0.0760923949817995,2.25,2.800397234538836,0.5988082963834914,1.98572516441908,2.049488485915266,0.0,0.7231685925858853,0,0,0,0,0,0,1,0,0,0,0,0,1,0,0
3781,0.5198434680766669,1,-1.078108938421403,-0.2688099541143405,-0.25,-0.3333333333333333,0.0,-0.2602605270218652,-0.2891687241009867,0.0,0.1736896219228207,0,0,0,1,0,1,0,0,0,0,0,0,1,0,0
3782,0.1767648868035152,1,1.2779659158037266,-0.505861508338975,0.5306901357094499,0.4151736952251996,0.8772394571622004,0.8561805256863592,0.1994982552688177,0.0,-0.0148537417619616,0,0,1,0,0,0,0,0,1,1,0,0,0,0,0
3783,0.0054166284532022,0,0.1892419517505087,1.6081498784691528,-0.2193154407065448,-0.6257539209420597,1.0,-0.5256836977519324,-0.4458493133031988,0.1227382371738204,0.2456272620819576,0,0,0,0,0,0,1,0,0,0,0,0,1,0,0
3784,-0.3575116942455792,2,-0.595875369237005,-0.4021683341407862,-0.3326020009689434,-0.4434693346252579,0.0,-0.4330619899460958,-0.574265599817247,0.0,-0.1120092352412774,0,0,0,1,0,1,1,0,0,1,0,0,0,0,0
3785,-0.4247090407729764,1,1.1366285035002293,1.83598552458942,-0.4148985391626088,-0.5531980522168117,0.0,-0.5112481116908525,-0.60176750029529,0.0,0.3126242516485624,0,1,0,0,0,1,1,0,0,1,0,0,0,0,0
3786,-0.5672173939251538,0,0.2591157109711167,0.7554858208249131,-0.0027429104124565,-0.3369905472166087,1.0,-0.1589493128510292,-0.1131637481853883,0.0,-1.0333977038539266,0,0,0,0,0,1,0,0,1,0,0,1,0,0,1
3787,0.0966966945814483,0,0.046238342883127,-0.0377815263756138,-0.1869119142034309,-0.2492158856045745,0.0,-0.1685966005997621,-0.5180382618882168,0.6261761715931382,1.1822399340026393,0,1,0,0,0,1,0,0,0,1,0,0,1,0,0
3788,-0.1707088956904933,2,-0.3963850800298978,-0.03248833445561,0.1171708698579852,0.1562278264773136,0.0,0.0255875112643259,0.301688057756126,0.0,-0.6153846153846154,0,0,0,0,0,1,0,0,0,0,0,0,0,0,1
3789,-0.102934783350148,2,0.1694565273195352,-0.0404619541120188,3.3309239082240376,3.720615938816025,2.161847816448076,2.943834717812821,3.840399317499783,2.8381521835519243,0.7759030233795876,0,0,0,0,0,1,0,0,0,0,0,0,0,1,0
3790,-0.6591612969973262,0,1.5263157894736843,1.7088279385831306,0.5,0.6666666666666666,0.0,1.0222215357883038,0.4608447269662263,0.0,-0.5552059456262668,0,0,1,0,0,0,0,0,0,0,1,0,0,0,1
3791,0.285737792053706,0,-0.6837601943395264,-0.2140565274763661,0.0354087033018215,-0.4763941977987856,1.570817406603643,-0.4405065057846173,-0.0549931467613004,0.5708174066036431,0.4390903127720332,1,0,0,0,1,0,0,0,0,0,0,0,0,0,0
3792,-0.8482483296010894,0,0.1475436856034211,-0.0505550044108337,0.1830558311279164,0.0,0.7322233245116658,0.1257643805191755,0.0423201782705976,0.7322233245116658,-0.1408121777907049,0,0,0,0,0,1,0,0,0,1,0,0,0,0,1
3793,0.7446745624981574,0,0.2105263157894736,-0.0810751763726523,0.4081293650584514,0.4738927689408456,0.2108391534112685,0.884907338186361,0.4257412982230807,0.0,-0.5627891330859156,0,0,1,0,0,0,0,0,0,1,0,0,0,0,1
3794,0.031267886553461,0,0.0470335561615338,0.5294417757274636,0.0,0.0,0.0,-0.0222742077715521,-0.203380214973579,0.426650654364782,-0.1538461538461538,1,0,0,0,1,0,0,1,0,1,0,0,0,0,1
3795,0.7701355688299918,1,0.5226013490137176,0.5749989086507834,0.4147062675350176,0.0,1.6588250701400704,0.2517483557777217,0.3845287483383426,0.0,-0.1782807800215493,0,0,1,0,0,0,0,0,0,0,0,0,0,0,1
3796,-0.2958584136159552,0,0.0,0.9252567605438032,0.3130768124598516,0.4174357499464688,0.0,0.5604538005591226,0.2592977400392935,1.0,-0.0873371249444099,0,0,0,0,0,1,0,0,1,0,0,1,0,0,1
3797,-0.8253239573214921,1,1.328326188893762,-0.5741572791092786,0.6101126506886576,0.1468168675848767,2.0,0.5177167788191701,0.6718332305668332,1.0,-0.2371657091755701,0,0,0,0,0,0,0,0,0,0,1,0,0,0,1
3798,0.1243314025618303,0,-0.6328026706333749,1.9408907332133096,-0.3720936572457347,-0.4961248763276462,0.0,-0.4416777048528776,-0.5659253645957578,0.0,-0.2343462680052496,0,0,0,0,0,1,1,0,0,0,1,0,0,0,0
3799,0.0095648083901331,0,-0.407240302583833,2.083333333333333,-0.25,-0.5791885830309422,0.7375657490928268,-0.5145219781553692,-0.4210752632913174,0.0,-0.5856325569246996,1,0,0,0,1,0,1,0,0,0,0,0,0,0,1
3800,-0.0097075990462154,2,-0.4263662647410863,-0.1750799191733867,-0.3686900606199599,-0.4915867474932799,0.0,-0.4702815076823952,-0.5903370650999725,0.0,0.10489068529544,0,0,0,1,0,1,1,0,0,1,0,0,0,0,0
3801,-0.2926250719019991,2,0.1813170253538754,-0.3011883226174867,2.241838580613583,2.6666666666666665,0.9673543224543314,1.6783921376231483,2.1758468575385685,0.0326456775456686,0.6810072654649608,1,0,0,0,1,0,0,0,0,1,0,0,1,0,0
3802,0.5760263325141016,2,1.5263157894736843,0.5559482304833936,0.2828621234199278,0.3333333333333333,0.1314484936797112,0.6588117075508478,0.1666773823049747,0.0,-0.6123130559906914,0,0,1,0,0,0,0,0,0,0,0,0,0,0,1
3803,0.5036301342610829,0,-0.7724508174960181,-0.5482945993459705,-0.4838282766212171,-0.6451043688282895,0.0,-0.5779970341941667,-0.6177719102048509,0.0,-0.0520435024941801,0,0,0,0,0,1,0,0,0,0,1,0,0,0,0
3804,0.7991970161001447,2,0.6060036484699092,0.2115103860468601,-0.25,-0.3333333333333333,0.0,-0.3983218333817667,-0.2586776586210204,0.0,1.0531362604650203,1,0,0,0,1,0,1,0,0,0,0,0,1,0,0
3805,-0.5778900753183566,1,0.1605412587660287,0.5967152969380682,0.4937145104306818,0.6582860139075757,0.0,0.5906690825828047,0.9698038055540036,2.9748580417227277,-0.6778027163784965,1,0,0,0,1,0,0,0,0,0,0,0,0,0,1
3806,0.06730561133937,2,0.1081839704575217,0.7349474415305117,0.5763873859673228,0.768516514623097,0.0,0.7681524556599864,0.2498514944152012,0.0,-0.2724365910920048,0,1,0,0,0,1,0,0,0,0,1,0,0,0,1
3807,0.624870045812898,1,-0.1975462530981397,1.5479541204985394,-0.5,-0.6666666666666666,0.0,-0.6057083681168304,-0.6488146655149246,0.0,-0.1764986415938881,0,0,0,0,0,1,0,0,0,0,0,0,0,0,0
3808,-0.858472976271315,1,-1.0197229503182093,1.2611654275706077,2.316992565423645,2.7857645607531474,0.9106765794351396,2.2396003249449348,2.3908812180669528,3.178646841129721,0.2129207893611216,0,0,0,1,0,1,1,0,0,0,0,0,0,1,0
3809,-0.7129064139913253,2,-0.0431632038931639,-0.2752791788051404,-0.25,-0.3333333333333333,0.0,-0.3320635205233145,-0.4367059679407592,0.0,-0.3241077371266725,0,0,0,0,0,0,0,0,0,0,1,0,0,0,1
3810,-0.3187253107669456,1,-0.9276190658857814,1.5447777980234076,-0.5,-0.6666666666666666,0.0,-0.6057083681168304,-0.6488146655149246,0.0,1.333157531850413,0,0,0,1,0,1,0,0,1,0,0,1,0,0,0
3811,-0.336498949911089,0,-0.6926967844649226,2.083333333333333,-0.0852039249474616,-0.3333333333333333,0.6591843002101534,-0.4173690920196072,-0.1185320884686062,0.0,0.2561224730850059,1,0,0,0,1,0,0,0,0,0,0,0,1,0,0
3812,-0.1221491008948534,1,0.0433749145649373,0.0251682900745795,0.75,0.7216082251155873,0.835175324653238,0.8075867667009864,0.1029633399642614,1.0,-0.6538461538461539,0,0,0,0,0,1,1,0,0,0,0,0,0,0,1
3813,0.6350671436412028,1,-0.1835923297541436,1.5995061150749692,-0.5,-0.6666666666666666,0.0,-0.6057083681168304,-0.6488146655149246,0.0,-0.1595034785467134,0,0,0,0,0,1,0,0,0,0,0,0,0,0,0
3814,0.925613452426383,1,-0.3567565893383351,-0.4015315933833373,0.0,0.0,0.0,0.0521712541371147,-0.008389277336889,0.0518916798285578,-0.9230769230769232,0,0,0,1,0,1,0,0,0,0,1,0,0,0,1
3815,0.3722573724719932,0,1.4971182164360417,0.6429506704649417,-0.5,-0.6666666666666666,0.0,-0.6057083681168304,-0.6488146655149246,0.0,-0.5120805117371187,0,0,1,0,0,0,0,0,0,0,0,0,0,0,0
3816,0.2892929172052891,1,-0.4151590862659787,-0.3509331446745534,-0.1972005659763399,-0.5258681759369064,0.7888022639053596,-0.4251984869379814,-0.5625216259425969,0.0,0.6132312045971846,1,0,0,0,1,0,0,0,0,0,0,1,1,0,0
3817,-0.3873585517657307,2,-0.6842105263157895,-0.2150986097055795,-0.5,-0.6666666666666666,0.0,-0.6057083681168304,-0.6488146655149246,0.0,-0.4002275608590297,1,0,0,0,1,0,0,0,0,0,0,1,0,0,0
3818,-0.2420882519479396,2,-0.492255406561936,-0.1041353399896944,-0.169106590584598,-0.2254754541127974,0.0,-0.1730098820705819,-0.4103979916199923,0.0,0.2941210490508928,0,0,0,0,0,1,1,0,0,1,0,0,1,0,0
3819,0.4949348677510754,1,-0.1052631578947368,0.0329233596180096,-0.4670766403819903,-0.6227688538426538,0.0,-0.5632638733486504,-0.6134233968978109,0.0,-0.9878102159722928,0,0,0,0,0,1,0,0,0,0,1,0,0,0,0
3820,-0.4213693150537956,2,0.9606867816290648,1.9272103687896764,-0.4414538882961286,-0.5886051843948381,0.0,-0.4803916140591951,-0.6380258628974533,0.0,1.3558864942673934,0,0,0,0,0,1,0,1,0,0,0,0,1,0,0
3821,-0.1204806403252166,0,-0.9369081593324504,0.5189795297506399,1.0,1.0,1.0,0.740832471440909,1.1562847224149075,1.213249664845563,-0.1235865255709832,0,0,0,0,0,1,0,0,0,0,0,1,0,0,1
3822,0.1198821220808026,1,0.3653438112078718,-0.5748068102218118,-0.25,-0.3333333333333333,0.0,-0.362777307366812,-0.4109977556227113,0.0,0.6277527587991303,0,0,0,0,0,1,1,0,0,0,0,0,1,0,0
3823,-0.574972978061746,2,-0.4455518907461621,0.7715078539404869,-0.5,-0.6666666666666666,0.0,-0.6057083681168304,-0.6488146655149246,0.0,0.3041445249937078,0,0,0,0,0,1,0,0,1,0,0,1,0,0,0
3824,0.4530540610078156,1,0.239112501552741,-0.1589460955938799,0.25,0.3333333333333333,0.0,0.813106482242652,0.2925499518261196,0.0,-0.5071266809902646,0,0,1,0,0,0,0,1,0,1,0,0,0,0,1
3825,-0.193242183892022,1,-0.4153467648022957,1.09501545735378,3.854672849608179,3.963862843747873,3.527102867189095,3.025543423515469,5.1522012432658,1.4728971328109048,0.2764197686279671,1,0,0,0,1,0,0,1,0,0,0,0,0,1,0
3826,-0.4466218272511734,0,-0.4838903287228813,-0.1666666666666666,-0.5,-0.6666666666666666,0.0,-0.6057083681168304,-0.6488146655149246,0.0,-0.9906771035704448,0,0,0,0,0,1,0,0,0,0,0,1,0,0,0
3827,-0.4777165581707015,0,0.5038053725815794,0.1520057442648288,2.5672397364566177,3.089652981942157,1.0,2.9052952178624127,2.352597360835912,1.731041054173529,-0.3612812974443433,0,1,0,0,0,1,0,0,0,0,1,0,0,1,0
3828,-0.3586728605160288,0,0.1811490240950307,-0.2640522005538177,-0.25,-0.3333333333333333,0.0,-0.332043194101393,-0.2541828293888385,0.4069719096342639,0.7164572168668099,1,0,0,0,1,0,0,0,0,0,0,0,1,0,0
3829,0.1219384495203793,2,0.3455747401312645,1.377578320964724,-0.0271299960941233,-0.0723466562509954,0.1085199843764932,0.0104304483389554,-0.1491486851426151,0.0,-0.7191446225954647,0,0,0,0,0,1,0,1,0,1,0,0,0,0,1
3830,0.8036478009858065,2,0.9964640131425618,-0.5806557200970849,-0.5,-0.6666666666666666,0.0,-0.6057083681168304,-0.6488146655149246,0.0,0.7294210618670637,0,0,1,0,0,0,0,0,0,0,1,0,0,0,0
3831,0.3094468015490127,1,0.6378577839455636,1.4431773099923797,-0.25,-0.3333333333333333,0.0,-0.1110711025831939,-0.4951224380572108,0.0,-0.2014844534589006,0,1,0,0,0,1,1,0,0,0,0,0,0,0,1
3832,0.5665685188380489,1,-0.2094548218233633,0.3142915217084555,-0.25,-0.3333333333333333,0.0,-0.3825505081828049,-0.5644595060538717,0.3959283229287808,0.8461538461538461,0,0,0,1,0,1,0,0,0,0,0,0,1,0,0
3833,0.0227647800974624,2,-0.3440474117665386,0.904305096082494,-0.5,-0.6666666666666666,0.0,-0.6057083681168304,-0.6488146655149246,0.0,0.2919955493282316,0,0,0,1,0,1,0,0,0,0,0,0,0,0,0
3834,0.5803517967994068,1,-0.1956089463792517,0.0752381957495984,4.179142495301446,4.572189993735261,3.0,3.791090797365922,4.425674962330091,3.0,0.7134950065056905,0,0,0,1,0,1,0,0,1,1,0,0,0,1,0
3835,-0.3765120714731371,1,1.219266290604621,1.147098259388304,4.412947781649113,5.883930375532152,0.0,5.557277026412448,4.602258970349128,3.591074675957873,0.6445051614402182,0,1,0,0,0,1,1,0,0,0,0,0,0,1,0
3836,0.7633362649382797,2,0.0104283575457224,-0.0274129220076213,-0.1373836745855454,-0.1831782327807272,0.0,-0.1399175762879287,-0.2173833372615565,0.0,-0.3153130305141818,0,0,0,1,0,1,0,0,0,0,0,0,0,0,1
3837,0.1346176997871586,0,-0.6785202833885284,2.017454751595272,-0.1182428365238775,-0.15765711536517,0.0,-0.300129195688953,-0.291747995943573,0.0,0.6335758210036735,0,0,0,1,0,1,0,0,0,0,0,1,1,0,0
3838,-0.236626282575877,1,-0.1300124394082601,-0.1525918568355758,0.3443700760675637,0.0,1.3774803042702548,-0.0244168950756472,-0.013731128625311,0.3774803042702548,-0.6770260485218349,0,0,0,1,0,1,0,0,0,0,0,0,0,0,1
3839,0.8053649048454372,1,0.3747907867388034,-0.3876067654205484,0.2651281185046581,0.3535041580062108,0.0,0.2310325528712563,-0.0842205300600957,1.0,-0.1969624980014332,0,0,0,0,0,1,0,0,0,0,0,0,0,0,1
3840,0.4018256977431714,2,0.7728846762070919,1.4790877214530542,0.75,0.6666666666666666,1.0,0.9463065317613424,1.142966472317938,1.447468141322458,-0.3705450643993809,0,0,1,0,0,0,0,0,0,0,0,0,0,0,1
3841,-0.0320865590151389,2,-0.6808998343509776,0.114765174687773,-0.25,-0.3333333333333333,0.0,-0.438018369639956,-0.532530319425909,0.0,0.8116479353182676,0,0,0,0,0,1,0,1,0,1,0,0,1,0,0
3842,0.0558831833961376,1,0.122038066498761,-0.1136606592585591,4.306849419046719,4.878843411638611,2.5908674412710413,3.956016212828907,4.716807253213706,2.5908674412710413,0.9772743291818832,0,0,0,0,0,0,0,0,0,1,0,0,0,1,0
3843,-0.2279225008960493,2,-0.7943640856913189,-0.3912073972894135,-0.25,-0.3333333333333333,0.0,-0.3716477719887608,-0.5421010865929031,0.0,0.5541492379376256,0,0,0,0,0,1,0,0,0,1,0,0,1,0,0
3844,0.2572009222636361,2,0.3969136829739496,1.3063916642192752,0.7135339994126261,0.9513786658835016,0.0,0.9672210556499145,0.4206562219385964,0.0,-0.2091381541172495,0,1,0,0,0,1,0,0,0,0,1,0,0,0,1
3845,0.8541557824654359,0,0.5054750090552982,0.650587004257389,0.2376257866265833,0.0,0.9505031465063334,-0.0785937627839949,0.1063070199903949,1.0,1.001903725134372,0,1,0,0,0,1,0,0,0,1,0,0,1,0,0
3846,0.3397317060764322,0,-0.666664954891896,1.87500406546508,-0.5,-0.6666666666666666,0.0,-0.6057083681168304,-0.6488146655149246,0.0,0.121795497251038,0,0,0,0,0,0,0,0,0,0,0,0,0,0,0
3847,-0.1178287567565517,2,-0.0410724703653357,-0.2668616036039368,0.75,0.6666666666666666,1.0,0.7769191020747283,0.1302068768135625,1.0,-0.6418403548162864,0,0,0,0,0,0,1,0,0,0,0,0,0,0,1
3848,0.3358470587045715,0,-0.4284016887433601,2.083333333333333,-0.3212270053827402,-0.4283026738436536,0.0,-0.459263866275718,-0.4989191975260215,0.0,0.0713355409458801,1,0,0,0,1,0,0,0,0,0,0,0,0,0,0
3849,0.0648361624969518,2,-0.0517328728838916,0.8123751160594987,-0.3842870112460373,-0.5123826816613831,0.0,-0.3580270835543344,-0.6274912238787208,0.0,0.9879130855738748,0,0,0,0,0,1,0,1,0,0,1,0,0,0,0
3850,-0.2105798567346749,0,-0.3444655628875577,0.1446570884056404,-0.1096346221343588,-0.1461794961791451,0.0,0.0898913733768052,-0.4948052328989903,0.0,-0.5,0,0,1,0,0,0,0,0,1,0,0,0,0,0,1
3851,0.1299185379904014,2,0.6152074207302747,1.783954235685779,-0.5,-0.6666666666666666,0.0,-0.6057083681168304,-0.6488146655149246,0.0,-0.5203680323261121,0,0,1,0,0,0,0,0,0,0,0,0,0,0,0
3852,-0.1856009701272872,2,1.4218955665562325,0.1442024960566661,0.1508007882284208,-0.1322656156954388,1.0,0.1363932546955983,-0.0796730389838823,0.0,0.4004927927559513,0,0,1,0,0,0,0,0,0,0,0,0,1,0,0
3853,-0.937637353446463,2,-0.6058807634800316,1.4564838428262143,0.4778061139145728,0.6370748185527637,0.0,0.6401931320833114,0.6951871563240061,1.0,-1.0958006056227287,1,0,0,0,1,0,0,0,0,0,0,0,0,0,1
3854,0.3268770782651219,2,0.1315579655244415,-0.0601814939348554,-0.25,-0.3333333333333333,0.0,-0.3873705155211451,-0.3963338548363092,0.0,-1.0191847705728143,0,0,0,0,0,1,0,1,0,0,0,0,0,0,1
3855,0.0974406693694517,0,-1.0666699316738355,1.9270930263233652,-0.4541705438626795,-0.6055607251502393,0.0,-0.5681277588551978,-0.6041948360632519,0.0,-0.196784731436069,0,0,0,1,0,1,0,0,0,0,0,0,0,0,0
3856,0.6216323411550285,2,0.6105989554823508,-0.334341319290798,-0.5,-0.6666666666666666,0.0,-0.6057083681168304,-0.6488146655149246,0.0,0.8292715659948491,0,0,0,0,0,0,0,1,0,0,1,0,0,0,0
3857,-0.6188753841350197,1,0.0382866674335649,0.7007472213548969,-0.25,-0.3333333333333333,0.0,-0.3337123654920667,-0.3986375988605896,0.0,0.9021007694709516,1,0,0,0,1,0,1,0,0,0,0,0,1,0,0
3858,0.0457537226010225,0,-0.2072000563574283,-0.5390333779496308,-0.1171001338488922,-0.156133511798523,0.0,-0.1501033869073757,-0.1944986253834582,0.0,-0.4951385439070106,1,0,0,0,1,0,0,0,0,1,0,0,0,0,1
3859,-0.5769230769230769,1,0.0546790220468041,0.5749427822338167,-0.25,-0.3333333333333333,0.0,-0.3682144771317952,-0.3580929302331768,0.0,0.8399049304808031,1,0,0,0,1,0,1,0,0,0,0,0,0,0,0
3860,-0.6538461538461539,0,-0.0356539422679701,0.1220678900186367,0.0,0.0,0.0,-0.1184096475268577,-0.2014501719056387,0.5747795542644152,0.600271317828412,0,0,1,0,0,0,0,0,0,1,0,0,1,0,0
3861,0.4093838970470431,1,0.9504913919015516,1.0095260916798652,0.7648341115323699,0.6864454820431598,1.0,0.5402184061211103,0.9992685055931488,2.0,-0.9150893245594932,0,0,1,0,0,0,0,0,0,0,0,1,0,0,1
3862,0.0199175566038263,1,0.5932662393247565,1.126094192610053,0.75,1.0,0.0,0.9451454960763034,0.7101888873049355,0.6754202075470892,-0.2537168592162803,0,1,0,0,0,1,1,0,0,0,0,0,0,0,1
3863,0.9023752762968144,1,-0.859326130507709,0.4091910719960719,-0.25,-0.3333333333333333,0.0,-0.0801343174156443,-0.5604883557087644,0.0,-0.2497457403176636,0,0,0,0,0,1,1,0,0,0,0,0,0,0,1
3864,0.323352470299908,0,-0.444768264157007,1.087450248418072,-0.5,-0.6666666666666666,0.0,-0.6057083681168304,-0.6488146655149246,0.0,0.452267510951808,0,0,0,1,0,1,0,0,1,0,0,0,0,0,0
3865,0.4891425683804791,2,0.1585249327696629,2.0058811087939072,0.3029299791451645,0.3803822036845906,0.070573305526886,0.4309944630202864,0.2525112965897538,0.070573305526886,-0.1370994786236572,0,0,0,1,0,1,0,0,1,0,1,0,0,0,1
3866,-0.2297565733877424,1,0.5624813078563209,-0.4731973737747665,0.5,0.3333333333333333,1.0,0.1344426405790286,0.5542879746181011,1.0,-0.6354592657666249,0,0,0,0,0,1,1,0,0,0,1,0,0,0,1
3867,0.0176235746608314,1,-0.380013436532469,0.3742624019605085,4.902531911764614,5.74008509803897,2.389872352941544,5.809538128484451,5.179775314555489,1.1696170588246324,-0.0534566289592901,0,0,0,0,0,0,0,0,1,1,0,0,0,1,0
3868,0.4803147698088545,2,0.0157159520255149,0.5934031789090941,-0.5,-0.6666666666666666,0.0,-0.6057083681168304,-0.6488146655149246,0.0,0.216186082573428,0,0,0,0,0,1,0,1,0,0,0,0,0,0,0
3869,-0.5882752262675645,0,0.2445671404360285,-0.3577959447140905,0.0294353609762881,0.0,0.1177414439051524,0.0828305815846572,0.2477962193525723,0.1177414439051524,-0.0226425853663754,0,0,0,0,0,1,0,0,0,1,0,0,0,0,1
3870,-0.1329748899051049,0,-0.3164646849593433,0.0,-0.5,-0.6666666666666666,0.0,-0.6057083681168304,-0.6488146655149246,0.0,-0.2975033875338511,0,0,0,0,0,1,0,0,0,1,0,0,0,0,0
3871,-0.6351144472483112,0,-1.06621964495743,-0.2943910847303897,-0.5,-0.6666666666666666,0.0,-0.6057083681168304,-0.6488146655149246,0.0,0.0334318435746651,0,0,0,1,0,1,0,0,0,0,1,0,0,0,0
3872,-0.1797926097275468,0,0.2898864706145093,0.6937826789236486,-0.418651963229054,-0.5582026176387387,0.0,-0.5057178401065545,-0.6253292163732598,0.0,1.1727752714740125,0,0,0,0,0,1,0,0,0,1,0,0,1,0,0
3873,-0.5925594122227623,1,0.35686136034866,-0.4876363482873296,0.1758180897239775,0.23442411963197,0.0,0.1434798267890916,0.1536209807037126,1.40654471779182,-0.2180980296129542,1,0,0,0,1,0,0,0,0,0,1,0,0,0,1
3874,0.3618405327271663,1,-0.3868339280760017,-0.0105235900604215,-0.25,-0.3333333333333333,0.0,-0.3372434474028294,-0.5012669584381324,0.0,0.6512202360283552,0,0,0,1,0,1,0,0,0,1,0,0,1,0,0
3875,-0.1463408198927328,2,-0.0429543426494822,2.0435819530172896,-0.0114917181037398,-0.0306445816099729,0.0459668724149594,-0.034179036503832,-0.0667510671566523,0.0,-0.1609179803715322,0,0,0,0,0,1,0,0,0,1,0,0,0,0,1
3876,0.6879066847855828,1,0.3495686070099288,1.6024043659291412,0.8196516372234279,0.7595355162979038,1.0,0.7360849755446943,0.5433740721033297,0.0,0.8071185430735842,0,0,0,0,0,1,0,0,0,0,1,0,1,0,0
3877,-0.7986894048542965,1,-0.4953346574348822,0.4566598533172131,1.068559748543794,1.424746331391725,0.0,1.1332169593949422,1.4108620960790204,1.0,-0.6063817125466042,0,0,0,0,0,1,1,0,0,0,1,0,0,0,1
3878,0.5000809170452263,0,-0.1067026295413939,-0.0012272418525986,-0.5,-0.6666666666666666,0.0,-0.6057083681168304,-0.6488146655149246,0.0,-1.0364386123308815,0,0,0,0,0,1,0,0,0,0,1,0,0,0,0
3879,0.0769230769230769,0,0.5665043089986271,0.2582802550182126,-0.25,-0.3333333333333333,0.0,-0.2506796334343268,-0.4374785366371722,0.0,0.581911980810524,0,0,0,0,0,1,0,0,0,0,0,0,1,0,0
3880,0.2259437259416248,2,-0.3953282804949605,0.3910739251619374,-0.5,-0.6666666666666666,0.0,-0.6057083681168304,-0.6488146655149246,0.0,0.9654995564118944,0,0,0,0,0,1,0,0,0,0,1,0,0,0,0
3881,-0.0847228341432079,1,-0.0056688302114215,0.4645111046484037,1.7297206312276594,1.6531470874851062,1.9594412624553184,1.1520239206847858,2.063745423076878,1.0,0.7551912062345334,0,0,0,0,0,0,0,0,0,0,0,0,1,0,0
3882,-0.4545062063038431,1,-0.7315166267885467,2.083333333333333,-0.5,-0.6666666666666666,0.0,-0.6057083681168304,-0.6488146655149246,0.0,1.2297223776271478,1,0,0,0,1,0,0,0,0,0,1,0,0,0,0
3883,0.1439732989111521,0,-0.929630264840495,1.8063636240491243,-0.5,-0.6666666666666666,0.0,-0.6057083681168304,-0.6488146655149246,0.0,-0.0078130923780645,0,0,0,1,0,1,0,0,0,0,0,0,0,0,0
3884,-0.7174200392223289,2,-0.5450171772816377,0.4741695221977551,-0.5,-0.6666666666666666,0.0,-0.6057083681168304,-0.6488146655149246,0.0,-0.512714777075235,0,0,0,0,0,1,0,0,1,0,0,1,0,0,0
3885,0.7542146820627684,1,-0.326297111630347,-0.31684410617837,0.0499112802441483,0.0,0.1996451209765933,0.0608166501853877,-0.0574362014823942,0.0,-0.9000409475796238,0,0,0,1,0,1,0,0,0,0,1,0,0,0,1
3886,0.1936930531717615,1,0.8059643455419356,-0.3448876326179573,0.75,0.6666666666666666,1.0,0.4618968419794851,0.1139958656394964,1.0,-0.2937942919775188,0,0,0,0,0,1,0,0,0,0,1,0,0,0,1
3887,-0.2627139664868967,2,0.7886772256417984,1.9987389405995144,0.0230711980183143,0.0307615973577524,0.0,-0.1803479942195258,0.278897475523358,0.0,0.1994065224671736,0,0,0,0,0,1,0,0,0,0,0,0,1,0,0
3888,0.3129794546394715,2,-0.4625770819253213,0.875,-0.5,-0.6666666666666666,0.0,-0.6057083681168304,-0.6488146655149246,0.0,0.6870205453605285,0,0,0,0,0,0,0,0,0,0,1,0,0,0,0
3889,-0.0193909012607139,0,-1.105263157894737,1.6475523662985423,-0.5,-0.6666666666666666,0.0,-0.6057083681168304,-0.6488146655149246,0.0,-0.1288941934551372,0,0,0,1,0,1,0,0,0,0,0,0,0,0,0
3890,0.1116743826468071,1,1.4843457970839038,-0.2999732276604774,1.25,1.633440422691424,0.0996787319257285,1.7003651072485206,0.9053940882676376,1.0,0.2845659587578044,0,0,1,0,0,0,0,0,0,0,1,0,1,0,0
3891,-0.2160368814837245,1,0.9294398007904698,-0.382096745520439,-0.3510599324110522,-0.468079909881403,0.0,-0.4799246541723427,-0.4786464569940652,0.0,0.224218388750364,0,1,0,0,0,1,0,0,1,0,0,0,0,0,0
3892,-0.7170062382374653,1,-0.2119488119566449,2.083333333333333,0.0894594514564749,-0.2140540647247,1.0,-0.020836764299311,-0.0615694367365195,0.0,-0.7198336773712231,0,0,1,0,0,0,0,0,0,0,1,0,0,0,1
3893,-0.0383697011916715,2,0.1975176566161652,0.9479353211121084,0.75,0.916616921478822,0.2501492355635337,0.9261904163315317,0.6743131943820795,1.2501492355635335,-0.721194024959413,0,0,1,0,0,0,0,0,0,0,0,0,0,0,1
3894,-0.0085594398012479,0,0.3124538615570009,0.4761731612292141,-0.25,-0.3333333333333333,0.0,-0.2043227394011224,-0.4993298408422811,0.5873246739166034,-0.0482117892949204,0,0,1,0,0,0,0,0,1,0,0,0,0,0,0
3895,-0.2852159730761441,2,0.424300603946569,1.4288413479170885,-0.4115240437512657,-0.5486987250016877,0.0,-0.4477412998870781,-0.5800651365975859,0.0,-0.7579926019226875,0,0,0,0,0,0,0,0,0,1,0,0,0,0,0
3896,0.5450615661921867,1,-0.2137184068224304,0.0513437687759597,4.2651624324065445,4.686883243208726,3.0,3.904498136663325,4.555966669861325,3.0,0.5943904782063227,0,0,0,1,0,1,0,0,1,1,0,0,0,1,0
3897,-0.6825186325263262,1,0.0989679286105883,0.2816992203000981,3.472009766090029,4.296013021453373,1.0,3.8646835138878326,4.275571853290576,1.1119609356398823,0.4692683311154977,0,0,0,0,0,0,0,0,0,0,0,0,0,1,0
3898,-0.7687278470458068,0,0.4414858747827303,0.8171570157970052,1.3503268994202258,1.4671025325603009,1.0,1.3652065911911482,1.369774565308242,0.0,-0.3378077396210871,0,1,0,0,0,1,0,0,0,0,0,1,0,0,1
3899,-0.0191479380783851,1,0.1572146494856883,1.751435739974658,-0.25,-0.3333333333333333,0.0,-0.2327498263865493,-0.4677963232658064,0.0,0.6335385796343912,0,0,0,0,0,1,0,1,0,0,0,0,1,0,0
3900,0.2126237246187336,1,0.0365450858938202,-0.5,0.6805643368017416,0.6203762245344943,0.861128673603483,0.6734249481623417,-0.1667561961119231,1.138871326396517,-0.9433929553879644,1,0,0,0,1,0,0,0,0,0,1,0,0,0,1
3901,0.428776857428489,1,0.65594475930078,-0.3123087963823679,0.25,0.2947541311070982,0.1157376066787053,-0.0083801467899863,0.0616841615067305,0.0,0.2266707756526013,0,0,0,0,0,1,0,0,0,0,0,0,1,0,0
3902,0.0322883879244957,1,-0.2222216749949774,-0.5095163405660251,0.25,0.3333333333333333,0.0,0.0196979611616628,0.481866287459853,0.0,-0.6391263946589353,0,0,0,0,0,1,0,0,0,0,0,1,0,0,1
3903,-0.7470104915420609,0,-0.2870191404240078,0.1334558070537359,1.5,1.9427171728909685,0.1718484813270945,1.2552579687256595,1.9077461637713289,2.0,0.8539592065111409,0,0,0,0,0,1,0,0,0,0,0,0,1,0,0
3904,-0.1247099287202816,0,-0.9909085555779896,2.056755121139015,-0.4094692731659085,-0.5459590308878779,0.0,-0.5396612029564141,-0.6023806311352927,0.0,0.1877052015150367,0,0,0,1,0,1,0,0,0,0,0,0,0,0,0
3905,0.2453935100483739,0,-0.2533226972672605,0.632245051545617,4.064754687431355,4.4196729165751405,3.0,3.4952874320372547,4.473339917120319,2.7409812502745785,0.9416139423288138,0,0,0,0,0,0,0,0,0,0,0,0,0,1,0
3906,0.4980720324575493,1,-0.188427298896323,0.1766638409754728,-0.1175021192683953,-0.1566694923578604,0.0,-0.1581413460109389,-0.3107711022834165,0.0,-0.8192275088178533,0,0,0,0,0,0,1,0,0,0,0,1,0,0,1
3907,0.5976477079650223,0,0.0027256426028478,0.0174852228787574,-0.1645088662727455,-0.2763392441818303,0.1709822674545089,-0.2351953226751448,-0.4304963981191254,1.0,0.7449176207552335,0,0,0,0,0,1,0,0,0,1,0,0,1,0,0
3908,0.1909635733436359,1,1.5152798653477473,0.4235832788358737,0.5021841933165917,0.6695789244221222,0.0,0.6475137662477441,0.2701640625275247,1.0,-0.7300971712872025,0,0,0,0,0,1,1,0,0,0,0,0,0,0,1
3909,0.4284746533162544,2,0.177900719056537,-0.0683343857599463,-0.25,-0.3333333333333333,0.0,-0.4073234890789003,-0.3816854111309918,0.0,-1.1207823456239467,0,0,0,0,0,1,0,1,0,0,0,0,0,0,1
3910,-0.9380678748981508,0,0.0892043354566294,-0.0056593076778452,0.3262794065810102,0.2034117508826938,0.6948823736759592,0.2686966693121073,0.0619520597884657,1.3051176263240407,-0.3448665054697127,0,0,0,0,0,0,0,0,1,1,0,0,0,0,1
3911,0.6848093770529662,2,-0.7614477526612028,-0.1504203169480933,-0.3668768251407133,-0.4891691001876178,0.0,-0.4068528737532493,-0.6185588177304164,0.0,-0.431545200519557,1,0,0,0,1,0,0,0,0,0,0,0,0,0,0
3912,0.6114502362826698,0,-0.709922669302478,0.9668578213875488,-0.5,-0.6666666666666666,0.0,-0.6057083681168304,-0.6488146655149246,0.0,0.5448042333934151,0,0,0,1,0,1,0,0,0,0,0,1,0,0,0
3913,0.054690842412412,2,0.3728627568707653,1.2529868255837515,-0.0210980951361355,-0.0281307935148474,0.0,0.0598304391886536,-0.1809177232058284,0.0,-0.7140511357977993,0,1,0,0,0,1,0,0,0,0,0,0,0,0,1
3914,-0.0845425478916951,0,-1.105263157894737,0.7167192709671091,0.7004734387039818,0.7337541677368726,0.6006312516053091,0.5793628725956237,0.849829416371213,1.0,-0.1153846153846153,0,0,0,0,0,1,0,0,0,0,0,0,0,0,1
3915,-0.7623180489832412,1,0.7078593061099647,-0.3824887802681554,0.0,0.0,0.0,0.1104746074045138,0.1604093357498394,0.0,-0.2342255908929948,0,0,1,0,0,0,0,0,0,0,0,0,0,0,1
3916,0.1092133616103439,1,-0.9031817156911084,2.083333333333333,-0.5,-0.6666666666666666,0.0,-0.6057083681168304,-0.6488146655149246,0.0,-0.4661669018691651,0,0,0,0,0,1,0,0,0,0,0,0,0,0,0
3917,0.1122978144208294,0,-1.0825209089461385,1.7826645264578465,-0.5,-0.6666666666666666,0.0,-0.6057083681168304,-0.6488146655149246,0.0,0.618706012293308,0,0,0,1,0,1,0,0,0,0,0,0,0,0,0
3918,-0.3717722248835445,0,0.1297749765871291,2.083333333333333,0.133348053825696,0.177797405100928,0.0,0.1851278208384423,-0.1180565423010237,0.0,-0.3230701290035249,1,0,0,0,1,0,0,0,0,0,0,0,0,0,1
3919,0.2917427726749639,0,-0.2000357068790808,-0.2611205337597574,2.204180800639636,1.9389077341861816,3.0,1.7775445157417584,1.9321660025863905,0.0,0.2359670185335932,0,0,0,1,0,1,0,0,0,0,0,0,0,1,0
3920,-0.5639645086950917,1,-0.1933602919923802,-0.3361410231160634,0.4831538613036193,0.3108718150714925,1.0,0.2402891437096787,0.4547942117333898,0.9326154452144776,0.2666390555851722,0,0,0,0,0,1,0,0,1,0,0,0,1,0,0
3921,-0.5384615384615384,1,0.0934097458598588,1.67979938992848,1.5,1.870869138110447,0.3873925856686593,1.796271712784027,1.1366815952040776,0.0,0.032223932422847,0,0,0,0,0,1,0,0,0,0,0,1,0,0,0
3922,0.3304859635578542,0,-0.8713433531906233,0.4058544671344519,-0.5,-0.6666666666666666,0.0,-0.6057083681168304,-0.6488146655149246,0.0,-0.3347459949747877,0,0,0,0,0,1,0,0,1,0,0,0,0,0,0
3923,0.4681813442618897,2,-0.334995748550994,0.5215893688511417,-0.3990255339574691,-0.5320340452766255,0.0,-0.5593574038138119,-0.526625773311812,0.0,0.2366625242291736,0,0,0,0,0,1,0,0,0,0,1,0,0,0,0
3924,0.218136948386799,0,0.2109994937636174,0.8940290619533298,-0.2111926776342795,-0.281590236845706,0.0,-0.2675686617773071,-0.5084942578973441,0.0,-0.4910444640694491,0,0,1,0,0,0,0,0,1,0,0,0,0,0,1
3925,-0.0609301560800122,2,0.3745889833268282,-0.4237557280887085,1.7712671842661258,1.3616895790215011,3.0,1.4118358695293325,1.746249121958115,2.0,0.0945179089026057,0,0,0,0,0,1,0,0,0,0,0,0,0,1,0
3926,-0.4902390310344316,0,0.2541865805521172,2.0430082276845027,0.3191287525408523,0.0921716700544698,1.0,0.2773587781071104,0.1646394371253785,0.1382575050817046,-0.7692307692307693,0,0,1,0,0,0,0,0,0,0,1,0,0,0,1
3927,0.4206811407590505,1,1.2028570075946,0.2450716355982652,1.25,1.3333333333333333,1.0,1.7601527811652664,1.255032121277473,2.0,-0.1311428637325707,0,0,1,0,0,0,0,0,0,0,0,0,0,1,0
3928,-0.2032557962088161,0,-0.6872827154323677,-0.4677616295089263,0.0,0.0,0.0,0.0488925234999619,0.0517383865345009,0.0,-0.6016278981044081,1,0,0,0,1,0,0,0,0,1,0,0,0,0,1
3929,-0.3702127021650271,1,0.0362988074190352,-0.4456067616323213,-0.0960599050343453,-0.3333333333333333,0.6157603798626187,-0.2849211297256708,-0.0356899863886519,0.6157603798626187,0.7305813485302292,0,0,0,1,0,1,1,0,0,0,0,0,1,0,0
3930,0.3134947510874433,1,1.2183366476123625,0.6292591875531158,1.024938319409034,1.366584425878712,0.0,1.2650598111780662,0.7649431725978362,0.0,-0.1866001421294276,0,1,0,0,0,1,0,0,0,0,0,0,0,0,1
3931,-0.2933873118451617,0,0.822530005682853,2.083333333333333,-0.1051834115448683,-0.140244548726491,0.0,-0.0363626854107153,-0.1668111837529325,0.0,0.3984541710325298,0,0,1,0,0,0,0,0,0,0,1,0,1,0,0
3932,-0.5407147634552396,1,1.5263157894736843,-0.2424139531495351,7.189837756438154,8.172900683835076,4.240648974247387,9.309978651311178,8.311634184215569,6.518702051505226,1.0407147634552398,0,0,0,0,0,0,0,0,0,0,0,0,0,1,0
3933,-0.4615384615384615,2,1.273565643962172,0.1382978541712166,0.6758447867695234,0.9011263823593646,0.0,0.8696865778732321,0.337650671942894,0.9011263823593646,0.1648214242049331,0,0,1,0,0,0,0,1,0,0,0,0,1,0,0
3934,0.1928360228583152,1,0.0410160034755333,1.750286179048254,0.2224130082543916,0.2965506776725221,0.0,0.0617770233475221,0.2437820561869779,1.0,-0.1541103191214652,1,0,0,0,1,0,0,0,0,0,0,0,0,0,1
3935,0.0028407006960174,1,0.0110139448038571,2.0776913861176323,-0.25,-0.3333333333333333,0.0,-0.391657509038177,-0.3349172752402735,0.0123097030160755,0.3846153846153846,0,0,0,0,0,1,0,1,0,0,0,0,1,0,0
3936,0.6199516910699183,1,0.33943236736243,-0.4258464170018971,1.407486916331436,0.8766492217752482,3.0,0.8002300564172794,1.53983353807077,1.6299476653257448,0.1438501795903273,0,0,0,0,0,1,0,0,0,0,0,0,0,1,0
3937,0.4636477161517429,0,-0.7382852794722451,-0.380712564577637,-0.5,-0.6666666666666666,0.0,-0.6057083681168304,-0.6488146655149246,0.0,0.5964013238650832,0,0,0,0,0,1,0,0,0,0,0,0,0,0,0
3938,-0.3377950054239395,0,1.3026747146008968,0.6279274061061286,2.75,3.333333333333333,1.0,3.088688996674339,2.29128418206538,1.3929742253452913,0.0245721668561575,0,1,0,0,0,1,1,0,0,0,0,0,0,1,0
3939,-0.115752331592571,0,-0.0689342729726255,-0.4540312335211127,0.5,0.1752708662911079,1.4741874011266762,0.1840847045595826,0.5177039888567905,1.5258125988733238,-0.6839976379848678,0,0,0,1,0,1,0,0,0,0,0,0,0,0,1
3940,-0.1440503507004518,1,0.1529762582814687,0.6191593067092441,-0.25,-0.3333333333333333,0.0,-0.3989261892870252,-0.5445165096256022,0.0,-0.2164805866306395,0,0,0,0,0,1,0,0,0,0,0,0,0,0,1
3941,-0.3454350094811068,1,1.0003278904121269,-0.173308267883244,0.5,0.6666666666666666,0.0,0.2985788806158019,0.4077276399480793,0.0,-0.2496405816636303,0,0,0,0,0,1,1,0,0,0,1,0,0,0,1
3942,0.4663675745933202,1,1.1753604295541995,-0.1423765816507312,0.9114351275239032,1.0,0.6457405100956123,1.4381313326676346,1.0097321792331453,0.6457405100956123,0.5015525823591758,0,0,1,0,0,0,0,0,1,0,0,0,1,0,0
3943,-0.1435126652681534,0,-0.3472102076556834,-0.5665414143940828,-0.2276107747476659,-0.3184071831651106,0.0447784505046682,-0.1774922077866354,-0.3396242656540994,0.0,-0.5264058017872046,0,0,0,0,0,1,1,0,0,0,0,0,0,0,1
3944,0.2344345301476941,2,-0.5313291874241749,-0.0932556834436795,-0.5,-0.6666666666666666,0.0,-0.6057083681168304,-0.6488146655149246,0.0,0.8113559446561278,0,0,0,0,0,1,0,0,1,0,0,0,0,0,0
3945,-0.5179401669205947,0,-0.9831508738926988,1.0550055581682802,-0.5,-0.6666666666666666,0.0,-0.6057083681168304,-0.6488146655149246,0.0,-0.9010324818481396,1,0,0,0,1,0,1,0,0,0,0,0,0,0,0
3946,-0.5441040004852916,0,-1.0705141487974272,-0.3215896090503726,-0.5,-0.6666666666666666,0.0,-0.6057083681168304,-0.6488146655149246,0.0,-0.0167808167083802,0,0,0,1,0,1,0,0,0,0,1,0,0,0,0
3947,0.1724116418462035,1,-0.0526315789473684,0.2140822076666262,0.75,0.6666666666666666,1.0,0.9443067656317872,0.4500008710328496,1.0,0.5848819427252445,0,0,0,1,0,1,0,0,1,0,0,0,1,0,0
3948,0.1218466561018061,0,-0.985607280613006,1.2552137040784193,0.9052724304852964,0.8736965739803952,1.0,0.6775774701588787,0.9724833698584426,1.0,-0.5234418379094924,0,0,0,1,0,1,0,0,0,0,0,1,0,0,1
3949,0.1130617879716715,1,-0.3733655507503599,0.959731331313346,-0.5,-0.6666666666666666,0.0,-0.6057083681168304,-0.6488146655149246,0.0,0.3807440055938116,0,0,0,1,0,1,0,1,0,0,0,0,0,0,0
3950,-0.3536736122667982,0,0.1247108402767688,-0.0255885623793701,-0.25,-0.4619581676317053,0.3858745028951159,-0.483325172127593,-0.1923138007541896,0.6141254971048841,0.4960244399693294,1,0,0,0,1,0,0,0,0,0,1,0,0,0,0
3951,-0.012837002849645,1,-0.2631578947368421,-0.5225850756178927,-0.1458601296306732,-0.1944801728408976,0.0,-0.1893022651180359,-0.2496547711345047,0.0,-0.6810629472924037,1,0,0,0,1,0,0,0,0,1,0,0,0,0,1
3952,-0.3675337409237807,0,0.9239935402114896,2.083333333333333,-0.1489972105458704,-0.1986629473944939,0.0,-0.048252178064924,-0.2164659815841864,0.0,0.5804499514982312,0,0,1,0,0,0,0,0,0,0,1,0,1,0,0
3953,-0.3023439479588489,1,0.5363116148988805,-0.265826723589894,0.2246850213462102,0.2995800284616137,0.0,0.043984739677787,0.0399180991224904,0.0,-0.7925984418342675,0,0,0,0,0,1,0,0,0,0,0,1,0,0,1
3954,0.3424749883006955,2,-0.2346621858378234,0.7372616241411487,-0.25,-0.3333333333333333,0.0,-0.4683845044477656,-0.5175062379375991,0.1528605103062149,0.7484069819584094,0,0,0,1,0,1,0,0,0,0,0,0,1,0,0
3955,0.0660614390075653,0,1.4275969147126828,0.2135142241475404,1.25,1.5103617816284145,0.4689146551147571,1.3659535039179524,1.0859458690900214,0.4689146551147571,-0.3583124004817176,0,1,0,0,0,1,0,0,1,0,0,0,0,0,1
3956,-0.4554508985286414,0,-0.5736484031086255,-0.0941232074663098,-0.5,-0.6666666666666666,0.0,-0.6057083681168304,-0.6488146655149246,0.0,-1.0,0,0,0,0,0,1,0,0,0,0,0,1,0,0,0
3957,-0.3637353944536391,0,0.4255662888637244,0.6975276898481286,-0.1450553796962573,-0.1934071729283431,0.0,-0.2513071817388967,-0.430628926391875,0.0,0.9283166992559424,0,0,0,0,0,0,0,0,0,1,0,0,1,0,0
3958,0.1810950945770683,0,-0.6716445379288548,2.0133722777285907,-0.110077888790515,-0.1467705183873533,0.0,-0.2924951296079039,-0.2775668946686975,0.0,0.6323196751985408,0,0,0,1,0,1,0,0,0,0,0,1,1,0,0
3959,0.0850228404481072,2,0.6925264210358244,-0.342104932099751,-0.2763147962992531,-0.3684197283990041,0.0,-0.3795483574430964,-0.3970265794219829,0.0,0.4979772364626875,0,0,0,0,0,1,1,0,0,0,0,1,0,0,0
3960,0.3715816205727298,2,0.4036546806607637,2.083333333333333,0.0,0.0,0.0,-0.2189368279223577,-0.1606352827810533,0.0,-1.0830401129028882,0,0,0,0,0,1,0,0,0,0,0,0,0,0,1
3961,-0.7670788658843533,1,-1.0684542848639358,2.083333333333333,-0.2360126282482955,-0.648016837664394,1.0,-0.5329360402360511,-0.3327180740181596,0.0,-0.6196884220774476,0,0,1,0,0,0,0,0,0,0,1,0,0,0,1
3962,-0.1110476368620817,2,-0.7323129993167938,2.083333333333333,-0.25,-0.3333333333333333,0.0,-0.323901299848744,-0.2425653004115066,0.0,-0.5758958296690402,1,0,0,0,1,0,0,0,0,1,0,0,0,0,1
3963,-0.2420431717740468,0,0.424612823475205,0.1629086863317279,-0.25,-0.3333333333333333,0.0,-0.114324035785266,-0.4617416382471669,0.977452117990368,0.2666290905373501,0,0,1,0,0,0,0,0,1,0,0,0,1,0,0
3964,0.1702103265078322,1,-0.2877940680776703,0.0212751376828422,1.0,1.0,1.0,0.8678641722146776,1.0327695342037897,1.4680872934757367,-0.5220934122091054,0,0,0,0,0,1,0,0,1,0,0,0,0,0,1
3965,0.6557491027135554,1,-0.2274239349831744,0.2088600401913909,0.9660527382340156,0.9547369843120208,1.0,1.0409424665508842,1.0241928572030532,1.0,-0.8670444687790673,0,0,0,0,0,1,0,0,0,0,1,0,0,0,1
3966,0.6587390035617683,2,-0.7790208207627691,-0.3877035241968395,-0.5,-0.6666666666666666,0.0,-0.6057083681168304,-0.6488146655149246,0.0,-0.8505099287569168,1,0,0,0,1,0,0,0,0,0,0,1,0,0,0
3967,0.8106116542353708,0,-1.0612917745882653,-0.16613592929426,-0.0522160176764349,-0.3333333333333333,0.79113592929426,-0.2094158701008082,0.1096763470162312,1.0,0.0075433220679992,0,0,0,1,0,1,0,0,0,0,0,0,0,0,0
3968,0.944377845390462,1,-0.7368421052631579,-0.1112193345738324,-0.2314093325063339,-0.3085457766751119,0.0,-0.2477041740423916,-0.1593626474214369,0.0,-0.0101602072911266,0,0,0,1,0,1,0,0,0,1,0,0,0,0,1
3969,0.3543174371124385,2,-0.6443395091044568,1.6691831090051066,-0.1035375560820567,-0.3333333333333333,0.5858497756717732,-0.3281812405715956,-0.3996425493745826,0.4141502243282268,-0.7004712832662847,0,0,0,1,0,1,0,0,0,0,0,0,0,0,1
3970,-0.7692307692307693,0,0.597356681469582,-0.0746195223327428,-0.0522828660035428,-0.2015219106690285,0.3954342679929143,-0.3691939964951468,-0.0449219683727208,1.3954342679929144,0.7164382458477889,1,0,0,0,1,0,0,0,0,0,0,0,1,0,0
3971,0.3846153846153846,0,-0.6639532813167138,0.6119497391220761,-0.25,-0.3333333333333333,0.0,-0.3396095397829919,-0.2831546100262508,0.686793738929826,-0.6802612976511472,0,0,0,1,0,1,1,0,0,0,0,0,0,0,1
3972,0.3348413961102624,1,-0.6114568608543406,-0.0183827313208235,-0.2132345373583529,-0.2843127164778039,0.0,-0.1986734013525692,-0.154377600888761,0.1470618505665883,-0.8574662961974299,0,0,0,0,0,1,0,1,0,0,1,0,0,0,1
3973,-0.0910139680429412,1,0.8832274499717534,-0.1656542664327005,-0.5,-0.6666666666666666,0.0,-0.6057083681168304,-0.6488146655149246,0.0,-0.1275334181922089,0,1,0,0,0,1,0,0,0,0,0,1,0,0,0
3974,-0.5484652140393184,1,0.0205338603964955,1.0328828207212768,0.25,0.3333333333333333,0.0,0.5401221721639345,0.1827328138951027,1.0,-0.1150422691444688,0,0,0,0,0,1,0,0,1,0,0,1,0,0,1
3975,-0.6222077377658323,2,0.2911686076702587,0.6075329393627873,0.5,0.6666666666666666,0.0,0.4477069765083341,0.7253666887328463,0.0,0.3656323349671916,0,0,0,0,0,1,1,0,0,0,0,0,1,0,0
3976,0.6994168914777313,1,0.0077902667696561,0.3996991209969644,-0.25,-0.3333333333333333,0.0,-0.2552260590819744,-0.4255430524097787,0.0,-0.4843376501510441,0,0,0,1,0,1,1,0,0,0,0,0,0,0,1
3977,0.4999395593174758,0,1.4605056387138733,0.3593831846757584,2.9688973241636525,3.4167976214788025,1.6251964322182038,4.297193168375935,3.412530621875322,1.0,0.9855240374797144,0,0,1,0,0,0,0,0,0,0,0,0,0,1,0
3978,0.1196190933556668,2,0.2993724811472563,-0.0898317262125443,0.75,0.6666666666666666,1.0,0.7974003716071533,0.1387597534488122,1.0,-0.3986119231244545,0,0,0,0,0,1,0,0,0,0,0,0,0,0,1
3979,0.7650425387630668,2,0.011762586701947,-0.0229237968257407,-0.1389680717085621,-0.1852907622780827,0.0,-0.141094911949807,-0.2211521920745755,0.0,-0.3162880441283459,0,0,0,1,0,1,0,0,0,0,0,0,0,0,1
3980,0.1917143815068448,0,-0.1570828378514718,0.579048310882768,-0.0012855067351696,-0.0017140089802261,0.0,-0.3078998118161563,-0.0676814834496755,0.0,0.6157801559185138,0,0,0,0,0,0,1,0,0,0,0,1,1,0,0
3981,-0.3251465850839625,0,-0.1531602854822141,0.5568273598477121,2.75,3.181793707072768,1.4546188787816976,2.1477576483602205,2.945369628564768,2.5453811212183024,0.3565642843889411,0,0,0,0,0,1,0,0,0,0,0,1,0,1,0
3982,0.6357388547207394,2,-0.1516851072578266,-0.3982913117104436,-0.0220504259474676,-0.0294005679299568,0.0,-0.0659033880163463,0.07636630659414,0.0,-0.2104149914331067,0,0,0,0,0,1,0,0,0,1,0,0,0,0,1
3983,-0.4822347663772165,0,0.4736842105263157,0.8023156594535196,0.2948419938173025,0.39312265842307,0.0,0.3060940394101455,0.2478410961305704,0.0,0.1636759933417104,1,0,0,0,1,0,0,1,0,1,0,0,0,0,0
3984,0.5897143376319739,1,1.0733506751852886,0.953337565188655,-0.0378960732174699,-0.3333333333333333,0.84841570713012,-0.1860400072969992,0.0198937476414158,1.0,0.48250950466886,0,0,0,0,0,1,0,1,0,0,0,0,1,0,0
3985,0.4603485521257176,1,1.3223026620487035,-0.297239414480101,5.788672055914177,6.374583526308456,4.030937644731342,6.7945700089513545,6.074079039692883,4.030937644731342,-0.5566946169064302,0,1,0,0,0,1,0,0,0,0,0,0,0,1,0
3986,-0.871111763235653,0,-0.3964144452018932,0.4069140512257494,0.0073144615806879,0.0,0.0292578463227518,-0.2221535924289071,-0.0429707907496831,0.0,-0.3166947219454621,0,1,0,0,0,1,0,0,1,0,0,0,0,0,1
3987,0.1697989323362287,2,-0.091336258702402,0.9009740723102908,-0.25,-0.3333333333333333,0.0,-0.3880702349835941,-0.5356292198918086,0.0,0.7656094013023748,0,0,0,0,0,1,0,1,0,0,0,0,1,0,0
3988,0.6199748479045153,2,0.1421913098003423,0.4450726616091779,-0.4950272481034417,-0.6600363308045889,0.0,-0.6007436560271067,-0.6411858655999052,0.0,0.1507859988328872,0,0,0,0,0,1,0,1,0,1,0,0,0,0,0
3989,-0.3498954578230558,0,1.0684687385368516,0.883850826012048,0.25,0.3333333333333333,0.0,0.5120137364322568,0.0325749800545759,0.0,-0.2743357427640979,0,0,0,0,0,0,0,0,0,0,0,0,0,0,1
3990,0.2866002090802179,0,-0.6663835608286779,-0.3299728293723621,-0.383064382787244,-0.510752510382992,0.0,-0.4053313359269969,-0.4243485608738727,0.0,0.1029778726350091,0,0,0,0,0,1,0,0,0,0,1,0,0,0,0
3991,-0.2044857861849499,2,0.0182471393343706,-0.2714596918030071,0.1658315220404349,-0.05611231863971,0.8316630440808698,-0.1945912611324874,0.0408016711913404,0.0,0.8392938964833111,0,0,0,0,0,1,1,0,0,0,0,0,1,0,0
3992,0.5375099774361802,1,-0.0402875192980037,0.2705756188889655,-0.1882731433331036,-0.2510308577774714,0.0,-0.2539277638736623,-0.3050002180935874,0.0,-0.7393141092310873,0,0,0,0,0,1,1,0,0,0,0,0,0,0,1
3993,-0.2171462746303341,2,-0.5093209699897714,-0.2189723605561698,-0.209637303725707,-0.2795164049676094,0.0,-0.2606216314618647,-0.4740707733354805,0.0,0.2816500603920901,0,0,0,0,0,1,1,0,0,1,0,0,1,0,0
3994,-0.2181006243688373,1,-0.2069180557182746,0.1341279901838345,-0.5,-0.6666666666666666,0.0,-0.6057083681168304,-0.6488146655149246,0.0,-1.137509900443447,0,0,0,0,0,1,0,0,0,0,1,0,0,0,0
3995,-0.6538461538461539,0,0.1102613006189794,-0.0984631020718665,0.0,0.0,0.0,-0.0886872961063473,-0.1894519409729317,0.826814973796419,0.2900738784044074,0,0,1,0,0,0,0,0,0,1,0,0,1,0,0
3996,0.4615384615384615,0,-0.7741586170677385,-0.375,-0.5,-0.6666666666666666,0.0,-0.6057083681168304,-0.6488146655149246,0.0,0.8062729257695855,0,0,0,0,0,1,0,0,1,0,0,0,0,0,0
3997,-0.3885476786161138,1,-0.1831785765161114,0.3233251467957059,-0.25,-0.3333333333333333,0.0,-0.403510456941987,-0.5263345279198104,0.0,-0.4298911894335332,0,0,0,0,0,1,0,0,0,0,0,1,0,0,1
3998,0.629746606767861,1,-0.2348825352316468,0.3706562864301504,-0.25,-0.3333333333333333,0.0,-0.3850827196857655,-0.5583016016031778,0.4925536338802578,0.8461538461538461,0,0,0,1,0,1,0,0,0,0,0,0,1,0,0
3999,-0.3473908447906212,0,-0.0934140130582603,-0.1236599181434937,2.4193468303796792,3.0,0.6773873215187168,2.7805041168304,2.6677941807522725,2.0,-0.6798995123661045,0,0,0,0,0,1,0,0,0,0,0,0,0,0,0
4000,-0.2307692307692307,1,0.3065691539989933,1.605231592585724,-0.5,-0.6666666666666666,0.0,-0.6057083681168304,-0.6488146655149246,0.0,-0.7578889094004413,0,0,0,0,0,0,0,0,0,1,0,0,0,0,0
4001,-0.5325599018230621,2,-0.60568076149683,-0.4378306028516571,-0.5,-0.6666666666666666,0.0,-0.6057083681168304,-0.6488146655149246,0.0,-0.0219773159983818,0,0,0,0,0,1,1,0,0,0,0,0,0,0,0
4002,-0.4161803603776636,1,-0.25880212904803,0.8672414001173462,1.2275861712274063,1.6367815616365422,0.0,1.4131368058371756,1.6996613277907229,1.0,0.027586250797038,0,1,0,0,0,1,1,0,0,0,0,0,0,0,0
4003,0.91705021718853,1,-0.7368421052631579,1.361585983185799,-0.25,-0.3333333333333333,0.0,-0.2726381617425198,-0.2890598876382375,0.1652420504426032,-1.0063554634785616,0,0,0,1,0,1,0,0,0,0,0,0,0,0,1
4004,-0.7052355611801223,1,-0.0922705349746619,1.0246399249255893,-0.25,-0.3333333333333333,0.0,-0.3474987949128649,-0.3806006794045038,0.0,0.6504128940307017,1,0,0,0,1,0,1,0,0,0,1,0,1,0,0
4005,0.0768240091308933,1,-0.2631127059193549,-0.2083571829870071,2.25,2.6666666666666665,1.0,2.8830941547067144,1.6843777445203525,1.0002861958440858,-0.1918123533467743,0,1,0,0,0,1,0,1,0,0,0,0,0,0,0
4006,-0.388742341664915,2,0.1392266618436462,-0.147416903822562,2.1747392541682933,2.6164928361121955,0.8494785083365864,1.7364255021634207,2.064096256920356,0.0,0.7038862685894933,0,0,0,0,0,0,0,0,0,0,0,0,1,0,0
4007,0.0710809410573041,0,-0.3334283474942401,0.2089864070285496,-0.295810767470118,-0.3944143566268239,0.0,-0.3233091336689003,-0.6014664376819084,0.0,-0.5211434311400545,1,0,0,0,1,0,0,0,0,0,0,0,0,0,0
4008,0.5797342319952146,1,0.5038642579571422,1.93648945607548,2.3018272507968893,2.735769667729186,1.0,2.264866269740407,2.157436758528751,3.585381993624884,0.1261691936562745,0,0,0,0,0,0,0,0,1,0,0,0,0,1,0
4009,0.7724226896262143,2,0.0250904371695058,0.0995274980633769,0.25,0.3333333333333333,0.0,0.3645694154837784,0.2668360358850973,0.0,-0.4449940415899294,1,0,0,0,1,0,0,0,0,0,0,0,0,0,1
4010,0.3658528964206144,2,-0.4135765546394793,-0.1548295448458422,-0.5,-0.6666666666666666,0.0,-0.6057083681168304,-0.6488146655149246,0.0,-0.3117195295464422,0,0,0,0,0,1,1,0,0,0,0,0,0,0,0
4011,-0.7461162011076591,2,-0.2680862098523358,-0.4123572625332072,-0.25,-0.3333333333333333,0.0,-0.2877036988755037,-0.2972146945057786,0.0,-0.4804868929228275,0,0,0,0,0,0,0,0,0,0,1,0,0,0,1
4012,0.1975070724553809,2,-0.8261425015653789,2.083333333333333,-0.25,-0.3333333333333333,0.0,-0.3694908987559956,-0.2559116217794309,0.0,-0.1987734071699191,1,0,0,0,1,0,0,0,0,1,0,0,0,0,1
4013,-0.311357672595418,1,0.3823886871227656,-0.3765580433410584,0.25,0.3333333333333333,0.0,0.0557106319474389,0.1582029911573025,0.0,-0.7373109833789107,0,0,0,0,0,1,0,0,0,0,0,1,0,0,1
4014,-0.0206671593326058,0,0.2186430501289868,0.2403613779718281,1.634638622028172,2.025702992075125,0.4614455118873126,1.793485135237397,1.9455055941868329,2.0,0.6212231254431106,0,1,0,0,0,1,0,0,0,0,0,0,0,0,0
4015,-0.4482342362907324,0,-0.6436938766030681,1.349371173844619,-0.5,-0.6666666666666666,0.0,-0.6057083681168304,-0.6488146655149246,0.0,-0.1168357526662641,0,0,0,0,0,1,0,0,0,0,0,1,0,0,0
4016,0.0127637433189427,2,0.0252548144030709,0.5708168201727446,0.5369960368414587,0.7159947157886115,0.0,0.7109758289449007,0.2007928375136547,0.0,-0.2906172137654806,0,1,0,0,0,1,0,0,0,0,1,0,0,0,1
4017,-0.5680502545069753,0,-0.0205879482244351,0.6105816635738348,2.6762788909507766,3.235038521267702,1.0,2.263738429938145,2.9467861182923976,3.0,0.7497493189356311,0,0,0,0,0,1,1,0,0,0,0,1,0,1,0
4018,0.4263476993692087,1,-0.3532044587727536,-0.3981009826421497,3.394557641658841,4.0,1.5782305666353618,4.4998761122657065,3.548679137284795,2.0,-0.3846153846153846,0,0,0,0,0,0,0,0,0,0,0,0,0,1,0
4019,0.2504263438983594,0,-0.8421052631578947,-0.4583333333333333,-0.2267357022087084,-0.3023142696116113,0.0,-0.4337892191538065,-0.454265787324132,0.0,-0.7933758167438206,1,0,0,0,1,0,0,0,0,1,0,0,0,0,1
4020,-0.131212748137705,0,-0.031730676994478,0.5177477402523226,-0.4338138104825138,-0.578418413976685,0.0,-0.5133038225666493,-0.6211687976984259,0.1323723790349724,1.3721644696019335,0,1,0,0,0,1,0,0,0,1,0,0,1,0,0
4021,0.1864960960567621,1,0.5305919213752716,-0.5247089375150249,0.75,0.6666666666666666,1.0,0.4880906143211865,-0.0808341373430602,1.0,-0.6663745766734324,0,0,0,0,0,0,0,1,0,0,1,0,0,0,1
4022,0.6768892532707818,1,-0.1578947368421052,0.0251465691599458,4.149780146260081,4.73274705669355,2.400879414959675,3.751223474907596,4.704979241995024,3.599120585040325,0.3163316776488806,0,0,0,0,0,0,0,0,0,0,0,0,0,1,0
4023,0.1601339033204015,2,-0.9319432358470298,1.1939738270311884,-0.5,-0.6666666666666666,0.0,-0.6057083681168304,-0.6488146655149246,0.0,1.373343133888214,0,0,0,1,0,1,0,0,0,0,0,0,0,0,0
4024,0.0721921680207256,1,0.4234907821012643,0.5329472928339665,4.197683757003799,4.930245009338399,2.0,5.783284453972202,4.554338738749477,0.4584664245692578,0.3847382380639302,0,0,1,0,0,0,0,0,0,0,0,0,0,1,0
4025,0.840310528724638,1,0.2451666279153325,-0.1603364061183577,-0.0094953908224633,-0.0126605210966178,0.0,0.2464813914385543,-0.2070440138787353,1.0,-0.1080804685981051,0,0,0,0,0,1,1,0,0,0,0,0,0,0,1
4026,0.4628122958070733,0,1.4478042064603145,0.3644108349427921,3.059395028970259,3.497240025751341,1.745860038627012,4.458050775448622,3.569153581187418,1.0,0.953037681908112,0,0,1,0,0,0,0,0,0,0,0,0,0,1,0
4027,0.3532207502183144,0,0.0674939191832907,1.122018994377779,1.75,2.1831074931343912,0.450677520596826,2.6587578773740304,1.5185439753428402,2.0,0.8683239732029313,0,0,0,0,0,0,1,0,0,0,1,0,1,0,0
4028,-0.7943674495686522,1,0.8248397793162633,-0.0664921932048243,-0.0144352629672934,-0.0192470172897245,0.0,-0.0310310126090724,0.0845363807215905,0.0,-0.4940453447160201,1,0,0,0,1,0,1,0,0,0,0,1,0,0,0
4029,-0.3477795261108253,1,-0.0022246146779714,0.573553802113475,0.9894330802796358,0.9859107737061812,1.0,1.0031509939748755,0.98493427915599,1.3192441070395144,0.9721914010830024,0,0,0,0,0,1,0,0,0,0,0,0,1,0,0
4030,-0.0769230769230769,0,0.3018029798868159,-0.0277537339101691,3.3666955193077968,4.0,1.466782077231188,3.8841439696032256,3.887153959948603,5.0,-0.1973515589464395,0,0,0,0,0,0,0,0,1,0,0,0,0,1,0
4031,0.3992191280903846,2,-0.8874818401210527,2.083333333333333,-0.25,-0.3333333333333333,0.0,-0.3992942737603797,-0.2646365377732411,0.0,0.0477635497173076,1,0,0,0,1,0,0,0,0,1,0,0,0,0,1
4032,-0.3508295804849084,1,0.0318368657381704,0.9911355869973612,1.0151961365759523,1.3535948487679363,0.0,1.1637440924024371,1.1055644691783817,1.0,0.2889893703680587,0,1,0,0,0,1,1,0,0,0,0,0,0,0,0
4033,0.2151114286429047,0,-0.7466207520753183,-0.4957593452574533,-0.25,-0.3333333333333333,0.0,-0.3772525550874812,-0.2599829394010469,0.0,0.252298708692929,1,0,0,0,1,0,0,0,0,0,0,0,1,0,0
4034,0.3934249715734174,0,-0.282003864335833,2.022446135351733,-0.1282256040367994,-0.1709674720490658,0.0,-0.2941787392520676,-0.213387871548111,0.0,0.4970225193506467,0,0,0,0,0,1,0,1,0,0,0,1,1,0,0
4035,-0.3257062347511366,0,-1.0461016290278462,1.1900847718431442,-0.5,-0.6666666666666666,0.0,-0.6057083681168304,-0.6488146655149246,0.0,-0.4844197572850517,0,0,0,0,0,1,0,0,0,0,0,1,0,0,0
4036,0.4528117733843446,1,-0.8598843794933286,-0.1682070738661972,-0.25,-0.3333333333333333,0.0,-0.2785576580942434,-0.3527094119329501,0.0,0.3237237696625133,0,0,0,1,0,1,0,0,0,1,0,0,1,0,0
4037,-0.5939814500284655,0,1.3450780157505209,0.8128362041622613,2.6229827750264323,2.9946207334038197,1.5080688998942708,2.981861400457308,2.029919153656229,0.491931100105729,0.1280981962392427,0,0,0,0,0,0,0,0,0,0,0,0,0,1,0
4038,-0.0643491438006469,0,-1.057508292901677,1.894303659402471,0.0,-0.2325175072368733,0.6975525217106201,-0.2940808909039136,0.0028565298366785,0.0,0.4553522943319261,1,0,0,0,1,0,0,0,0,0,0,0,1,0,0
4039,0.2496699299049445,1,0.6360956960376016,1.2564363668535825,-0.25,-0.3333333333333333,0.0,-0.2983858134145487,-0.4682838654886685,0.5085818224714432,0.1956083932582474,0,0,0,0,0,1,0,1,0,0,0,0,0,0,0
4040,0.943170928669441,1,-0.6111695119488064,1.735037236396357,-0.1306110363513661,-0.3333333333333333,0.4775558545945355,-0.3019558611272767,-0.3333790154763957,0.0,-0.9448974013929382,0,0,0,1,0,1,0,0,0,0,0,0,0,0,1
4041,-0.0697522498119883,1,0.1150758686783317,0.4111584263850195,0.75,0.8124294336592203,0.5627116990223392,0.7695127440519843,0.2528588675692439,1.0,-0.6538461538461539,0,0,0,0,0,1,1,0,0,0,0,0,0,0,1
4042,0.2035799345993391,0,0.6780235488058238,2.083333333333333,0.3896940715861683,0.3333333333333333,0.5587762863446735,0.3077247211779437,0.4319800321686616,1.0,0.272637153676434,0,0,0,0,0,1,0,0,0,0,0,0,1,0,0
4043,-0.3683453379786067,2,1.422567185036594,0.3597721591180974,0.4471223484304716,0.3942446968609433,0.6057553031390567,0.5100646090420196,0.1400308747855696,0.3942446968609433,0.3250691433942888,0,0,1,0,0,0,0,1,0,0,0,0,1,0,0
4044,-0.4865431659672685,0,-0.0898195303824249,1.6622465909720772,-0.0203163223484056,-0.3604217631312075,1.0,-0.0612136100240093,-0.2332655979111204,0.9187347106063772,-0.5800486649766777,0,0,1,0,0,0,0,0,0,0,1,0,0,0,1
4045,0.7268517191072589,1,1.0496472538176431,-0.1781443260751174,0.5688659564507044,0.7584879419342725,0.0,1.159086151008884,0.4800280940376047,0.6377319129014088,-0.5629896889577465,0,0,1,0,0,0,0,1,0,0,0,0,0,0,1
4046,-0.4727462477446388,2,0.3422520863253462,0.409998729788363,-0.0685708841950127,-0.0914278455933503,0.0,-0.042509857743076,-0.0457994892387911,0.0,0.2487904550392484,0,1,0,0,0,1,0,0,1,0,1,0,1,0,0
4047,-0.2833352054209767,1,-0.0470764503591701,0.0043978101323236,-0.0527737215878839,-0.0703649621171785,0.0,-0.2236664551812215,-0.5444232355218095,0.0,0.8117518247375295,1,0,0,0,1,0,0,0,1,1,0,0,0,0,0
4048,0.3784495821691943,2,-0.6509440961726216,1.6273540575733965,-0.1139948189399842,-0.3333333333333333,0.5440207242400631,-0.3387011588250029,-0.3982454373774394,0.4559792757599369,-0.7246034283230406,0,0,0,1,0,1,0,0,0,0,0,0,0,0,1
4049,0.3127262797062276,1,0.0288235100555385,0.0695680204522619,3.667408122713572,4.03769610907873,2.556544163618096,3.248237678651451,4.05388657511649,3.0,0.978594455245458,0,0,0,1,0,1,0,0,0,1,0,0,0,1,0
4050,-0.3833940469107041,0,0.6106377360713042,-0.3010584926773897,-0.25,-0.3333333333333333,0.0,-0.4140857543135464,-0.4071754710501289,0.0,0.1306878082555854,0,0,0,0,0,0,0,0,1,1,0,0,1,0,0
4051,-0.4296871081365476,0,0.9620891911534122,-0.346777534783433,-0.25,-0.3333333333333333,0.0,-0.2540466254465614,-0.1948873080755263,0.0,-0.3494589386836584,0,0,0,0,0,1,0,0,1,0,0,0,0,0,1
4052,-0.2120899442214769,1,0.7452875761074915,-0.5752745559302616,0.5967053288368616,0.3978035525579076,1.1934106576737231,0.2237831756890179,0.6695561020170636,1.0,-0.7977190738101348,0,0,0,0,0,1,0,0,0,0,1,0,0,0,1
4053,-0.3680980711025047,1,-0.1077385911812323,-0.2835715004534248,-0.1308791540554268,-0.1745055387405691,0.0,-0.2496164483033056,-0.4736180687895127,0.0,0.8882333255725704,1,0,0,0,1,0,0,0,1,1,0,0,1,0,0
4054,0.729874526839871,1,1.1034266603555247,-0.2504846312950698,0.25,0.3333333333333333,0.0,0.2004821106784837,0.2897640625556992,0.0,0.1536970365245939,0,1,0,0,0,1,0,0,0,0,0,0,1,0,0
4055,-0.0503220967338529,0,-1.0551818367433423,-0.032213766469777,0.2202642155663596,0.2936856207551461,0.0,0.2112639607411128,0.3400876282068928,0.0,1.085648830950975,0,0,0,0,0,1,0,1,0,0,0,0,1,0,0
4056,-0.4615384615384615,2,1.2634913524821791,0.2060894405886696,0.7476241135644737,0.9968321514192984,0.0,0.9245009944409032,0.3831749824775932,0.9968321514192984,0.1169685396749662,0,0,1,0,0,0,0,1,0,0,0,0,1,0,0
4057,-0.2969078221877212,2,-0.1851900957411912,0.0015509849235527,0.1600495778899059,0.0,0.6401983115596238,-0.0338799054376114,0.0332099347611739,0.0,0.6908760139167205,0,0,0,0,0,1,1,0,0,1,0,0,1,0,0
4058,0.3805886437340627,1,-0.4006589842686835,0.0746087280904691,-0.25,-0.3333333333333333,0.0,-0.2659147062142596,-0.2556394776892934,0.0,-0.7887625168534853,0,0,0,0,0,1,0,0,0,0,1,0,0,0,1
4059,-0.6109457178613003,0,-0.133094470530954,0.6802867915246129,2.629808805650258,3.1730784075336773,1.0,2.247781080050414,2.8750672420439725,3.0,0.6889807458503375,0,0,0,0,0,1,1,0,0,0,0,1,0,1,0
4060,-0.2551312646130798,0,-0.8918585242075976,0.5515825666702336,-0.5,-0.6666666666666666,0.0,-0.6057083681168304,-0.6488146655149246,0.0,-0.628120327687204,0,0,0,1,0,1,0,0,1,0,0,0,0,0,0
4061,0.7396868194109668,1,1.0231328604710768,-0.4283432427301988,0.4359881087237614,0.4959682899300304,0.2560475651049543,0.2387514166224824,0.3216289519044365,1.0,1.1205806255002255,0,0,0,0,0,1,0,1,0,0,0,0,1,0,0
4062,-0.427813853793915,2,-1.0760936371637864,-0.2121820895408893,1.226907462754664,0.6564033167798506,2.9384199006791043,0.6304426879919985,1.0680414196036616,1.0,0.4183399923599311,0,0,0,1,0,1,0,0,0,0,0,0,1,0,0
4063,0.885710267600362,1,-0.4661929058922601,0.6678527899003921,0.2571167394023528,0.3428223192031371,0.0,0.1786566103799839,0.0609533889165362,0.0,-0.7857946479927606,0,0,0,1,0,1,0,0,1,0,1,0,0,0,1
4064,0.0904251591756392,0,0.2228440048619866,0.0330227131446742,1.8603727442263909,2.406915162817594,0.2207454884527817,2.261379510446401,2.141065992055295,2.0,0.5194364079767146,0,1,0,0,0,1,0,0,0,1,0,0,0,0,0
4065,0.1509874081352935,1,0.4171406637640857,1.164004960431551,0.75,1.0,0.0,0.760974477412982,0.5870424521416556,0.7340297625893063,-0.6026980312671744,0,0,0,0,0,1,1,0,0,0,0,0,0,0,1
4066,-0.0736058896547799,2,1.3513868171430763,0.6124036053058247,0.5593509013264562,0.3333333333333333,1.2374036053058246,0.664124440484654,0.8280912076920879,0.2374036053058247,-0.8370229382574683,0,0,0,0,0,0,0,0,0,0,0,0,0,0,1
4067,0.1705407378483782,1,1.4853595462147118,0.2975618834993976,1.25,1.6666666666666667,0.0,1.6077928911456327,0.8150254851592801,0.0707426019927707,0.0085319760799816,0,0,0,0,0,0,0,0,1,0,0,1,0,0,1
4068,-0.8123922241682123,2,-0.2599421624112231,1.0480311368944542,-0.242362635726655,-0.3231501809688733,0.0,-0.2638883377489947,-0.5389810846374523,0.0,0.7994674538594746,1,0,0,0,1,0,0,0,0,0,0,1,1,0,0
4069,-0.3313901928977316,2,0.7044134202452093,2.083333333333333,0.4360241692235038,0.5813655589646718,0.0,0.4570407537418751,0.2265575399747517,0.0,1.0643560307547,0,1,0,0,0,1,0,1,0,0,0,0,1,0,0
4070,0.700019692721623,2,0.0114636550904421,1.3893338169180751,0.3681934547900499,0.4909246063867332,0.0,0.4456823541891336,0.3739366488517844,0.0,-0.0790173985261384,0,0,0,1,0,1,0,0,1,0,1,0,0,0,1
4071,-0.583181559608813,2,0.1309558762888115,0.94575981672362,0.5,0.6666666666666666,0.0,0.6662697400725206,0.6322642139971837,0.0,0.3422166280729801,0,0,0,0,0,1,1,0,0,0,0,0,1,0,0
4072,-0.3931673609848142,0,-0.6608051173047191,-0.077784235946925,-0.5,-0.6666666666666666,0.0,-0.6057083681168304,-0.6488146655149246,0.0,-0.9726515597785412,0,1,0,0,0,1,0,0,0,0,0,0,0,0,0
4073,-0.0263560411691186,1,1.421988202885895,1.132508424792303,3.9752527437690905,5.300336991692121,0.0,4.786758372766164,3.9215064461300857,2.540606585045817,0.7522454784568393,0,1,0,0,0,1,1,0,0,0,0,0,0,1,0
4074,-0.230803379458051,1,-0.4737075754186665,1.2778671809422586,-0.5,-0.6666666666666666,0.0,-0.6057083681168304,-0.6488146655149246,0.0,1.1410398696459827,1,0,0,0,1,0,0,0,1,0,1,0,0,0,0
4075,-0.8205670788730782,1,-0.3053077068642115,1.38012058436749,-0.1832627974649983,-0.2443503966199978,0.0,-0.1468447447830539,-0.449294960532802,0.0,-0.6230443680607685,0,1,0,0,0,1,1,0,0,0,1,0,0,0,1
4076,0.2895606965277768,0,0.1924769833333491,1.1910722637152746,-0.1321445274305492,-0.5095260365740657,1.0,-0.3017382345894005,-0.1921825914392481,0.0,-0.7582391885683857,0,1,0,0,0,1,0,0,0,0,0,0,0,0,1
4077,0.0702470747222542,1,0.1926986473901211,1.9369874267996212,3.991742517881685,5.057858685740463,0.7933940143053477,4.3652250039246585,4.623145240812145,5.0,-0.1872261648502673,0,0,0,0,0,1,1,0,0,0,0,0,0,1,0
4078,-0.5736505498050462,2,-0.2050529663406036,0.3439690464669331,-0.5,-0.6666666666666666,0.0,-0.6057083681168304,-0.6488146655149246,0.0,0.2597768020009027,0,0,1,0,0,0,0,0,0,0,0,0,0,0,0
4079,0.9153595762537016,1,-0.5791186887904635,0.7754882630528209,2.30016275435094,3.0,0.2006510174037612,2.4860096392090174,1.9634778728134703,0.4013020348075224,0.7074919946449966,0,0,0,0,0,1,0,0,0,0,0,0,0,0,0
4080,0.540313931767693,0,0.4269672909073707,1.912430174568332,1.7540135188300017,1.3386846917733353,3.0,1.28392825121807,1.969379627390592,1.0,0.2326216240753853,0,0,0,0,0,0,0,0,0,0,0,0,0,1,0
4081,0.8678079050567545,2,-0.1490758944381019,0.7756924490454139,0.5224530385706935,0.6966040514275913,0.0,0.5650239466218009,0.5716006255520117,0.0,-0.0522787929665806,0,0,0,0,0,1,0,0,0,0,1,0,0,0,1
4082,-0.8847936575311395,1,-0.3679331478095128,1.582560817365062,-0.2494206130237965,-0.332560817365062,0.0,-0.3447644554496964,-0.4030304998155743,0.0,0.2698547244359114,1,0,0,0,1,0,0,0,0,0,0,0,1,0,0
4083,-0.0871142929641149,0,-0.2887253314713759,-0.5778130913111045,-0.2389595159555421,-0.3186126879407229,0.0,-0.2789252159726657,-0.2890130011548088,0.0,-0.5803201489367562,1,0,0,0,1,0,0,0,0,1,0,0,0,0,1
4084,-0.1830617866193992,1,-1.105263157894737,1.8554783968421589,-0.5,-0.6666666666666666,0.0,-0.6057083681168304,-0.6488146655149246,0.0,-0.5374866456072968,0,0,0,0,0,1,0,0,0,0,0,1,0,0,0
4085,0.3407957165191568,0,-0.6928700870206406,-0.3844909291174852,-0.4082265826696085,-0.5443021102261447,0.0,-0.4484484550389793,-0.4726491653126183,0.0,0.0642667958929099,0,0,0,0,0,1,0,0,0,0,1,0,0,0,0
4086,-0.5318597881020845,0,0.0743326610304978,0.5517721556658872,2.715485229556075,3.2873136394081004,1.0,2.2772014838339083,3.007294605169564,3.0,0.8010191463425599,0,0,0,0,0,1,1,0,0,0,0,1,0,1,0
4087,-0.120178766140403,2,0.2640524970309842,-0.0002360756053986,3.2443341854704326,3.661000852137099,1.9943341854704328,2.8598624763804663,3.91944100232385,3.0,0.995859597074547,0,0,0,0,0,1,0,0,0,0,0,0,0,1,0
4088,0.3079439824868955,0,0.5163827939671781,1.1643181072132531,0.0,-0.354302990513735,1.0629089715412052,-0.0490232124731953,-0.1436899201344642,0.0,-0.9712167648524932,0,0,0,0,0,1,0,0,0,0,0,0,0,0,1
4089,0.663863821336097,0,-0.4758522629125908,1.980592503840842,-0.0445183410150175,-0.0593577880200234,0.0,-0.2258917705912246,-0.1304759841899396,0.0,0.5742907621399838,0,0,0,0,0,1,0,1,0,0,0,1,1,0,0
4090,0.062244859318387,0,0.5383989093934619,0.3629249189028488,-0.25,-0.3333333333333333,0.0,-0.2070731926026209,-0.4497558639829864,0.0,0.4944268856474687,0,0,0,0,0,1,0,0,0,0,0,0,1,0,0
4091,-0.9259767001544544,2,0.5646666858169342,-0.4581262984604753,0.0288939311245057,0.0,0.1155757244980228,0.0929108726902816,0.0236019615736012,0.8844242755019771,-0.337454514921252,0,0,0,0,0,1,0,0,1,1,0,0,0,0,1
4092,-0.7038580174980361,0,-0.0789383492704988,-0.4958290492368202,0.25,0.2333447575907014,0.2999657272278956,0.0523417865679298,0.2891429221512793,1.2999657272278955,0.4730887867288053,0,0,0,0,0,1,0,0,0,0,0,0,1,0,0
4093,-0.7595057862701162,0,-0.4219116597256027,0.6075993117086531,0.0,0.0,0.0,-0.1447764225840559,-0.2443316280987798,0.0,-0.2916301338849105,1,0,0,0,1,0,0,1,0,0,0,0,0,0,1
4094,-0.4617115022935147,1,0.1158841907290817,1.025037492163595,1.3004499059631385,1.5336332706420923,0.600899811926277,1.5265323758742593,1.2600704249486672,0.399100188073723,0.0996885266409041,0,1,0,0,0,1,0,0,0,0,0,1,0,0,0
4095,0.4639248617404771,1,-0.3660339132163644,0.9479922657912656,0.0692126283838426,0.0922835045117901,0.0,-0.026819212139355,-0.2589644784758102,1.0,-0.1644942505205912,1,0,0,0,1,0,0,0,0,0,0,0,0,0,1
4096,0.7182171248061963,2,-0.0442633359144506,0.1767781535971736,-0.25,-0.3333333333333333,0.0,-0.4111041863981272,-0.3358202405511816,0.2803344607915209,0.3123591478140801,0,0,0,0,0,1,0,0,0,1,0,0,1,0,0
4097,-0.2667801051450418,0,0.4308766988013757,-0.294259128850363,0.25,0.2291354547120792,0.3125936358637624,0.0404244270785174,0.1999912482707013,0.0,-0.6129339512988881,0,0,0,0,0,1,0,0,0,0,0,1,0,0,1
4098,-0.0955974071684346,2,0.2618685027227551,-0.0020415373556376,3.2622492241338263,3.6748328160892174,2.024498448267652,2.870071642535511,3.9356117535907926,2.9510031034646955,1.0094224801029432,0,0,0,0,0,1,0,0,0,1,0,0,0,1,0
4099,-0.0949735882923859,1,0.0805624581262087,0.2253612329127569,0.75,0.7687124469598644,0.6938626591204068,0.7878397578456594,0.180706328622884,1.0,-0.6538461538461539,0,0,0,0,0,1,1,0,0,0,0,0,0,0,1
4100,-0.3121405364234958,2,-0.476727735447655,-0.2213406371716492,-0.3627174159307068,-0.6666666666666666,0.5491303362771727,-0.5675263638191351,-0.4696186636584712,0.0,-0.5255686262803102,0,0,0,1,0,1,1,0,0,1,0,0,0,0,0
4101,-0.5852756839838904,0,-0.2130006250227018,1.582928884974225,-0.1839550852468788,-0.2452734469958384,0.0,-0.2613195015550405,-0.2792310930653586,0.0,0.1538461538461538,1,0,0,0,1,0,0,1,0,0,0,0,0,0,0
4102,-0.4513145872844391,0,-1.0748925966072678,-0.3493197785126964,-0.5,-0.6666666666666666,0.0,-0.6057083681168304,-0.6488146655149246,0.0,-0.0679749757157471,0,0,0,1,0,1,0,0,0,0,1,0,0,0,0
4103,0.1789569922131546,2,-0.4652326028411893,1.869244028885346,-0.25,-0.3333333333333333,0.0,-0.329232980046409,-0.3227580044809953,0.0,-0.1904463711658124,1,0,0,0,1,0,0,0,0,1,0,0,0,0,1
4104,-0.2657180298616313,1,-0.0529520393810441,-0.4550352613700871,-0.25,-0.3333333333333333,0.0,-0.4125053544404069,-0.1630894406496362,0.0,0.3109708644368364,0,0,0,1,0,1,0,0,0,0,0,0,1,0,0
4105,-0.4025791538764133,2,-0.0004953684092218,1.902480350040274,1.4495294000112393,1.9327058666816523,0.0,1.7778395107057174,0.9870701854663696,0.0,0.0885701384589447,0,0,0,0,0,1,0,0,0,0,0,1,1,0,0
4106,0.5787863839141092,1,0.4210526315789473,1.698240420465242,1.75,1.3333333333333333,3.0,1.2320576790967808,1.878350152568153,1.131055747720855,0.1652413569088033,0,0,0,1,0,1,0,0,0,0,0,0,0,1,0
4107,0.1626061342834181,1,1.5263157894736843,0.462103827689207,1.0795628389774596,1.0,1.3182513559098388,1.8570883783797696,1.2376612909564877,2.3182513559098386,0.9527196414851798,0,0,1,0,0,0,0,1,0,0,0,0,0,0,0
4108,0.5980105165098445,1,-0.7122046655306239,0.3978447262189981,-0.25,-0.3333333333333333,0.0,-0.3561511359964976,-0.2220559678304286,0.0,-0.8585542363032281,0,0,0,0,0,1,0,0,0,0,1,0,0,0,1
4109,-0.639658329268411,0,1.016592917672413,0.8640492161923179,2.75,3.333333333333333,1.0,2.894406906985782,2.357790342295945,1.0,0.4837949975610467,0,0,0,0,0,0,0,0,0,0,0,0,0,1,0
4110,-0.7599141839298243,0,-0.3177602600258434,1.7704513436432678,2.75,3.080743739274856,1.757768782175433,2.3518249047040283,2.494157681652444,1.0,1.0630706953522229,0,0,0,0,0,0,0,0,0,0,1,0,0,1,0
4111,0.7658861360300344,0,0.7299756127190253,-0.4239133719349255,1.6413050868535823,1.8550734491381096,1.0,1.7473489351529508,1.5635150087127867,2.5217401158047767,-0.3762546732870037,0,0,0,0,0,0,0,0,0,0,0,1,0,1,0
4112,-0.6661907848963703,1,1.365835433127481,0.6417849315945308,2.60480348711534,1.90320232474356,4.709606974230679,2.471830097415734,2.3058516215728875,2.85480348711534,-0.3349848836242569,0,0,0,0,0,1,0,0,0,0,0,0,0,1,0
4113,-0.4938630856033394,1,0.3562404877114639,1.3436353578940556,1.355055028210853,1.5700366854739023,0.7101100564217067,1.4770988831252447,1.1949337976230447,0.0,-0.272603415967083,0,0,0,0,0,1,0,1,0,0,0,1,0,0,1
4114,-0.5642614331659189,0,-0.5437015401985112,-0.3612128113827283,-0.0834272105071339,-0.1112362806761785,0.0,-0.1888527744658782,-0.0761436381650706,0.0,0.7819574048774816,0,0,0,0,0,1,0,1,0,0,0,0,1,0,0
4115,0.1965817196792831,2,-0.8970750212460048,2.083333333333333,-0.5,-0.6666666666666666,0.0,-0.6057083681168304,-0.6488146655149246,0.0,0.6692288860776576,1,0,0,0,1,0,0,0,0,0,1,0,0,0,0
4116,0.5172469207031557,2,-0.241589594766895,0.9335256070951266,-0.2158501917142504,-0.2878002556190006,0.0,-0.2571280681694752,-0.3193645210414518,0.0,0.1870538756483462,0,1,0,0,0,1,0,0,0,0,1,0,1,0,0
4117,0.2393657090751853,1,-0.2524253645968875,-0.0995102409176079,3.850326506054928,4.133768674739904,3.0,3.438580782320672,3.695328968371923,2.4013060242197124,0.1556042633726894,0,0,0,0,0,1,0,0,0,0,0,0,0,1,0
4118,0.878074601373732,1,1.418547071710779,-0.4929141514882096,0.1462575455353709,0.1950100607138278,0.0,0.2967049430721222,-0.0341382662427562,1.0,1.6070128460854554,0,0,0,0,0,0,0,0,0,0,0,0,1,0,0
4119,-0.8436035720672405,0,-0.2962649313062727,1.659498128065601,-0.25,-0.3333333333333333,0.0,-0.3706342062456361,-0.3900174248188521,0.0,0.2633719388667486,1,0,0,0,1,0,0,0,0,0,1,0,1,0,0
4120,-0.4106399903726635,0,-0.8735267407943803,2.005700996349635,-0.3165420031288843,-0.4220560041718458,0.0,-0.4718656271704182,-0.554717387918299,0.0,0.7152695413497394,0,0,0,1,0,1,0,0,0,0,0,0,0,0,0
4121,-0.3744491132813152,0,0.2515647783032542,-0.0860866984863104,2.4944932696940456,2.9926576929253943,1.0,2.894134725344254,2.396849180734119,1.977973078776183,-0.6812942316957837,0,1,0,0,0,1,0,0,0,0,0,0,0,1,0
4122,0.5705536579082454,0,1.1973085466758808,0.5521307338815944,1.0416287462280578,0.8610858308187052,1.5832574924561156,1.6088303503545711,1.0927673610284712,3.0,0.6731644317814052,0,0,1,0,0,0,0,1,0,0,0,0,0,0,0
4123,0.0869142249505156,1,-0.360117407702313,0.0044487065053072,0.2105576865859869,0.0,0.8422307463439479,0.1055510884883067,-0.1916397066939658,0.0,-0.8258964523449291,0,0,0,1,0,1,0,0,0,0,1,0,0,0,1
4124,-0.5890105272237314,2,1.064016463628091,2.083333333333333,0.6127548876395895,0.6666666666666666,0.4510195505583582,0.4198547344482076,0.3250566454750773,0.9020391011167164,1.0535324459820437,0,1,0,0,0,1,0,0,0,0,0,0,1,0,0
4125,0.4014826124556828,1,-0.1463540020040065,0.5102420126920415,-0.25,-0.3333333333333333,0.0,-0.3033757464324731,-0.3363140410561035,0.0,-0.6538461538461539,0,0,0,0,0,1,1,0,0,0,1,0,0,0,1
4126,0.7830879082283237,2,-0.2264748738907818,0.3595682933186416,-0.25,-0.3333333333333333,0.0,-0.4808333098989434,-0.1681541383468817,0.0,-1.0423464436400622,0,0,0,1,0,1,0,0,1,0,0,1,0,0,1
4127,-0.6180133592565682,0,0.0562288074037249,0.6430853821725353,-0.25,-0.3333333333333333,0.0,-0.2499941416805731,-0.2552475371260751,0.0,-0.8954990543819068,0,0,0,0,0,1,0,0,1,0,1,0,0,0,1
4128,-0.7852354395411959,1,0.5309026317632818,-0.3229848214911134,0.104030357017773,0.1387071426903641,0.0,0.3810427618264519,0.118408684744862,0.0,-0.3107925823213639,0,0,1,0,0,0,0,0,0,1,0,0,0,0,1
4129,-0.1801046153500548,1,0.6270207519945548,0.2868609523167684,0.3701942856501017,0.1602590475334689,1.0,0.3662046076151151,0.1558826428931118,0.2403885713002035,1.0399402197999688,0,0,0,0,0,1,0,0,0,0,0,0,1,0,0
4130,-0.122609340482222,0,0.8717646609270169,0.2762416639803682,0.1560785737311129,-0.062614284179258,0.8121571474622259,0.1198793165947279,-0.1042641027333631,0.0,0.9974511008494032,0,0,0,0,0,1,0,0,0,0,0,0,1,0,0
4131,0.1568107825756002,0,0.2316338280645563,0.7065102566826812,-0.25,-0.3333333333333333,0.0,-0.2769534171597422,-0.5275094183133775,0.2802085466453139,-0.2844549641189892,0,0,1,0,0,0,0,0,1,0,0,0,0,0,0
4132,0.6333743797464436,0,0.6561965196530282,-0.4388444219413527,0.716733367087971,0.5779556455679224,1.1330665316481163,0.7317072683259921,1.0901767238949769,0.0,1.3669334683518837,0,0,0,0,0,0,0,1,0,0,0,0,1,0,0
4133,-0.5556677760500109,2,0.635386962703109,0.5148023280632084,-0.1134867120270892,-0.151315616036119,0.0,-0.061495128349345,-0.0750449999416232,0.0,0.3109816012682774,0,1,0,0,0,1,0,0,1,0,1,0,1,0,0
4134,-0.7637378422965815,0,-0.3402261039435673,0.0758929996517747,1.4553579979106483,1.9404773305475311,0.0,1.181814669354134,1.898469317410845,2.0,0.6772003015849721,0,0,0,0,0,0,0,0,0,0,0,0,1,0,0
4135,0.8076923076923077,2,-0.9177504623305666,-0.449223775327484,-0.3886643370087739,-0.5182191160116985,0.0,-0.5303182897670182,-0.5759800480902009,0.0,0.2055427624453405,0,0,0,1,0,1,0,0,0,0,0,0,0,0,0
4136,-0.1960279498710476,2,1.4308133781791856,0.1710302460223831,0.1592727092702262,-0.1209697209730316,1.0,0.1451694676822971,-0.0745080862573685,0.0,0.4057062826278315,0,0,1,0,0,0,0,0,0,0,0,0,1,0,0
4137,-0.2348120708212619,1,1.0193630760386756,-0.3465021157346909,-0.3815696150845507,-0.5087594867794009,0.0,-0.5056908651058014,-0.5135046259685662,0.0,0.2570749700910546,0,1,0,0,0,1,0,0,1,0,0,0,0,0,0
4138,0.0591087416634099,1,-0.4825554974085302,0.1969427938240906,2.3657931791878357,2.6666666666666665,1.4631727167513418,2.810468928597235,1.968740319340492,0.5368272832486582,0.1105360071066465,0,0,0,0,0,1,0,0,0,0,0,0,0,1,0
4139,-0.6718964185981422,0,0.296977583812155,-0.1913366395560376,-0.0586633604439623,-0.0782178139252831,0.0,-0.1563396516212967,-0.249853507105556,0.7653465582241507,0.0949733416750653,0,0,1,0,0,0,0,0,0,1,0,0,1,0,0
4140,-0.143205483574419,0,-0.2536402293034882,-0.491134323423159,-0.3257985148652615,-0.4343980198203486,0.0,-0.4026300778791294,-0.489644098427612,0.0,0.6350217821188735,1,0,0,0,1,0,0,0,1,1,0,0,0,0,0
4141,0.0696280266007808,1,1.3889615226056589,0.2595995189055451,0.5,0.6666666666666666,0.0,0.5210109571109557,0.3057720513667946,0.710029881056391,-0.5746314744149797,0,0,0,0,0,1,1,0,0,0,0,0,0,0,1
4142,0.4907487373632991,0,-0.9673543992485732,-0.1010036739077145,-0.3908222327384537,-0.5210963103179382,0.0,-0.5087055607309204,-0.4781372998218575,0.0,-0.2675248235360668,1,0,0,0,1,0,0,1,0,0,0,0,0,0,0
4143,-0.0046136035778419,2,-0.9348026467555248,1.746684031782708,-0.25,-0.3333333333333333,0.0,-0.1511227692074976,-0.4206373128092433,0.0,0.410744296243633,0,0,0,0,0,1,0,1,0,0,0,0,1,0,0
4144,-0.1857916463287934,0,-0.5701096364724552,0.6770051933110406,2.708395845351168,2.9722638969007784,1.9167916907023352,1.989827588511349,2.764053664439256,2.0832083092976648,-0.1955657152971418,0,0,0,1,0,1,0,0,0,0,0,1,0,1,0
4145,0.2036816725690275,0,-0.9288348285998612,-0.1666666666666666,-0.5,-0.6666666666666666,0.0,-0.6057083681168304,-0.6488146655149246,0.0,-0.5842374161828193,0,0,0,0,0,1,0,0,0,0,0,1,0,0,0
4146,-0.4522893205550222,2,-0.1897780275606723,0.2244578884075523,-0.5,-0.6666666666666666,0.0,-0.6057083681168304,-0.6488146655149246,0.0,-0.3992215833544342,0,0,0,1,0,1,0,0,0,0,0,0,0,0,0
4147,-0.2766546358218049,0,-0.2079865719556983,-0.5152293092456036,-0.2896560361315945,-0.3862080481754593,0.0,-0.3604963797622131,-0.4566201616251827,0.0,0.7907124597408237,1,0,0,0,1,0,0,0,1,1,0,0,0,0,0
4148,-0.4591511356728739,0,-0.3929420108621718,1.4609196030210532,-0.4409960848608179,-0.6273307232405452,0.1180078302783641,-0.5860505802784639,-0.564910067501476,0.0,-0.0568524783017556,0,0,0,1,0,1,0,0,0,0,0,1,0,0,0
4149,0.0,0,-1.0032399469006748,-0.0073425795791181,0.1618890450505826,0.2158520600674434,0.0,0.1750608887734213,0.2839620789038751,0.0,0.9730515343124796,0,0,0,0,0,1,0,1,0,0,1,0,1,0,0
4150,-0.1729036144021005,1,-0.1492018600972874,-0.2684767960597649,2.25,2.6666666666666665,1.0,2.665976669646051,2.054962448425218,1.7217215527171792,1.056825764318195,0,1,0,0,0,1,0,1,0,0,0,0,0,0,0
4151,0.6230131283170234,0,0.1683337545390845,-0.1018301427792158,0.5,0.5761509841962525,0.2715470474112423,0.4911252083535886,-0.0647323728476539,2.0,-0.6884934358414884,0,0,0,0,0,1,0,0,0,0,0,0,0,0,1
4152,-0.1716774066644381,2,-0.3478835026176144,-0.3755097161320143,0.0487766812831655,0.0650355750442207,0.0,0.027617969118969,-0.1040139539281524,0.0,-0.9066571918549862,1,0,0,0,1,0,0,0,0,0,0,0,0,0,1
4153,-0.2789722964734155,0,-0.3752753040514029,1.102449008883902,-0.2756870631131058,-0.3675827508174744,0.0,-0.3607094231755373,-0.4076874082797567,0.0,-0.6380387303919349,0,0,0,0,0,1,0,0,1,0,1,0,0,0,0
4154,-0.4479443594686709,0,-0.3356883710239506,1.024887023121018,-0.202740118818117,-0.2703201584241561,0.0,-0.3120781640157918,-0.3186039053866131,0.0,-0.5884093952866236,0,1,0,0,0,1,0,0,1,0,0,0,0,0,1
4155,-0.1701763102723722,1,0.0575947090369048,1.3710708553457835,0.6957541593291832,0.927672212438911,0.0,0.610490667149141,0.5867584765921928,1.0,-0.5453544725045203,0,0,0,0,0,1,1,0,0,0,0,0,0,0,1
4156,0.0,0,-0.6912933732969726,-0.0297932799521118,-0.1075193594253419,-0.1433591459004559,0.0,-0.0554221818929515,-0.0122604646872747,0.0,0.5378533424667554,0,0,0,0,0,1,0,1,0,0,1,0,1,0,0
4157,-0.0650461276283428,0,0.592216520852238,2.083333333333333,0.8516285592560163,1.1355047456746885,0.0,1.1330962795227786,0.6478607105039161,0.0,-0.9831120991482926,0,0,0,0,0,0,0,0,0,0,0,1,0,0,1
4158,0.6394476786324217,2,0.075573730994347,0.3888178172841151,-0.4739316814815432,-0.6319089086420575,0.0,-0.5796821961300626,-0.6088227274019566,0.0,0.1378041116809497,0,0,0,0,0,1,0,1,0,1,0,0,0,0,0
4159,0.4871589285578601,0,-0.4956597509700216,0.2257306361846003,-0.5,-0.6666666666666666,0.0,-0.6057083681168304,-0.6488146655149246,0.0,-0.1410667582688951,0,0,0,0,0,1,0,0,1,0,0,0,0,0,0
4160,-0.1668984615104697,0,-0.0350084210622077,0.6027903333318171,-0.1167419999909026,-0.1556559999878702,0.0,-0.3271570585298641,-0.2055603155664975,0.0,0.7590670769118802,1,0,0,0,1,0,1,0,0,0,0,0,1,0,0
4161,0.5048720551347587,0,-0.6842105263157895,-0.3608178855705932,2.170185373152881,2.560247164203842,1.0,2.4660287342265383,2.400111927579539,0.6807414926115254,-0.0932622962298044,0,0,0,1,0,1,1,0,0,0,0,1,0,1,0
4162,-0.7261883465950901,0,0.5225301633290056,0.0372196839148921,-0.2351121264340431,-0.3134828352453908,0.0,-0.4282789893560721,-0.4591635076915934,0.0,0.2225594164582625,0,0,1,0,0,0,0,0,0,1,0,0,1,0,0
4163,-0.4525647130324021,0,1.4523072186361048,-0.5661009455157597,0.4793211346189116,0.6390948461585488,0.0,0.2833980704942559,0.4733823400211315,0.9172845384756464,0.6798674082927055,0,1,0,0,0,1,0,0,0,0,0,0,1,0,0
4164,0.7121619847856022,1,-0.0817316328165017,2.083333333333333,-0.5,-0.6666666666666666,0.0,-0.6057083681168304,-0.6488146655149246,0.0,0.0398726699649182,0,0,0,0,0,0,0,0,0,0,0,0,0,0,0
4165,-0.8461538461538461,1,1.0476915126715156,0.8634173215459487,5.389892015155208,6.955475566781637,0.6931413602759267,7.215000383351237,6.007539391945636,5.346570680137964,0.646626056981446,0,0,0,0,0,0,0,0,0,1,0,0,0,1,0
4166,-0.8581119608090725,1,1.0580053823120503,0.4642309025089405,1.2175175188660747,0.7099766415119004,2.7401401509285974,0.8636664110569439,1.1096362131006414,2.0,-0.287703088532969,0,0,0,0,0,1,0,0,1,0,0,1,0,0,0
4167,-0.6688425440789046,1,-0.0157730080792142,-0.4818743482364689,-0.1412460894188134,-0.1883281192250845,0.0,-0.148226978855346,-0.2041556588995618,0.0,-0.5701892995529334,1,0,0,0,1,0,0,0,0,0,1,0,0,0,1
4168,0.8820147636151037,2,0.0210713713027757,0.1333778401774257,-0.2833630045627283,-0.377817339416971,0.0,-0.4921624066267722,-0.2861935693995566,0.0,0.2538324594325869,0,0,0,0,0,1,0,0,0,1,0,0,0,0,0
4169,-0.1707249006689673,1,0.7442607464191701,-0.5595079515163686,0.1429522909017884,0.0,0.5718091636071537,0.053109888136876,-0.0463553110815636,0.0,1.7525569566579615,0,0,0,0,0,1,1,0,0,0,0,0,1,0,0
4170,-0.3084923831858905,0,0.7124210056738479,2.0137331995038004,0.2964000892196888,0.395200118959585,0.0,0.3998017465447605,-0.0568142195918306,0.9071998215606224,0.4444923488706256,0,0,0,0,0,0,0,0,0,1,0,0,1,0,0
4171,-0.9374162301914026,1,0.6195755403823247,-0.5334441730473705,0.0,0.0,0.0,0.0922652053608046,0.0169646925439285,0.9429838168160424,-0.2176116500344713,0,0,0,0,0,1,0,0,1,1,0,0,0,0,1
4172,0.3760059530060362,1,1.2527084578767764,0.5025546153299126,0.9611922610921528,1.281589681456204,0.0,1.248019532716821,0.5437728527987917,1.0,0.4913905683906516,0,0,1,0,0,0,0,0,0,0,0,0,1,0,0
4173,0.0957978982451809,2,1.0009741732237152,-0.3333333333333333,-0.1556715846484191,-0.3333333333333333,0.3773136614063236,-0.2272522707493903,-0.2935291420223725,0.0,0.4513891550600791,0,0,0,0,0,0,1,0,0,0,0,0,1,0,0
4174,-0.2405659763124374,1,-0.9812569840452005,2.083333333333333,0.2977591345231324,0.3970121793641764,0.0,0.4393201749039675,0.6106025013336959,0.0,-0.882166198229583,0,0,0,0,0,1,0,1,0,0,0,1,0,0,1
4175,-0.0232493060303606,2,-0.1894147110948765,1.6332399592335547,0.0812149847125829,0.1082866462834439,0.0,-0.0863495045112848,0.1415474784546107,0.6751400611496681,0.1288569277807437,1,0,0,0,1,0,0,0,0,0,1,0,0,0,1
4176,0.3416914353327627,0,-0.4957835049083764,-0.2946591062172768,-0.25,-0.6666666666666666,1.0,-0.554943835659865,-0.5515293487581078,0.0,0.5779851698877355,1,0,0,0,1,0,0,0,0,0,0,0,0,0,0
4177,0.8119951256278344,1,0.3965679346605529,0.2147568756477656,1.7288541253886591,1.3051388338515455,3.0,0.912984742992997,1.3447007801923214,1.9577082507773187,-0.2497115003587625,0,0,0,1,0,1,1,0,0,0,0,0,0,1,0
4178,0.1593380741945183,1,-0.0007122014243656,0.0685954379155263,0.3911572627493158,-0.1451236496675789,2.0,0.0647048037452123,0.2952021085270538,0.0,-0.1873362268463644,0,0,0,0,0,1,1,0,0,0,1,0,0,0,1
4179,0.2119691060795759,0,-0.419874025466424,-0.2964423361182275,0.5349145172807876,0.3798860230410502,1.0,0.5948559340000669,0.7186198984349639,1.9301709654384247,-0.830900742644942,0,0,0,1,0,1,0,0,0,0,0,0,0,0,1
4180,0.7127979272006714,2,-0.8921298032921727,0.3036139886026667,-0.25,-0.3333333333333333,0.0,-0.3624905356483554,-0.5582832076440557,0.0,-0.625799124979916,0,0,0,0,0,1,0,1,0,0,0,0,0,0,1
4181,0.140319404118128,1,0.7266945960131018,-0.5022952699494174,-0.25,-0.3333333333333333,0.0,-0.26613032766787,-0.3482043675324444,0.0,0.5156454604505651,0,0,0,0,0,0,1,0,0,0,0,0,1,0,0
4182,0.7799319883762376,1,0.1725385104095881,0.2637754088877895,0.0,0.0,0.0,-0.1044941028699162,-0.0922511634755313,0.1391158488910875,-0.8769359798271149,0,0,0,0,0,1,1,0,0,0,0,0,0,0,1
4183,-0.6734024141345151,0,0.304190509802151,-0.1864421540628261,-0.0635578459371739,-0.0847437945828985,0.0,-0.1636881294131399,-0.255580886617336,0.7457686162513044,0.0964793372114381,0,0,1,0,0,0,0,0,0,1,0,0,1,0,0
4184,0.3795127539119522,0,-0.9078409235207772,0.676529504567999,-0.5,-0.6666666666666666,0.0,-0.6057083681168304,-0.6488146655149246,0.0,-0.4090274347884503,0,0,0,0,0,1,0,0,1,0,1,0,0,0,0
4185,0.9230769230769232,2,0.201477492977316,0.1778654605571832,0.25,0.3333333333333333,0.0,0.3190561343961455,0.329004711302917,0.1828072366569004,-0.3254791497405847,1,0,0,0,1,0,0,0,0,0,1,0,0,0,1
4186,-0.1368030314038796,0,0.6043229461704351,-0.0248289004266669,7.164681775248696,7.683641380748987,5.607802958747827,8.245762408207774,7.290084092079597,2.8862423669982618,0.1280524442498997,0,0,1,0,0,0,0,0,0,1,0,0,0,1,0
4187,-0.6388922325543721,1,0.1003791872825312,0.4729998643342829,0.2175998372011395,0.0,0.870399348804558,0.0293373034673646,0.0405480208803909,0.0,-1.004306940928336,0,0,0,0,0,1,0,0,1,1,0,0,0,0,1
4188,0.3223285060412329,1,-0.4707026637638701,1.0369458842927943,3.1690270578536026,4.0,0.6761082314144111,3.4459068014012555,3.786522462911664,4.323891768585589,-0.2270271455907799,0,0,0,0,0,0,1,0,0,0,0,0,0,1,0
4189,-0.3058577234163628,1,-0.0850628758423522,-0.4653355451629321,-0.2219911526816048,-0.295988203575473,0.0,-0.3795442111195468,-0.1728634963473619,0.0,0.3550918954618995,0,0,0,1,0,1,0,0,1,0,0,0,1,0,0
4190,-0.8196276801556208,0,0.5041730376653435,0.7675296785149364,1.3172420078988465,1.4229893438651289,1.0,1.2736640215171662,1.3651003201484886,0.0,-0.4039775226638454,0,1,0,0,0,1,0,0,0,0,0,1,0,0,1
4191,-0.1677218740479776,1,0.3658322745105341,0.8456218243605673,1.881148348037481,1.5081977973833087,3.0,1.4354867732020535,2.356611319518536,0.4754066078500737,-0.2938241613806955,0,0,0,1,0,1,0,0,0,0,0,1,0,1,0
4192,0.838693786087201,0,0.247845139863202,-0.0233175759175654,0.591415065072199,0.6666666666666666,0.3656602602887957,0.7582678220664605,0.2132487151544496,1.0,0.1716400400444301,0,0,0,0,0,1,0,0,1,0,0,0,1,0,0
4193,-0.1152819708106982,1,0.8424423695480227,0.1667556252973948,0.2501334379460923,0.0001779172614564,1.0,0.2167403808510767,0.0055267342033307,0.0,1.07688201909351,0,0,0,0,0,0,0,0,0,0,0,0,1,0,0
4194,-0.3036612282693242,1,0.3043019528925645,-0.300400672083131,2.145191935002428,2.526922580003237,1.0,1.632740478956198,2.086353468701017,0.1048080649975721,0.6640901363468075,0,0,0,0,0,0,0,0,0,0,0,0,1,0,0
4195,0.0195056154796713,2,-0.7115041898118832,1.4808936172639349,-0.5,-0.6666666666666666,0.0,-0.6057083681168304,-0.6488146655149246,0.0,1.019065861481428,1,0,0,0,1,0,0,0,0,0,1,0,0,0,0
4196,-0.6657969507467307,2,-0.5024758967548684,0.2603935181830208,0.403719970024375,0.2049599600324999,1.0,0.1618605062829362,0.3867232507851829,1.3851201199025,0.3432923307504807,0,0,0,0,0,1,0,0,1,0,0,1,1,0,0
4197,-0.4300855180642099,1,-0.7265831057192562,0.3465168043519625,0.25,-0.0447266115925482,1.1341798347776448,0.1424495135265346,0.1478639366814625,1.0,0.1698168086922157,1,0,0,0,1,0,0,0,0,0,0,0,0,0,0
4198,0.0092431803801323,2,-0.4159932065287696,-0.1586559103372186,-0.381008067247086,-0.508010756329448,0.0,-0.4829857170682067,-0.5958227691742469,0.0,0.087834983811727,0,0,0,1,0,1,1,0,0,1,0,0,0,0,0
4199,-0.8461538461538461,1,1.46206564366123,-0.3891226653093242,7.000300569683417,8.148370792358087,3.556089901659408,9.793508590114792,8.040647776406368,6.778044950829704,1.2522497868894902,0,0,0,0,0,0,0,0,0,1,0,0,0,1,0
4200,-0.4296969510166507,0,-0.4453843904659824,0.3503435274336907,-0.5,-0.6666666666666666,0.0,-0.6057083681168304,-0.6488146655149246,0.0,-0.4437575608133206,0,0,0,0,0,1,0,0,0,1,0,0,0,0,0
4201,0.0489248376896448,2,0.1688984918055622,-0.1892317181886566,0.86460969086806,0.6666666666666666,1.4584387634722404,0.867998620977374,0.2810388681532244,0.7707806182638798,-0.5921332433787369,0,0,0,0,0,1,1,0,0,0,0,0,0,0,1
4202,0.2710038471788397,0,0.106476316490785,-0.4549718730567829,0.0007203129164036,0.0,0.0028812516656145,0.0918385879835918,-0.4383095369062577,1.0,1.0383507210897842,0,1,0,0,0,1,0,0,0,1,0,0,1,0,0
4203,-0.7371706504026225,0,-0.377849142548031,0.1976377902804197,0.5705216572896852,0.4273622097195803,1.0,1.0506228694744058,0.2560264359070243,1.0,0.0216989714737493,0,0,0,0,0,0,0,0,0,0,0,0,0,0,1
4204,0.6288240384560908,0,-0.325580157895035,-0.413754791667847,-0.0465057500014164,-0.0620076666685552,0.0,-0.2941627962753801,0.0327338965323028,0.0,-0.3819275000010895,0,0,0,0,0,1,1,0,0,0,0,0,0,0,1
4205,0.6750795909482068,1,0.0454992396091392,0.0099855490305462,3.861982658836656,4.149310211782208,3.0,3.3244539623464653,4.204776853359249,1.8958612706932445,1.1951062696610444,0,0,0,0,0,1,0,0,0,1,0,0,0,1,0
4206,-0.3746991348533481,1,0.8817161841019815,2.083333333333333,-0.25,-0.3333333333333333,0.0,-0.2727786454637738,-0.3091990231758633,0.0,-0.3107302885937404,0,0,0,0,0,1,0,0,0,1,0,0,0,0,1
4207,-0.4769896506518211,1,0.4609068701518023,-0.1230736957912311,0.25,0.3333333333333333,0.0,0.0587087191659882,0.0958164050250539,0.2803461833894696,-0.801578405775708,0,0,0,0,0,1,0,0,0,0,0,1,0,0,1
4208,-0.634024863813191,2,-0.2300611376203022,0.0858922568095054,-0.4072095963035645,-0.5429461284047526,0.0,-0.4879664421938651,-0.5496387431074474,0.0,-0.0305536119423299,0,0,1,0,0,0,0,0,0,0,1,0,0,0,0
4209,0.3028583169369638,1,0.2381842293132897,0.200971480269002,1.7174407941704275,2.289921058893904,0.0,2.256708609124977,1.344379464755925,1.8697631766817109,-0.7425738960331631,0,0,0,0,0,0,1,0,0,0,1,0,0,0,1
4210,-0.1464811891201396,1,0.7835013406993931,-0.4598108321061122,0.5,0.4231678796804032,0.7304963609587902,0.0694127768083673,0.5689414716882881,0.7304963609587902,-0.5856518866701178,0,0,0,0,0,1,1,0,0,0,1,0,0,0,1
4211,-0.2158884807842698,1,0.3277601024865759,-0.3409043903543071,1.0880717072342696,0.6666666666666666,2.3522868289370784,0.554276144872935,1.4453607460500786,0.0,-0.1354949342065686,0,0,0,0,0,1,0,0,0,0,0,0,0,0,1
4212,-0.2029207559066996,2,-0.976573007723908,0.4575501240755946,0.8009398511092864,1.0679198014790483,0.0,1.075374288562884,0.847122992100695,0.0,0.5904279900891195,0,0,0,0,0,1,0,0,0,0,0,1,1,0,0
4213,0.0347479677584163,2,0.5781004136992879,0.1577586380981434,0.6844827238037132,0.1639846433810784,2.245976965071618,0.4393829373062495,0.6133250903354923,0.0,-0.210610068862681,0,0,0,0,0,1,1,0,0,0,0,0,0,0,1
4214,-0.1029443048348469,0,-0.2313329170598466,-0.2589846687303883,-0.25,-0.3333333333333333,0.0,-0.2874183539701739,-0.193219797720039,0.0,0.972354865444959,1,0,0,0,1,0,0,1,0,0,0,0,1,0,0
4215,0.199392425443634,1,0.6135748477740468,-0.3168860685897988,-0.25,-0.3333333333333333,0.0,-0.3943208478029937,-0.3219424873199161,0.0,0.7358287153839526,0,0,0,0,0,1,1,0,0,0,0,0,1,0,0
4216,0.0251552494839403,1,0.2449492887674973,1.1103103378650272,0.75,0.9769357657721632,0.0691927026835101,0.7005484799201838,0.5243677347363587,1.0,-0.6538461538461539,0,0,0,0,0,1,1,0,0,0,0,0,0,0,1
4217,0.8942864822301713,1,-0.4538330101591221,0.5304653752584216,0.2185689327519434,0.2914252436692579,0.0,0.1533466805576232,0.0379629972017444,0.0,-0.8221989541144876,0,0,0,1,0,1,0,0,0,0,1,0,0,0,1
4218,0.0406326252492603,0,0.3019524500227395,0.0702284480066773,1.9471775871759616,2.508602299711966,0.2629034495679487,2.360803714446365,2.20066324490871,2.0,-0.0119108765242603,0,1,0,0,0,1,0,0,0,0,0,0,0,1,0
4219,-0.089627171255412,0,0.0539688520349826,-0.3901998034743017,-0.25,-0.3333333333333333,0.0,-0.2613991517884489,-0.2988467318658806,0.0,0.6606868200251035,1,0,0,0,1,0,1,0,0,0,0,0,1,0,0
4220,0.7043535297796089,0,-0.027905912557645,-0.1931087331952166,0.7369503427387571,0.6666666666666666,0.9478013709550284,1.0193156613216066,0.2740385729531693,1.0,0.2612002109161582,0,0,0,0,0,1,0,0,1,0,0,0,1,0,0
4221,0.1276079276682073,0,-0.6384989237817928,1.4163222760922736,-0.5,-0.6666666666666666,0.0,-0.6057083681168304,-0.6488146655149246,0.0,0.106744506322549,0,0,0,1,0,1,0,0,0,0,0,0,0,0,0
4222,-0.707005780937986,0,-0.0313440829524688,1.592224469654553,0.0,-0.3333333333333333,1.0,-0.1847325243512486,-0.2141114110011135,0.4681541413010304,-0.4508815773420302,0,0,0,0,0,1,0,1,0,0,0,0,0,0,1
4223,0.7166693093460683,0,0.1109712408024268,0.0220532633279745,1.960412372312639,1.6138831630835186,3.0,1.3054789718092312,1.4965761016223538,1.1583505107494445,0.038295005687703,0,0,0,1,0,1,0,0,0,0,0,0,0,1,0
4224,0.0759963062380039,2,0.3010463133018488,-0.5015478858691887,-0.2286646658789188,-0.3048862211718917,0.0,-0.3127699103758679,-0.3926476692358447,0.0,0.5924081017157588,0,0,0,0,0,1,1,0,0,0,0,0,1,0,0
4225,-0.5198493624001259,0,-0.672892907403437,0.2697115196056805,-0.2392482620332651,-0.3189976827110201,0.0,-0.347350415066102,-0.3698875940869942,0.0,-0.9768424105331864,0,0,0,1,0,1,0,1,0,0,0,0,0,0,1
4226,-0.076969229357905,2,-0.0876666682760732,-0.3332583356267377,0.75,0.6666666666666666,1.0,0.7159994765836234,0.2639817303141515,1.0,-0.6282205123500709,0,0,0,0,0,0,1,0,0,0,0,0,0,0,1
4227,0.1583287365039842,1,1.43648619575173,-0.3333333333333333,-0.2058273574551794,-0.3333333333333333,0.1766905701792821,-0.0616188697479603,-0.2010050012374802,0.0,0.3076923076923077,0,0,1,0,0,0,1,0,0,0,0,0,1,0,0
4228,-0.7218603091688929,0,-1.0641044560561597,-0.2900775827334706,-0.5,-0.6666666666666666,0.0,-0.6057083681168304,-0.6488146655149246,0.0,0.2761479481027049,0,0,0,1,0,1,0,0,0,0,1,0,0,0,0
4229,0.104578024589661,0,1.425663760828025,-0.447381901366774,0.0921457041003219,0.1228609388004292,0.0,0.2987710960329789,-0.0291968232037482,0.4561942721337626,0.2199626399742764,0,0,1,0,0,0,1,0,0,0,0,0,1,0,0
4230,-0.4385434946854288,0,-0.4684280620454643,1.3875388438352814,-0.5,-0.6666666666666666,0.0,-0.6057083681168304,-0.6488146655149246,0.0,0.0538256647901812,0,0,0,1,0,1,0,0,0,0,0,0,0,0,0
4231,0.1609111112749193,1,1.5263157894736843,0.4636777776256701,1.0779888890409963,1.0,1.3119555561639862,1.855149735363125,1.2367742351903956,2.311955556163986,0.9597418796632462,0,0,1,0,0,0,0,1,0,0,0,0,0,0,0
4232,0.6030170985311073,0,-0.6807953193912194,1.9079398159262195,-0.1209444417770729,-0.1612592557027639,0.0,-0.2902326274593669,-0.2224271866424124,0.0,0.3827991504287058,0,0,0,1,0,1,0,0,0,0,0,1,0,0,0
4233,0.1077069875035979,1,0.8713338691493115,-0.489790076614307,0.75,0.6666666666666666,1.0,0.3499491928225527,0.0521034310025791,1.0,-0.3606723430527572,0,0,0,0,0,1,0,0,0,0,1,0,0,0,1
4234,-0.1962519356117629,1,0.8080558651675168,0.0521046296782076,0.25,0.0,1.0,0.1796420105097487,0.024549922926616,0.0,1.1515698340558285,0,0,0,0,0,1,0,0,0,0,0,0,1,0,0
4235,-0.0594967244398828,1,0.7453930595605494,-0.571224290295308,0.5726542582281523,0.4302056776375363,1.0,0.1019276203121087,0.456705292034146,1.0,-0.6301710270687122,0,0,0,0,0,1,0,0,0,0,1,0,0,0,1
4236,-0.8826479213781204,1,0.6626719814025812,0.250961703474058,0.2755770220844348,0.3503846813896232,0.0511540441688695,0.4023695213104455,0.4670779550235134,0.0,-0.56905322397402,0,0,0,0,0,1,0,0,0,1,0,0,0,0,1
4237,-0.0938425192753008,0,1.3174432537637513,0.1315462128148485,1.2421445446221815,1.3228593928295755,1.0,1.1878930435010502,1.32280843301733,1.031421821511273,-0.8052752444991329,0,0,0,0,0,1,0,0,0,0,0,0,0,0,1
4238,0.3980697048754653,1,-0.2770420828915388,0.1574669500405079,1.0,1.0,1.0,0.957330850931686,1.0305735245602454,1.263799574939238,-0.6635233711959122,0,0,0,0,0,1,0,0,1,0,0,0,0,0,1
4239,-0.2561725214874158,1,-0.1206924279670141,1.7118102065798777,-0.5,-0.6666666666666666,0.0,-0.6057083681168304,-0.6488146655149246,0.0,-0.6810324564856435,0,1,0,0,0,1,0,0,0,1,0,0,0,0,0
4240,0.5660845252715037,1,-0.521371888720335,0.9885037214623088,-0.5,-0.6666666666666666,0.0,-0.6057083681168304,-0.6488146655149246,0.0,0.4375283252790207,0,0,0,0,0,0,0,0,0,0,1,0,0,0,0
4241,-0.1999940946186309,1,-0.6350895150867322,-0.1916634679184251,-0.25,-0.3333333333333333,0.0,-0.2163025162799537,-0.5157740878045597,0.0,-1.0538392642345564,0,0,0,0,0,1,0,0,0,0,0,1,0,0,1
4242,-0.2674070389357574,1,0.8014592901586672,0.3240838964326934,3.568785875171246,4.091714500228328,2.0,3.335996030547184,3.4396944693960987,5.0,0.0124061726290495,0,0,0,0,0,0,0,0,0,0,0,0,0,1,0
4243,0.3682352519316108,2,0.0397523178579769,-0.2985293872817384,1.6888235098253908,1.9184313464338545,1.0,1.383463383641954,1.847344466650934,3.0,-0.5965610799462742,0,0,0,0,0,1,0,0,0,0,0,0,0,0,1
4244,-0.7003186189197466,0,0.0021924641254043,-0.2482642992340549,0.5,0.3472189394608941,0.9583431816173176,0.1269615642368164,0.844440332671745,1.0416568183826824,-0.3237141609164163,1,0,0,0,1,0,0,0,0,1,0,0,0,0,1
4245,0.6691402915227707,1,-0.1578947368421052,0.0587254034013273,4.099411894898009,4.598431719728024,2.602352420407964,3.685207656398824,4.5198073924727264,3.397647579592036,0.5333026065931918,0,0,0,0,0,0,0,0,0,0,0,0,0,1,0
4246,0.1465978907734497,2,-0.3032794227379967,0.0099037903324192,-0.4405772580054846,-0.6666666666666666,0.2376909679780613,-0.5891812943762151,-0.5712497081173424,0.0,-0.1134909181504709,0,0,0,1,0,1,1,0,0,1,0,0,0,0,0
4247,-0.2726985469609548,1,-0.267687075600072,1.470117084029369,-0.5,-0.6666666666666666,0.0,-0.6057083681168304,-0.6488146655149246,0.0,-0.5736132909076397,0,1,0,0,0,1,0,0,0,1,0,0,0,0,0
4248,-0.5278445355116337,0,-0.4106188362831992,-0.3634982468042698,-0.4331868425516011,-0.5775824567354682,0.0,-0.5133039632385485,-0.6333217594399336,0.0,0.0072866409121263,1,0,0,0,1,0,0,0,0,0,0,0,0,0,0
4249,-0.1238386672624304,0,0.8768113708668195,0.2948864534801941,0.140097325588405,-0.07326844960773,0.78019465117681,0.1034172783105017,-0.1228544403367435,0.0,0.983928506267112,0,0,0,0,0,1,0,0,0,0,0,0,1,0,0
4250,0.651840533256499,0,1.5124717613772234,0.3388132611215157,2.5986387001872835,3.0876788446109185,1.131518266916378,3.63906690563654,2.7717298245299062,1.0,1.1184373896763598,0,0,1,0,0,0,0,0,0,0,0,0,0,1,0
4251,-0.7637357523021647,2,0.1428508441424494,-0.1190509433692627,-0.0357176100359294,-0.0476234800479059,0.0,0.2335860411285292,-0.337845001838608,0.8571295598562823,-0.5054950169286045,0,0,1,0,0,0,1,0,0,0,0,0,0,0,1
4252,0.8240247921826325,0,0.0879521349596254,0.6095971270322225,1.462322298374222,0.9497630644989626,3.0,0.6360372610016356,1.0220620690669897,2.0,-0.3577469851156239,0,0,0,1,0,1,0,0,0,0,0,0,0,0,0
4253,-0.6869700592399706,0,0.3201779294790804,-0.038483960625356,-0.25,-0.3587949816638186,0.0763849449914559,-0.4472328284311574,-0.1917197138784747,0.923615055008544,0.7459967751992086,1,0,0,0,1,0,0,0,0,0,1,0,0,0,0
4254,-0.0133997510995111,0,-0.6842105263157895,1.9876882524406745,-0.3456450808926589,-0.4608601078568785,0.0,-0.4077593124716862,-0.5487854483335476,0.0,-0.1933252228300669,0,0,0,0,0,1,0,0,0,0,0,0,0,0,0
4255,-0.2952821733865807,0,-0.6988207017417207,0.8352112566190086,0.25,0.3333333333333333,0.0,0.4117857584197876,0.2814796556333809,1.0,-0.0729538095224873,0,0,0,0,0,1,0,0,1,0,0,0,0,0,1
4256,-0.4684950110966752,0,-0.2392219774804415,0.0492391329462276,1.2954347976773657,1.7272463969031544,0.0,0.99173127812444,1.737609816648315,2.0,0.2097324855184537,0,0,0,0,0,0,0,0,0,0,0,0,1,0,0
4257,0.4615384615384615,0,-0.7665522302383058,-0.375,-0.5,-0.6666666666666666,0.0,-0.6057083681168304,-0.6488146655149246,0.0,0.767363331603641,0,0,0,0,0,1,0,0,1,0,0,0,0,0,0
4258,0.6805313062058076,2,-0.4907734504079976,0.5974792988764299,-0.1669751586517159,-0.2226335448689545,0.0,-0.29057419182656,-0.3370107459400602,1.0,0.6290119533967954,0,0,0,1,0,1,0,0,0,0,0,0,1,0,0
4259,0.452301567708231,2,0.7534943467902966,1.018954473445643,0.6645490736269544,0.2193987648359391,2.0,0.2591978405982574,0.946758699569282,0.6581962945078175,-0.6104978622160486,0,0,0,0,0,0,0,0,0,0,0,0,0,0,1
4260,-0.7241082344417035,0,0.1006427611738773,-0.2282522131489965,0.0652433605530103,0.0,0.2609734422120413,-0.0460252783067439,-0.1450383289611106,1.0,0.1471851575186265,0,0,0,0,0,0,0,1,0,1,0,0,1,0,0
4261,-0.2169876441490495,0,-0.2283989638437462,-0.5044561024158006,-0.3058158463762991,-0.4077544618350654,0.0,-0.3793349484031291,-0.4713856279395688,0.0,0.7211009694559425,1,0,0,0,1,0,0,0,1,1,0,0,0,0,0
4262,-0.5872984362186803,1,0.1870252241787577,-0.0554257870456081,4.839535010286161,5.786046680381548,2.0,5.281338038431901,5.378709970241966,1.2837199177107108,0.6280853418882538,0,0,0,0,0,0,0,0,0,1,0,0,0,1,0
4263,-0.5269632156144575,1,-0.0300341907305755,-0.041893859701394,0.6073375940297663,0.4764501253730216,1.0,0.7727541788724712,0.098821998822524,1.0,-0.3685213419056864,0,0,0,0,0,1,1,0,0,0,0,0,0,0,1
4264,0.1083503903097848,0,0.3721082758370941,0.3712716584414218,-0.25,-0.3333333333333333,0.0,-0.3403177087920526,-0.5840541877030377,0.0,0.7630947139111284,0,0,0,0,0,1,0,0,0,1,0,0,1,0,0
4265,-0.1918854630163587,1,0.8941590546539646,1.9007956458267956,-0.1657518365354439,-0.2210024487139253,0.0,-0.1487831348198383,-0.0838263393622749,0.3369926538582241,-0.1659629511811107,0,0,0,0,0,1,0,0,0,1,0,0,0,0,1
4266,-0.6811426070317721,1,0.2309059561842084,0.0766114272237324,-0.1370955090489135,-0.1827940120652179,0.0,-0.2785472130016012,-0.1236057779042893,0.0,-0.11662920292642,1,0,0,0,1,0,1,0,0,0,0,1,0,0,0
4267,-0.6538461538461539,0,0.1406213822794859,-0.1443482254905865,0.0,0.0,0.0,-0.0825030688904964,-0.186955510417141,0.8792551148463846,0.225532166342911,0,0,1,0,0,0,0,0,0,1,0,0,1,0,0
4268,0.1735231476540459,1,0.1593021197816199,1.2533425344813474,0.66220995402487,0.8829466053664934,0.0,1.1223419493893692,0.7800910335664716,1.0,0.3076923076923077,0,1,0,0,0,1,0,0,0,0,0,1,1,0,0
4269,0.6495952973912291,0,0.1907523152120471,0.2200741461761803,0.5,0.6666666666666666,0.0,0.4866753062828481,0.3508237801700171,1.0,-0.1370599621714099,0,0,0,0,0,1,0,0,1,0,0,1,0,0,0
4270,-0.3134159846707009,0,-0.4143476672018898,1.2092258865947556,-0.25,-0.3333333333333333,0.0,-0.3442385373532232,-0.3843883804822018,0.0,-0.666941298439412,0,0,0,0,0,1,0,0,1,0,0,0,0,0,1
4271,-0.4487543159333953,0,-0.3715067898173666,2.083333333333333,-0.1515366412333699,-0.3333333333333333,0.3938534350665202,-0.4561735172580323,-0.196763820661834,0.0,0.2459174398102507,1,0,0,0,1,0,0,0,0,0,0,0,1,0,0
4272,-0.3042862491481458,0,-0.0179837913387966,2.083333333333333,0.1772139380537052,0.2362852507382736,0.0,0.2439413783802069,-0.0888210398459612,0.0,-0.3028243362829053,1,0,0,0,1,0,0,0,0,0,0,0,0,0,1
4273,0.4296777048959121,1,-1.0398647626810829,-0.1148929371225238,-0.4482262704558571,-0.5976350272744763,0.0,-0.5293331856290899,-0.593160018150072,0.0,-0.4310421122375604,0,0,0,0,0,1,0,0,0,0,0,1,0,0,0
4274,-0.364489313206662,2,-0.3649318684400657,0.4166666666666667,0.0761638928313394,0.1015518571084525,0.0,0.1327265872201714,0.0860509310969672,0.0,-0.5685145274884066,0,1,0,0,0,1,0,0,0,0,0,0,0,0,1
4275,-0.1194612562304954,1,-0.2731680960963067,0.0875226994772457,0.2751361968634745,0.0335149291512994,1.0,0.1540566157019419,-0.1648746381836333,0.0,-0.8192936293216037,0,0,0,0,0,1,0,0,0,0,1,0,0,0,1
4276,0.0005460917592323,1,0.2181715730035631,-0.2282656174343004,5.474661420504836,6.202927037939135,3.289864568201934,6.181323563064493,6.178930253226776,4.159458272807736,0.3355765009027525,0,0,0,0,0,0,0,0,0,1,0,0,0,1,0
4277,0.3724231620030719,1,-0.1250383879481092,0.25,-0.2343446095410802,-0.3124594793881069,0.0,-0.2708907046175113,-0.3740645396069028,0.0,-0.6466205890189601,0,0,0,0,0,1,1,0,0,0,1,0,0,0,1
4278,0.8699904167034483,1,-0.7368421052631579,-0.2320989061902297,-0.1508229514287357,-0.2010972685716476,0.0,-0.1194921810268136,-0.1545362819552289,0.0,-0.2209245885709988,0,0,0,1,0,1,0,0,0,1,0,0,0,0,1
4279,0.4269620470162957,1,-0.0470317645252447,0.2344838475386989,0.75,0.3333333333333333,2.0,0.1707249730144332,0.6708735523200543,1.0,0.4069152829044332,0,0,0,0,0,1,0,0,0,0,0,0,1,0,0
4280,-0.5792198649604188,0,0.5506606104874735,2.083333333333333,-0.0149291222427223,-0.0199054963236297,0.0,-0.0247191316680985,-0.2132572227491948,0.0,-0.3478667760179142,1,0,0,0,1,0,0,1,0,0,0,0,0,0,0
4281,0.316302684845667,1,-0.7541240904449458,0.8992533839048955,2.5,2.776119239484657,1.67164228154603,2.6854594104102207,2.2765585015794256,0.6567154369079404,0.4615384615384615,0,0,0,0,0,1,0,0,0,0,0,0,0,1,0
4282,0.7439357662251597,2,0.0919276989107733,0.30166161824642,-0.3955521899420577,-0.5274029199227437,0.0,-0.5509641311289516,-0.4739831262683067,0.0,0.2020528354113579,0,0,0,0,0,1,0,0,0,1,0,0,0,0,0
4283,0.3137176039460791,2,0.4669850324546882,1.4509900035240495,0.7475522233969054,0.9967362978625404,0.0,1.0152556174333085,0.4672068007050728,0.0,-0.1908013682442494,0,0,0,0,0,1,0,0,0,0,1,0,0,0,1
4284,-0.4247448034181165,2,1.3260944152058534,0.2681230277788941,0.6304206111088785,0.760841222217757,0.239158777782243,0.761975029835008,0.2880909744785798,0.760841222217757,0.1981703461553918,0,0,1,0,0,0,0,1,0,0,0,0,1,0,0
4285,0.7017653400882572,0,0.0752801565271422,-0.0041839325529638,1.984631322356582,1.6461750964754427,3.0,1.3486934427508697,1.5183705997135344,1.0614747105736717,0.0736919326750045,0,0,0,1,0,1,0,0,0,0,0,0,0,1,0
4286,0.4840262553119552,0,0.4712037897554851,1.3431516655512046,0.0,-0.4496808882939758,1.3490426648819274,-0.1818324475846034,-0.1843346908556725,0.0,-1.015237333058758,0,0,0,0,0,1,0,0,0,0,0,0,0,0,1
4287,0.3118529425058895,2,0.2935981420510197,1.5730319866623113,-0.0888522063144141,-0.2369392168384375,0.3554088252576564,-0.1461458059732177,-0.1635558657986999,0.0,-0.6051959268041587,0,0,0,0,0,1,0,1,0,1,0,0,0,0,1
4288,-0.3339954088017388,2,-0.0047499216940388,1.6857504070782148,-0.25,-0.3333333333333333,0.0,-0.2212876931536498,-0.3585516151187597,0.0,-0.7908189824210925,1,0,0,0,1,0,0,0,0,1,0,0,0,0,1
4289,0.3937833770685659,2,-0.2457482088957012,0.7314106675272688,-0.25,-0.3333333333333333,0.0,-0.4625825773330541,-0.5182070723606841,0.2230719896727745,0.7565083065007048,0,0,0,1,0,1,0,0,0,0,0,0,1,0,0
4290,0.0848069695971852,0,0.4478729794521032,-0.0447799226209269,0.8975093952365918,0.8633458603154557,1.0,1.0640930363267662,0.494139824206334,0.0,-0.5277038710604207,0,0,1,0,0,0,0,0,0,1,0,0,0,0,1
4291,0.785890523214131,0,0.3055272422208067,0.1519265332647293,0.5,0.6666666666666666,0.0,0.5403102350037475,0.2632306491487913,1.0,-0.0112489844887311,0,0,0,0,0,1,0,0,1,0,0,1,0,0,0
4292,-0.2903812967098996,1,-0.0422449624036372,0.0581121428609076,3.404933642858272,4.206578190477696,1.0,4.196584617731203,4.0757405004626905,1.380265428566911,0.2112832417625856,0,0,0,0,0,0,0,0,0,0,0,0,0,1,0
4293,-0.7732278803155934,2,-0.3452038591095473,1.5443615002562985,0.0259812220513566,0.0,0.1039248882054266,-0.0089022621691415,-0.0802961486387806,1.103924888205427,0.3581451794083184,0,0,0,0,0,0,0,0,1,0,0,0,1,0,0
4294,0.264394225150258,0,0.0241271938368028,0.3460671300805348,0.4617986097583954,0.6157314796778606,0.0,0.3423446992715842,0.4519920108833559,1.0,-0.4284337635973021,0,0,0,0,0,1,0,0,1,0,0,1,0,0,1
4295,0.6927771637108264,1,-0.7952167244844569,0.2853554003614361,-0.25,-0.3333333333333333,0.0,-0.0960978339454034,-0.5710173719801337,0.0,-0.3519796304355974,0,0,0,0,0,0,1,0,0,0,0,1,0,0,1
4296,-0.4615384615384615,2,1.2922355078921213,0.0126652281425999,0.5428220062686352,0.7237626750248469,0.0,0.7681034838412257,0.2532841748174625,0.7237626750248469,0.2535032778721919,0,0,1,0,0,0,0,1,0,0,0,0,1,0,0
4297,0.7201846099148738,1,-0.1540322787057784,0.5309644389139279,0.75,0.3333333333333333,2.0,0.4020764276549202,0.6455072724442582,1.0,0.3482707703247175,0,0,0,0,0,1,0,0,0,0,0,0,1,0,0
4298,-0.3034976644745759,1,-0.1846742996770785,2.083333333333333,0.6045511143135576,0.8060681524180767,0.0,0.5692560593206112,0.6561447730241197,0.0,-0.8664332761890483,0,0,0,0,0,1,0,1,0,0,0,1,0,0,1
4299,-0.1837692956009885,0,1.0492521242555597,-0.3189605521916226,7.929815722935827,8.333333333333334,6.719262891743311,8.99721847252249,8.152663463700536,4.280737108256689,0.3002835031756499,0,0,1,0,0,0,0,0,0,1,0,0,0,1,0
4300,-0.0012856813320851,0,0.0276353045250347,0.0388810237804821,3.25,4.0,1.0,4.392991569953045,4.074807818129403,4.836118976219518,-0.5384615384615384,0,0,0,0,0,0,0,0,0,0,0,0,0,1,0
4301,0.0769436612614446,0,1.1879900448420135,0.1101620541831372,7.642818914800174,8.095212609866783,6.285637829600349,8.033978577410219,8.146080819251745,4.357181085199826,0.1510944901692509,0,0,0,0,0,0,0,1,0,0,0,0,0,1,0
4302,-0.3166298774950014,1,0.2935517564468711,1.0240618071871064,0.7975349531598535,1.0633799375464712,0.0,0.959171602678586,0.833160453977029,1.0,-0.2489160601658607,0,0,0,0,0,1,1,0,0,0,1,0,0,0,1
4303,0.7004007308328544,1,1.457099012613746,0.6074438439395453,0.25,0.3157984165288156,0.0526047504135531,0.6369966768226931,0.0882976766876467,0.0,-0.5506207017163003,0,0,1,0,0,0,0,0,1,0,0,0,0,0,1
4304,-0.0240999457626832,0,0.8249831727386341,1.9287191020338643,-0.0843350352542558,-0.1124467136723411,0.0,-0.1165754243218053,-0.1608195093842199,1.0,0.8943537376792126,0,0,0,0,0,1,0,0,0,0,0,0,1,0,0
4305,0.1548156588782854,1,0.4223793226755485,1.1624968616540088,0.75,1.0,0.0,0.7633591836050231,0.5878796575672536,0.7249811699240525,-0.600957917293087,0,0,0,0,0,1,1,0,0,0,0,0,0,0,1
4306,0.0149280803998534,2,-0.4128814717811328,-0.1537289969867936,-0.3847032522599047,-0.512937669679873,0.0,-0.4867967561058691,-0.5974683837686877,0.0,0.082718573793978,0,0,0,1,0,1,1,0,0,1,0,0,0,0,0
4307,-0.8088147162593484,2,0.1866137018209586,-0.489895178988922,1.9696855369667656,1.626247382622355,3.0,1.7417412649762647,2.178012332672091,2.0,0.0792549586948641,0,0,0,0,0,1,0,0,0,0,0,0,0,1,0
4308,0.3223076721006879,1,0.7784211770641847,1.6233335084607046,-0.25,-0.3333333333333333,0.0,-0.1835808495530469,-0.5298282284362199,0.0,-0.1684615182545341,0,1,0,0,0,1,1,0,0,0,0,0,0,0,1
4309,-0.866183556380875,2,0.4521611652955936,-0.2476046047576638,0.0774758604405391,0.0,0.3099034417621565,0.0810499267737658,0.0297195823877519,0.6900965582378434,-0.5168339462419906,0,0,0,0,0,1,0,0,1,1,0,0,0,0,1
4310,0.6853967570150434,1,0.7112761912592505,-0.1568052144453371,1.2673482987883655,0.689797731717821,3.0,0.9710064365996268,1.1891011002245953,0.0,-0.2912014680626461,0,0,0,0,0,1,1,0,0,0,0,0,0,0,0
4311,-0.4609182568082244,0,0.5260328890704181,1.2664660583579137,0.0,0.0,0.0,0.009633703711974,-0.1088913418385019,0.0,-0.2686105645005321,1,0,0,0,1,0,0,1,0,0,0,0,0,0,1
4312,0.4197794481568749,0,-0.6478551177825503,-0.1447490792894853,2.0575627301776285,2.486833947140344,0.7697490792894853,2.4572175558155065,2.0693244881326955,0.0,0.2363275604918947,0,0,0,1,0,1,1,0,0,0,0,0,0,0,0
4313,-0.4701084275862844,2,-1.0372446905257005,0.4925726960918868,0.7388590441378302,0.9851453921837736,0.0,0.9312157851227212,0.7865392030384868,0.0,0.6785957466311756,0,0,0,0,0,1,1,0,0,0,0,0,1,0,0
4314,0.362140084103304,0,-0.2146426807068172,1.5810990244211975,3.1039105466714765,3.6104281244572713,1.5843578133140943,3.095576825804302,3.608148037353521,5.168715626628188,-0.0889555282199274,0,0,0,0,0,0,0,0,0,0,0,0,0,1,0
4315,0.0645737038133646,0,1.2045570052346046,1.4434236417377102,0.099041649961249,0.1320555332816654,0.0,0.1958564812432338,-0.0200566982789752,0.0,-0.177070515390577,0,0,0,0,0,1,0,0,0,0,0,0,0,0,1
4316,0.245735266913894,0,-0.2459148346227826,-0.23122434427686,0.0,0.0,0.0,-0.033662106824612,-0.1828217759751585,0.2389116939761244,-0.3587545439295049,1,0,0,0,1,0,0,1,0,1,0,0,0,0,1
4317,0.3942774299266369,0,-0.901347715212962,-0.2490603332375919,-0.3385669412102616,-0.4514225882803488,0.0,-0.4622775185924446,-0.3964467164250639,0.0,-0.0826214842824643,1,0,0,0,1,0,0,1,0,0,0,0,0,0,0
4318,-0.8917361208091348,2,-0.6520449660935856,-0.5140802313372071,0.0,0.0,0.0,0.0189860045375547,-0.0442244622840671,0.0,0.2236484945754806,1,0,0,0,1,0,0,0,1,0,0,0,1,0,0
4319,0.1821604392659419,0,-0.1499600427342703,0.5456435363211176,-0.0094224492530539,-0.0125632656707385,0.0,-0.3058830105115955,-0.0754828210796925,0.0,0.6168342229620083,1,0,0,0,1,0,1,0,0,0,0,0,1,0,0
4320,-0.5465033039298877,1,1.4936363899885416,-0.4022349945198352,2.284318557336719,2.9193942731881948,0.3790914097822919,3.4974987998550566,2.177176145527913,0.7581828195645839,0.2652098864965946,0,0,1,0,0,0,0,0,1,0,0,1,0,1,0
4321,-0.5219985277726653,1,0.3572223620659477,0.2589692982151547,0.0,0.0,0.0,-0.0183020509647933,-0.0299760237414122,0.0,-0.0219506809184975,0,0,0,0,0,1,0,0,0,1,0,0,0,0,1
4322,0.0735832786109244,0,-0.7654245948363886,0.1693948393022323,0.309786413871376,0.3333333333333333,0.2391456554855043,0.2635112627748358,0.3589915861385738,0.0,0.8946347795518421,0,0,0,1,0,1,0,0,0,0,1,0,1,0,0
4323,0.167670041425947,2,0.5073988906802831,1.516907884552241,-0.1132850897562184,-0.1510467863416246,0.0,-0.2018672348271809,-0.3356440818960147,0.0,-0.4519136252154622,0,1,0,0,0,1,0,0,0,0,1,0,0,0,1
4324,-0.2162604391848078,0,-0.3684210526315789,-0.4781537043367128,-0.2950769838556945,-0.3934359784742594,0.0,-0.2607955151853479,-0.4285307821464419,0.0,-0.5315266178683546,0,0,0,0,0,1,0,0,0,0,0,0,0,0,0
4325,-0.6249389361121908,0,-0.8156223514649432,1.12340721940333,-0.5,-0.6666666666666666,0.0,-0.6057083681168304,-0.6488146655149246,0.0,0.8922109352281755,0,0,0,1,0,1,0,0,0,0,0,1,0,0,0
4326,0.3264229118038824,0,-0.8691054891104768,1.8150364359734423,-0.5,-0.6666666666666666,0.0,-0.6057083681168304,-0.6488146655149246,0.0,0.4531734897210634,0,0,0,0,0,1,0,0,0,0,0,0,0,0,0
4327,-0.2637233386371072,1,-0.677050609512369,0.6303701517956153,0.2840096048162475,0.3786794730883299,0.0,0.1777343567963875,0.3931949160895499,0.1360384192649898,-0.9212411128790357,1,0,0,0,1,0,0,0,0,0,0,0,0,0,1
4328,-0.2352307143970408,1,1.5263157894736843,0.0985556167588586,7.129666655866084,8.012444415642891,4.481333376535665,8.42651203061369,8.267373572373325,6.03733324692867,0.7352307143970408,0,0,0,0,0,0,0,0,0,0,0,0,0,1,0
4329,-0.2513415349934865,1,-0.491064697641398,2.083333333333333,-0.25,-0.6666666666666666,1.0,-0.554943835659865,-0.4074381284576508,0.0,-0.7880143601303763,0,0,0,0,0,0,0,0,0,0,1,0,0,0,1
4330,-0.0294821818194267,1,0.4736842105263157,1.2616482144514882,0.75,1.0,0.0,0.9665644719890898,0.6485904713356545,0.6743489790234689,-0.1663711931144819,0,1,0,0,0,1,0,0,0,0,1,0,0,0,1
4331,0.3951537740810517,1,-0.1506842598392804,0.5376669789821096,-0.25,-0.3333333333333333,0.0,-0.3054797192037674,-0.3317024141302758,0.0,-0.6538461538461539,0,0,0,0,0,1,1,0,0,0,1,0,0,0,1
4332,0.1155776396413425,2,-0.3684210526315789,0.954987579550062,-0.5,-0.6666666666666666,0.0,-0.6057083681168304,-0.6488146655149246,0.0,0.388089821236474,0,0,0,0,0,1,0,1,0,0,0,0,0,0,0
4333,0.1810788146000664,2,-0.1885104201190388,0.6673925230968476,-0.1318081651884781,-0.1757442202513042,0.0,-0.1622807270416183,-0.1954672633933221,0.0,0.1741243331059197,0,1,0,0,0,1,0,0,0,0,1,0,1,0,0
4334,-0.5436487065874088,1,-0.6309083780311151,-0.306297907435603,1.1520354258977303,0.6666666666666666,2.6081417035909213,0.5139057598785646,1.283350664604362,0.6081417035909211,0.2572907207500051,0,0,0,1,0,1,0,0,0,0,0,0,0,0,0
4335,0.0008714887150546,0,1.508374408656291,0.0587025981376972,0.8295568822347632,0.772742509646351,1.0,1.0825193046821338,1.0575102573291677,0.0,0.8478968235839555,0,0,1,0,0,0,0,0,1,0,0,0,1,0,0
4336,-0.1987989937112686,1,1.5263157894736843,-0.4835144621840475,2.7227766715047403,3.2970355620063203,1.0,3.8793808620764114,2.424489471163919,1.891106686018961,0.468379472293107,0,0,1,0,0,0,0,0,0,0,0,1,0,1,0
4337,0.3987427531469401,0,1.5263157894736843,0.0682693233766771,-0.3182693233766772,-0.4243590978355696,0.0,-0.4399417538688912,-0.4125769954711311,0.0,-0.391419918881003,0,0,1,0,0,0,0,1,0,0,0,1,0,0,0
4338,-0.519977076711846,0,0.3150467370523254,-0.4168136666250606,1.0,0.8327453334997577,1.501763999500727,0.8664559975935235,1.283730762341167,0.4982360004992729,0.0766516923845035,0,0,0,0,0,1,0,0,0,0,0,0,0,0,1
4339,-0.0292376030756151,1,0.6957906426313553,1.6877827133323888,-0.25,-0.3333333333333333,0.0,-0.1940425126326935,-0.5010386067530245,0.0,-0.2861555546150576,0,1,0,0,0,1,1,0,0,0,0,0,0,0,1
4340,-0.7710376914931193,1,-0.4761568409905842,-0.4471475238262616,-0.2382550052947248,-0.3176733403929663,0.0,-0.2431179289271233,-0.2128867632637973,0.0,-0.6375838534850036,1,0,0,0,1,0,0,0,0,0,1,0,0,0,1
4341,-0.5997801961085786,1,0.1460317280357614,-0.1723015958496799,2.25,2.6666666666666665,1.0,2.4220269999437427,2.3174216737463107,2.4774602832679467,0.9324542558522216,0,0,0,0,0,1,0,1,0,0,0,0,0,0,0
4342,-0.136990963117697,0,-0.6496130295573781,0.417830945198773,0.1404412602650308,0.1872550136867077,0.0,0.0206059799226706,0.136750888694293,0.0,-0.8003394309731006,1,0,0,0,1,0,0,0,0,0,0,0,0,0,1
4343,0.6790993973062778,1,-0.8334659956583786,1.3784197100518918,-0.0205182603113506,-0.0273576804151342,0.0,-0.0865911314269954,-0.2624093634746184,0.0,-0.7175609357678162,0,0,0,1,0,1,0,0,0,0,0,0,0,0,1
4344,-0.3753139312968468,2,0.4287321213248142,1.4321005884276905,-0.25,-0.3333333333333333,0.0,-0.1707330875583474,-0.4369136464560604,0.0,-0.8045918232527951,1,0,0,0,1,0,0,0,0,1,0,0,0,0,1
4345,-0.6134540061306278,1,-0.2164813503140598,-0.3655711953360719,0.0,-0.2746348428898018,0.8239045286694053,-0.1588715424035179,0.0894957157939927,1.0,0.4775054137701787,0,0,0,1,0,1,0,0,0,0,1,0,1,0,0
4346,-0.4397121359900445,1,0.3987730200520111,-0.4850779631693629,-0.0534892596720592,-0.0713190128960789,0.0,-0.0787404107176322,-0.2201384663033012,0.0,-0.486225812156335,1,0,0,0,1,0,0,0,0,0,0,0,0,0,1
4347,-0.196817927300529,0,-1.0915478234135962,2.0692179682631595,0.0,-0.3333333333333333,1.0,-0.3676539439246419,-0.016823413174881,0.0,0.2692307692307692,1,0,0,0,1,0,0,0,0,0,0,0,1,0,0
4348,0.0433734786369963,1,0.4098499610033417,2.0661870236467816,4.235809950604233,5.31441326747231,1.0,4.577645042878866,4.919819757879707,4.985809950604233,-0.3488827018068783,0,0,0,0,0,0,1,0,0,0,0,0,0,1,0
4349,-0.0834849374246726,0,0.0077346386732927,-0.3882319378264187,-0.25,-0.3333333333333333,0.0,-0.2633248823657401,-0.2790062311805386,0.0,0.7129028983605149,1,0,0,0,1,0,0,0,0,0,0,0,1,0,0
4350,-0.425128795202789,0,1.0028078250143428,2.083333333333333,-0.1830306517107389,-0.2440408689476519,0.0,-0.0574876326010142,-0.2550365616086386,0.0,0.7218196301830696,0,0,1,0,0,0,0,0,0,0,1,0,1,0,0
4351,0.1677428387101025,0,-0.7860461489812697,-0.2527134653898281,2.338760264112989,3.0,0.3550410564519582,2.520626976968732,3.10989805487794,2.0,-0.5719136023572404,0,0,0,1,0,1,0,0,0,0,0,0,0,0,0
4352,-0.3601094407310232,0,-0.2123040450236076,1.8947778066005665,-0.1745777893068932,-0.2327703857425242,0.0,-0.3963925566041364,-0.2030901150021072,0.0,0.4280273202742793,1,0,0,0,1,0,0,1,0,0,1,0,1,0,0
4353,-0.1752635898765281,0,-0.3306052238279214,-0.2936641973708457,-0.1511985184225074,-0.4031960491266865,0.6047940736900298,-0.3384665561040693,-0.4247315830222585,0.0,-0.4283721939242159,0,0,0,1,0,1,0,1,0,0,0,1,0,0,1
4354,-0.0791513815367904,1,0.8321887991574373,0.1313392636650372,0.25,0.0,1.0,0.2009990997553473,0.0049185477239625,0.0471032040021724,1.053371474921991,0,0,0,0,0,1,0,0,0,0,0,0,1,0,0
4355,0.7218987988454708,0,-0.0734404117309254,2.075096503689842,-0.5,-0.6666666666666666,0.0,-0.6057083681168304,-0.6488146655149246,0.0,0.0038016136816113,0,0,0,0,0,1,0,0,0,0,0,0,0,0,0
4356,0.7994456750622572,0,0.3270743393884902,-0.0654656293015572,0.3036031120953283,0.4048041494604377,0.0,0.3813048093917854,-0.2843390137659767,1.6072062241906566,-0.4189877274799437,0,0,0,0,0,1,0,0,0,0,0,0,0,0,1
4357,-0.1979145420638128,1,0.0931465147117635,2.047740753902464,-0.0364445234147829,-0.0485926978863773,0.0,-0.0417762424043069,-0.0756652176816436,0.0,-0.1650598533583948,0,0,0,0,0,1,0,0,0,1,0,0,0,0,1
4358,-0.5087273445500975,0,-0.6722678442998666,0.0609075347478884,-0.1932722604243665,-0.2576963472324887,0.0,-0.2641206905659398,-0.3286774295427603,0.2269109583025338,-0.886544520848733,0,0,0,1,0,1,0,1,0,0,0,0,0,0,1
4359,-0.5984615964568099,1,0.0052631248272575,1.4066666771380352,-0.1725000157070526,-0.2300000209427369,0.0,-0.180171845291048,-0.2291736329713011,0.0,-0.583461521546251,0,1,0,0,0,1,0,1,0,0,0,0,0,0,1
4360,-0.753509355803038,0,-0.0526315789473684,-0.1012935044322273,-0.5,-0.6666666666666666,0.0,-0.6057083681168304,-0.6488146655149246,0.0,1.157244556158075,0,1,0,0,0,1,1,0,0,0,0,0,0,0,0
4361,-0.1714705634766474,0,0.517647736428596,0.7118137791339305,-0.3645586625982084,-0.4860782167976112,0.0,-0.4392280032697221,-0.6097123003258864,0.0,1.006334346456026,0,0,0,0,0,1,0,0,0,1,0,0,1,0,0
4362,-0.537347051312744,0,1.2384504271420609,0.8645503864618646,2.968651159385594,3.6977519323093233,0.7813488406144062,3.253154428856176,2.4909733467501773,1.2186511593855938,0.5973291582961213,0,1,0,0,0,1,1,0,0,0,0,0,0,1,0
4363,0.6046605574269699,1,-0.1769833976663118,1.4966806487273954,-0.4900419461821863,-0.6533892615762484,0.0,-0.5856476770278023,-0.6426672231350247,0.0,-0.1923076923076923,0,1,0,0,0,1,0,0,0,0,0,0,0,0,0
4364,0.4979109124820657,0,-0.6124100362455644,-0.2863421508249647,-0.5,-0.6666666666666666,0.0,-0.6057083681168304,-0.6488146655149246,0.0,0.4971741498179016,0,0,0,0,0,1,0,0,1,0,0,0,0,0,0
4365,-0.8233568013539257,0,-0.1274119968459726,1.5065976716605434,-0.2138017462545925,-0.3333333333333333,0.14479301498163,-0.28659632729409,-0.2530187845167257,0.14479301498163,-0.4721551894266096,0,0,0,0,0,1,0,1,0,0,0,0,0,0,1
4366,-0.1453288406463994,0,-1.04178270461363,1.518454178599468,-0.5,-0.6666666666666666,0.0,-0.6057083681168304,-0.6488146655149246,0.0,-0.4224876334287468,0,0,0,0,0,1,0,0,0,0,0,1,0,0,0
4367,-0.7629003011862356,2,0.1325616040831122,-0.1244813756228018,-0.0411480422894685,-0.054864056385958,0.0,0.2203555564099218,-0.3389541255391101,0.8354078308421259,-0.5063304680445336,0,0,1,0,0,0,1,0,0,0,0,0,0,0,1
4368,-0.2662347803852726,0,1.345728511368781,-0.2712105830823366,-0.4461052145008544,-0.5948069526678059,0.0,-0.5423328888406274,-0.5445322127207242,0.0,0.2602428026942794,0,0,0,0,0,1,0,0,1,0,0,1,0,0,0
4369,-0.7251215014927277,0,0.6100655677501705,1.9733792169381683,0.0,-0.12566184730876,0.3769855419262801,-0.0789058285340658,-0.0953357547398487,1.0,-0.3316544022336046,0,0,0,0,0,1,0,1,0,0,0,0,0,0,1
4370,-0.4747703497553014,1,0.2959938750236133,-0.015993130668844,0.0259951510603605,0.034660201413814,0.0,-0.1596329516161404,-0.220667407361909,0.0,-0.6141504891956342,0,0,0,0,0,1,0,0,0,0,0,1,0,0,1
4371,-0.3329629793798592,2,-0.2669103594655486,0.5875076849256837,0.0,0.0,0.0,0.0464283384138702,0.0314351706698101,0.0,-0.6454225966169701,0,1,0,0,0,1,0,0,0,0,0,0,0,0,1
4372,-0.6118417896776956,1,0.2195251991884623,-0.4558622964012918,0.25,0.3179810886033478,0.0460567341899563,0.2127245876009309,0.2950070354896308,1.9539432658100435,-0.106527551117316,1,0,0,0,1,0,0,0,0,0,0,0,0,0,1
4373,0.3636374199075024,2,-0.1924502619205689,-0.1957063078445816,0.25,0.3333333333333333,0.0,0.2498864327486167,0.0408273175894951,0.0,-0.9219101895950934,1,0,0,0,1,0,0,0,0,0,0,0,0,0,1
4374,0.0205255527748873,1,0.5356783223183696,1.8778053643455888,0.2055279689877441,0.2740372919836588,0.0,0.2999022082365576,0.0241841154864767,0.0,-0.9521070435252628,0,1,0,0,0,1,0,0,0,0,0,0,0,0,1
4375,0.3331353764744549,1,1.2600666069218025,-0.56311181738006,0.3713290957196402,0.3333333333333333,0.485316382878561,0.6471601269002781,0.2192404664266312,0.514683617121439,0.0605160802156613,0,0,1,0,0,0,0,0,1,0,0,0,0,0,1
4376,-0.1122017540169471,1,0.7902716541291775,-0.0975863301295182,1.2020688598889844,1.2694251465186457,1.0,1.3345393024093708,1.0661048139439404,2.0,-0.5579838736241227,0,0,0,0,0,0,0,0,1,0,0,1,0,0,1
4377,0.4970607091102347,0,-0.958314112646124,0.1871815768202754,-0.4365447304608263,-0.582059640614435,0.0,-0.5179480130896511,-0.6341004001145365,0.0,-0.6147967572066624,1,0,0,0,1,0,0,0,0,0,0,0,0,0,0
4378,0.1557811818586986,1,0.8206440176455072,2.073091356695577,-0.1885481401734617,-0.2513975202312823,0.0,-0.2775057902018193,-0.4737448801884301,0.0,-0.1248387476656212,0,1,0,0,0,1,0,0,0,1,0,0,0,0,1
4379,0.198724123786653,1,-0.0080529066390377,0.5561448512173839,3.3506910996155628,4.0,1.402764398462252,3.2897255442299134,3.8319084755327912,4.402764398462252,-0.2441337088160466,1,0,0,0,1,0,0,0,0,0,0,1,0,1,0
4380,0.8318680585570888,0,-0.7008458740666893,-0.3201636830305376,2.473660699394409,3.0,0.8946427975776345,2.48906044902529,2.968407320953825,2.0,-0.4473901236359304,0,0,0,1,0,1,0,0,0,0,0,0,0,0,0
4381,0.8458302751035789,1,0.211039010085188,1.0409655960577542,0.2501106953593019,0.0001475938124026,1.0,0.5345019719788786,0.178127088044468,0.0,-0.0769060468677997,0,0,1,0,0,0,0,0,1,0,0,0,0,0,1
4382,0.338567930510918,0,0.621198220699151,1.387903403187231,-0.2253457741604837,-0.3333333333333333,0.098616903358065,-0.093966861710617,-0.4590060318853989,0.0,-0.268166848736973,0,1,0,0,0,1,0,0,0,0,0,0,0,0,1
4383,-0.6568137635442444,0,0.1862409961092198,2.038472951146198,0.211548243839598,-0.0512690082138692,1.0,0.1612334554198996,0.0357428028778686,0.1538070246416077,-0.6982429117038733,0,0,0,0,0,0,0,0,0,0,1,0,0,0,1
4384,0.1157659086127891,2,0.3731169797575084,-0.5808549273502039,-0.25,-0.3333333333333333,0.0,-0.3598475902508062,-0.415299312173722,0.0,0.6146220289282679,0,0,0,0,0,1,1,0,0,0,0,0,1,0,0
4385,0.2940542227366938,1,-0.2777658888744994,-0.1002657109439078,4.75,5.348384335653844,2.954846993038468,4.543320598590964,5.301117255141596,2.954846993038468,-0.0282967617337348,0,0,0,0,0,0,0,0,0,1,0,0,0,1,0
4386,-0.3441058421504935,0,-0.8404237440814579,1.167997869268846,-0.5,-0.6666666666666666,0.0,-0.6057083681168304,-0.6488146655149246,0.0,-1.0400999416642205,1,0,0,0,1,0,1,0,0,0,0,0,0,0,0
4387,-0.78601533695911,0,0.5156040018419974,1.485159710885267,-0.2563601239063141,-0.3418134985417521,0.0,-0.3054097920644223,-0.3586636354189024,0.4872797521873718,-0.2475537984975715,0,1,0,0,0,1,0,1,0,0,0,1,0,0,0
4388,0.2165059468488084,1,0.4308599360362907,-0.5200645558448272,0.75,0.6666666666666666,1.0,0.5369014544500186,-0.1111743997483133,1.0,-0.7435427644244086,0,0,0,0,0,0,0,1,0,0,1,0,0,0,1
4389,0.919474266806868,1,0.5548302411914784,-0.1206754599680547,1.591139088585119,1.121518784780159,3.0,0.949588535671072,1.21110862985321,2.0,-0.0248293670540297,0,0,0,0,0,1,0,0,0,0,0,0,0,1,0
4390,-0.493259246991439,1,0.8373304367244773,2.022852198510046,0.75,0.6666666666666666,1.0,0.8104622902041485,1.0813321560540368,0.0,0.8950832733347998,0,0,0,0,0,1,0,0,0,0,1,0,1,0,0
4391,0.0133708089680257,1,-0.1493110662259035,-0.5792560897906376,1.2418455129146084,0.6666666666666666,2.9673820516584337,0.5199756765864814,2.173527693471031,0.9673820516584336,0.1860350099343141,0,0,0,1,0,1,0,0,0,0,0,0,0,0,0
4392,0.1116786292345354,0,0.4817925562272619,2.0256304049174347,0.7788514642079494,1.0192343094719662,0.0577029284158988,1.4134888840741162,0.6156012288994253,0.0,-1.0636070165194078,0,0,1,0,0,0,1,0,0,0,0,0,0,0,1
4393,-0.2565015201059449,1,0.6843603909108149,0.9213028875632072,3.527817325379243,4.185211550252828,1.5556346507584855,3.741488062507349,3.366969788272206,4.555634650758486,-0.4957204114801165,0,0,0,0,0,0,1,0,0,0,0,0,0,1,0
4394,0.6895705990206301,2,-0.0472530654274771,-0.2214868763861992,-0.0688869848048708,-0.0918493130731611,0.0,-0.0890189761655925,-0.05444812663441,0.0,-0.273161221418382,0,0,0,1,0,1,0,0,0,0,0,0,0,0,1
4395,-0.2988994108840301,1,0.3555747829083164,0.6466692268258876,1.9055098905927483,1.5406798541236646,3.0,1.464813402685384,2.4294504378294746,0.3779604376290062,-0.391270331601763,0,0,0,1,0,1,0,0,0,0,0,1,0,1,0
4396,0.0693653662978558,0,-0.0047732909211922,-0.2525192368750736,-0.2462211446873894,-0.328294859583186,0.0,-0.3396853091565738,-0.2391118471153978,0.0,0.6957958664424098,0,0,0,1,0,1,0,0,0,0,0,1,1,0,0
4397,-0.606640244082805,1,0.1818267004049545,0.6534192067308835,0.0965807932691164,-0.2045589423078447,1.0,-0.0798204648972743,-0.0486851526797205,0.0,-1.0830372892011306,0,0,0,0,0,1,0,0,1,0,0,0,0,0,1
4398,0.1595262503157318,2,-0.4046182213079132,0.4344232810789786,-0.1434603135261283,-0.1912804180348377,0.0,-0.1736910366113552,-0.3297588643612004,1.0,0.3247325971010415,0,0,0,0,0,1,0,0,0,0,0,0,1,0,0
4399,0.1208956042292839,1,-0.025980177654948,1.840897727387388,-0.5,-0.6666666666666666,0.0,-0.6057083681168304,-0.6488146655149246,0.0,-0.5744128372913575,0,1,0,0,0,1,0,0,0,0,0,0,0,0,0
4400,-0.7574824359786045,1,0.7244021927047739,-0.3877273610231784,0.0,0.0,0.0,0.1324623313052154,0.1539172967145332,0.0,-0.2366433973953131,0,0,1,0,0,0,0,0,0,0,0,0,0,0,1
4401,0.4259769062275146,0,-0.8381368651623484,0.5272364034622381,-0.2255591008655595,-0.300745467820746,0.0,-0.3502086024461541,-0.2262332782537605,0.902236403462238,-0.6584664473523132,0,0,0,1,0,1,1,0,0,0,0,0,0,0,1
4402,0.3831657771044554,2,0.3897696294035989,1.3663500424872783,0.719338903051315,0.9591185374017532,0.0,0.9588248028653104,0.4802912391262162,0.0,-0.1734393249546554,0,0,0,0,0,1,0,0,0,0,1,0,0,0,1
4403,-0.9536529965166948,2,0.6167418223932544,-0.5555699252358626,0.0064069403301856,0.0,0.0256277613207424,0.0984009177624232,0.0207703143980423,0.9743722386792576,-0.2544256258345315,0,0,0,0,0,1,0,0,1,1,0,0,0,0,1
4404,-0.1785480997374846,1,0.4736842105263157,1.1746930956659545,0.75,1.0,0.0,0.9428734613956647,0.7292826468858846,0.9724808148595848,-0.1549045840438621,0,1,0,0,0,1,0,0,0,0,1,0,0,0,1
4405,-0.0937330228587883,2,1.433577778084255,0.4817892252363126,0.5400459594636172,0.3867279459514896,1.0,0.7245545759350798,0.7623049559297644,0.320367675708938,-0.8584756798349591,0,0,1,0,0,0,0,0,0,0,0,0,0,0,1
4406,-0.4440798653467855,0,-0.3422918076883255,-0.4072099270628421,-0.4379430432597733,-0.6666666666666666,0.2482278269609067,-0.5931071985383515,-0.5357910729338188,0.0,0.1445715717382871,1,0,0,0,1,0,0,0,0,0,1,0,0,0,0
4407,-0.0769230769230769,0,0.2015555408001536,-0.077355331374924,3.3071736023500917,4.0,1.228694409400365,4.240285462607357,3.99464646301763,5.0,-0.3713387008228103,0,0,0,0,0,0,0,0,1,0,0,0,0,1,0
4408,-0.742350826700017,0,-0.7434948351447659,2.046933411156273,2.75,3.014559968870824,1.9563200933875275,2.1878152841869505,2.6209652970915016,1.0,1.1854093277485864,1,0,0,0,1,0,0,0,0,0,0,0,0,1,0
4409,0.4401743763342244,1,-0.8401449738100201,1.8672405213313297,-0.2129555179425136,-0.2839406905900181,0.0,-0.3534334549642041,-0.2945673817221661,0.1481779282299454,0.0427281704084741,1,0,0,0,1,0,0,1,0,1,0,0,0,0,1
4410,-0.4891615272513705,0,1.239597303225076,1.58769573010637,0.3397749635669542,0.4530332847559389,0.0,0.96685533194881,0.2674665460427962,0.0,-0.8047192475844827,0,0,1,0,0,0,1,0,0,0,1,0,0,0,1
4411,-0.1750084448603144,2,0.5618247710761967,0.0625914859867395,0.5,0.0749634056053041,1.7751097831840874,0.2041741493811319,0.4729307939582998,0.2248902168159124,-0.2835905097014879,0,0,0,0,0,1,1,0,0,0,1,0,0,0,1
4412,0.6749598003772078,2,-0.4055714765093566,2.083333333333333,-0.0735354865805559,-0.0980473154407413,0.0,-0.2665785066182915,-0.0897459800404665,0.0,-0.1387672474639604,1,0,0,0,1,0,0,1,0,0,1,0,0,0,0
4413,-0.4520491990598673,1,-0.3104022191665291,1.3941384320947885,0.25,0.3333333333333333,0.0,0.5602907113293472,0.2984272248301186,0.7191598969445689,-0.2484354757798044,0,1,0,0,0,1,0,0,0,0,0,1,0,0,1
4414,0.6711488319421424,2,-0.3484237972527221,1.3087619505378942,0.7183376789834767,0.8122251193223178,0.4366753579669533,0.7805702440489759,0.8128618746215548,0.4366753579669533,-0.206413599218059,0,0,0,1,0,1,0,0,1,0,1,0,0,0,1
4415,0.4885584671003549,2,0.7444734914391462,0.9296855923665504,0.6431245421679721,0.1908327228906294,2.0,0.2391699459844609,0.8874716191368626,0.5724981686718883,-0.5610566357722433,0,0,0,0,0,0,0,0,0,0,0,0,0,0,1
4416,0.1530390497229216,0,1.2160486071589574,1.2574768950209885,-0.5,-0.6666666666666666,0.0,-0.6057083681168304,-0.6488146655149246,0.0,-0.7724591857236982,0,0,1,0,0,0,0,0,0,0,1,0,0,0,0
4417,-0.3076923076923077,1,-1.0208735030046263,1.1332624282726649,-0.5,-0.6666666666666666,0.0,-0.6057083681168304,-0.6488146655149246,0.0,-0.507626856867075,0,0,0,0,0,1,0,0,0,0,0,0,0,0,0
4418,0.6156423250847575,1,-0.7213510972192988,1.9874570997901244,0.9280928248425931,0.9520618832283956,0.8561856496851863,0.7239413930112262,0.281515436279973,0.0,0.3906621251816233,0,0,0,1,0,1,1,0,0,0,1,0,1,0,0
4419,-0.6426804373234846,0,0.5189581975294526,1.6559104907306834,0.4274228426026499,0.5698971234701999,0.0,0.4351196220248566,0.2807565748018334,0.0,0.2072008589882845,1,0,0,0,1,0,0,1,0,0,0,0,0,0,0
4420,0.9578368296836594,1,-0.7115151504671426,1.4808282854832386,-0.2259393929437855,-0.3333333333333333,0.0962424282248578,-0.2464791959654649,-0.2836058837110861,0.0,-0.9888951044355934,0,0,0,1,0,1,0,0,0,0,0,0,0,0,1
4421,0.5652174978823215,2,0.1456208633515653,1.800889002677458,0.2885376123850081,0.3847168165133441,0.0,0.4007000729751233,0.2481876042334786,0.0,-0.1035268884969206,0,0,0,1,0,1,0,0,1,0,1,0,0,0,1
4422,-0.261610904805619,1,-1.105263157894737,1.1666666666666667,-0.5,-0.6666666666666666,0.0,-0.6057083681168304,-0.6488146655149246,0.0,-0.3310952254714392,0,0,0,0,0,1,0,0,0,0,0,0,0,0,0
4423,0.2195689510017613,0,-0.1661737033271421,-0.2521847272668847,2.190777090900327,1.921036121200436,3.0,1.764482014003485,1.9833571358954007,0.0,0.1699795244323794,0,0,0,1,0,1,0,0,0,0,0,0,0,1,0
4424,-0.8414588449425504,0,-0.0773411837961356,1.4829813551508444,0.0,-0.3333333333333333,1.0,-0.1617063496486187,-0.2411766661029057,0.1768391692911407,-0.5293125313446928,0,0,0,0,0,1,0,1,0,0,0,0,0,0,1
4425,-0.1538461538461538,0,0.9766078787376062,0.8981501013284936,-0.2222218560009074,-0.2962958080012099,0.0,-0.2711054440028788,-0.5164488550798048,0.1111125759963702,0.709402441844339,0,0,0,0,0,1,0,0,0,1,0,0,1,0,0
4426,-0.2345941568675749,0,-0.0432619433580572,-0.4736034455355131,-0.25,-0.3333333333333333,0.0,-0.284231503656896,-0.353282905513081,0.0,0.7939982249079298,1,0,0,0,1,0,0,0,0,0,0,0,1,0,0
4427,0.2054618646649518,1,0.4736842105263157,1.3986989082340424,0.75,1.0,0.0,1.0039040729647013,0.5214108550412024,0.2044608860547118,-0.1844438120748187,0,1,0,0,0,1,0,0,0,0,1,0,0,0,1
4428,-0.9517188816729256,2,-0.6450162671844174,1.585987871585299,0.5,0.6666666666666666,0.0,0.5849598855361009,0.7122753438531456,1.0,-0.8985370773422221,0,0,0,0,0,0,1,0,0,0,0,0,0,0,1
4429,-0.2508279472996915,1,1.3239983809189024,0.3720890534045321,0.25,0.0,1.0,0.2324937279272907,-0.0120438566217022,0.0,0.6435044147948333,0,0,0,0,0,0,0,0,0,0,0,0,1,0,0
4430,0.4735859512051775,1,-0.0098739453483805,-0.1406337468016026,0.75,0.5312674936032051,1.4061975191903846,0.600989093710219,0.4480658482559961,1.0,0.3473456767673816,0,0,0,0,0,1,0,0,0,0,1,0,1,0,0
4431,-0.4754194563621036,0,0.0819875584308601,1.801236140370844,0.0,-0.3223967919571305,0.9671903758713916,-0.2189838200423896,-0.161046245897957,1.0,-0.3089542163126388,0,0,0,0,0,1,0,1,0,0,0,0,0,0,1
4432,0.7483011586492356,0,-0.0191556595378964,-0.4165194648574855,2.272968148415024,2.697290864553365,1.0,1.935210117218621,1.9344734262416676,3.363957531220032,-0.5873878822138437,1,0,0,0,1,0,1,0,0,0,0,1,0,1,0
4433,-0.4120352012090523,1,-0.0958826943232189,-0.3714514128094107,0.591088559607058,0.454784746142744,1.0,0.246247474284958,0.8312766668619482,1.0,-0.4057876795768317,1,0,0,0,1,0,1,0,0,0,0,0,0,0,1
4434,-0.586448454899464,0,-0.0095245899978194,1.6932527325034528,-0.0738104506224105,-0.3333333333333333,0.7047581975103578,-0.2474242677763722,-0.1951895747652226,0.7047581975103578,-0.3644695774018542,0,0,0,0,0,1,0,1,0,0,0,0,0,0,1
4435,0.6844217579723563,1,-1.0354980146320734,0.3298112140230473,-0.25,-0.3333333333333333,0.0,-0.336725678415889,-0.5484612682313471,0.0,-0.541712725517187,0,0,0,0,0,1,0,1,0,0,1,0,0,0,1
4436,-0.3953816669774782,1,-0.3168404661815586,1.6116674651935996,0.3849994011048002,0.5133325348064004,0.0,0.403840795907577,0.5148813309773563,1.0,-0.7115361580953856,1,0,0,0,1,0,0,0,0,0,0,0,0,0,1
4437,-0.3699918391488165,1,0.566338124434818,1.4423292405856574,-0.25,-0.3333333333333333,0.0,-0.1663835165188555,-0.4271120490486285,0.0,-0.7528540121926772,0,0,0,0,0,0,0,0,0,1,0,0,0,0,1
4438,0.9348841181578842,0,-0.3157894736842105,-0.4094477820010936,0.0,0.0,0.0,-0.0165005014695804,0.0090028610401138,0.0,-0.8231231353997579,0,0,0,1,0,1,0,0,0,0,0,0,0,0,1
4439,-0.0073114855222841,1,-0.3182969082861319,-0.2599252619659388,3.726179371281747,4.0,2.904717485126987,3.436954055169134,3.398448350854224,2.0,-0.3846153846153846,0,0,0,0,0,0,0,0,0,0,0,0,0,1,0
4440,-0.573346034487415,2,-0.4550138520600346,0.7807610955194946,-0.5,-0.6666666666666666,0.0,-0.6057083681168304,-0.6488146655149246,0.0,0.2931626558669733,0,0,0,0,0,1,0,0,1,0,0,1,0,0,0
4441,-0.0137139488221542,1,0.1917598595065258,1.1423893146831106,0.75,1.0,0.0,0.7754081332490133,0.5633888210233315,1.0,-0.6538461538461539,0,0,0,0,0,0,0,0,0,0,0,0,0,0,1
4442,-0.5384615384615384,1,-0.5171882392968566,0.5317922095685121,0.0736986970355709,-0.2350684039525721,1.0,-0.0450877074693705,-0.0509904300141869,0.6473973940711418,-0.0722549486622092,1,0,0,0,1,0,0,0,0,0,0,1,0,0,1
4443,0.3865874177820492,0,-0.1659904519473599,1.9802348512986097,-0.4561969640694466,-0.6666666666666666,0.1752121437222132,-0.5928071791293061,-0.6271548861585362,0.0,1.3298811266730737,0,0,0,0,0,1,0,0,1,0,0,0,0,0,0
4444,-0.706117897972766,0,0.5674088588426132,1.5891597360542322,0.0,0.0,0.0,0.1169324823509555,0.0309706908128801,0.4843405941435466,-0.4254860624394543,0,1,0,0,0,1,0,0,0,0,0,1,0,0,1
4445,-0.102335163118833,1,-0.0038638259712845,1.5904017866439657,0.1158234133181992,0.1544312177575989,0.0,-0.0269791196572643,0.1503179483707716,1.0,-0.0065247261328911,1,0,0,0,1,0,0,0,0,0,0,0,0,0,1
4446,0.7622890262236152,2,-1.078977047570757,-0.3731081966054711,-0.4886491796328268,-0.6515322395104358,0.0,-0.5940016688910201,-0.6437596884054435,0.0,0.0122239603954172,0,0,0,1,0,1,1,0,0,0,0,0,0,0,0
4447,0.3930971340646271,0,-0.0047691087698433,0.4875364920611323,1.9675218952366795,2.5266861290992706,0.2900291936489059,2.2956802859696994,2.155918270787752,2.0,0.297699044688209,0,0,0,0,0,1,0,0,1,0,0,0,0,1,0
4448,0.8355399955208154,1,-0.0490005247834368,-0.1566204300109042,2.698257478163975,3.264343304218633,1.0,2.210200559887864,2.3668243793754518,3.9310099708853,-0.5437684637780539,1,0,0,0,1,0,1,0,0,0,0,1,0,1,0
4449,-0.2957667847646731,2,-0.8371730777533948,0.3530660137686875,0.75,1.0,0.0,1.0378854628655307,0.6289769099895612,0.0,0.511465863099923,0,0,0,0,0,1,1,0,0,0,0,0,1,0,0
4450,-0.0456462339318105,0,0.2210793583342908,2.083333333333333,0.0,0.0,0.0,-0.1349483603438903,0.0408008966530998,0.0,0.0312768429912664,0,0,0,0,0,0,1,0,0,0,1,0,1,0,0
4451,-0.7413787787350091,0,-0.1164107836390386,1.8493441728254592,-0.25,-0.3333333333333333,0.0,-0.4347501022916779,-0.3554701457263585,0.0,0.2487683969621441,1,0,0,0,1,0,0,0,0,0,1,0,1,0,0
4452,-0.3952519723622482,1,0.0405943826035831,0.3238038862278367,1.3976077724556732,1.5301436966075643,1.0,1.4600533095664938,1.4690668933751545,2.4095689101773066,0.4468170612656819,0,1,0,0,0,1,0,0,0,0,0,0,0,0,0
4453,-0.3744604410661304,2,-0.0051968618451704,0.2857763907919148,-0.0153327389108206,-0.0204436518810942,0.0,-0.0200068639526679,-0.0111351665966989,0.0,0.175076100030367,0,1,0,0,0,1,0,0,1,0,1,0,1,0,0
4454,0.5191111004168031,1,0.1152167750529662,0.2522669320820085,0.4310881273993641,0.5747841698658189,0.0,0.9062207212374764,0.4503440718032042,0.3621762547987283,-0.5802511063229302,0,0,1,0,0,0,0,1,0,1,0,0,0,0,1
4455,0.6207732601631437,0,-0.727927114650123,-0.2987243675686526,2.4307820684706387,3.0,0.7231282738825542,2.4990939933827123,3.013380704074562,2.0,-0.4869703983347951,0,0,0,1,0,1,0,0,0,0,0,0,0,0,0
4456,0.3388709527071798,2,-0.12622732877795,0.349813249642339,-0.25,-0.3333333333333333,0.0,-0.2933862710473748,-0.5311261940487482,0.7994397489270171,0.3922214998349257,0,0,0,0,0,1,0,0,0,1,0,0,1,0,0
4457,-0.1031654878294726,1,0.7018731160087112,-0.4144301807001913,0.6991054056134098,0.5988072074845465,1.0,0.3952406067074887,0.0572219421302159,1.0,-0.337635759027763,0,0,0,0,0,1,0,0,0,0,1,0,0,0,1
4458,-0.5784754779521576,2,-0.2110574003520539,0.3266062622073168,-0.4974773483277438,-0.6633031311036583,0.0,-0.6025073704436664,-0.646118413569225,0.0,0.2610806638280954,0,0,1,0,0,0,0,0,0,0,1,0,0,0,0
4459,0.7427863761471011,2,-0.5065884596798895,0.7734503019858514,-0.25,-0.3333333333333333,0.0,-0.4787572765169207,-0.2840043528093305,0.5625180733917903,-1.0384615384615383,0,0,0,1,0,1,0,0,0,0,0,0,0,0,1
4460,-0.063392428539241,0,0.1422944061031298,0.1339615760128596,3.367265619326578,4.156354159102104,1.0,4.583763988182197,4.195906422218624,5.0,-0.5159104578218119,0,0,0,0,0,0,0,0,0,0,1,0,0,1,0
4461,0.1543800796861972,0,1.2584252728771848,1.1645041273505288,0.2370247641031727,0.3160330188042303,0.0,0.3729289285863254,0.0464853306949915,0.0,-0.1718118650879146,0,0,0,0,0,1,0,0,0,0,0,0,0,0,1
4462,0.2726466501938451,1,-0.3157894736842105,-0.1151864515826671,4.558881290503997,5.078508387338663,3.0,4.317588465808202,4.926697639212136,2.8088812905039973,-0.1357288336910777,0,0,0,0,0,1,0,0,0,0,0,0,0,1,0
4463,-0.9084680414109813,1,-0.3031400971909989,1.4799718205524148,-0.1724788654143112,-0.2299718205524149,0.0,-0.3252511573123908,-0.2905459331980793,0.0,0.3527150680153571,1,0,0,0,1,0,0,0,0,0,0,0,1,0,0
4464,0.0422011540492289,0,0.7471144320890862,2.083333333333333,0.1341376317178935,0.089425087811929,0.2682752634357871,0.0323206491772418,0.209161099661317,1.0,0.8855708904103666,0,0,0,0,0,1,0,0,1,0,0,0,1,0,0
4465,0.1466427636942973,2,0.380751561304038,1.6295497884315011,0.5,0.6666666666666666,0.0,0.909156299740952,0.4903766910355636,0.6406355928025865,0.6255915909823273,0,1,0,0,0,1,0,1,0,0,0,0,1,0,0
4466,-0.329488838668564,1,0.6399704760957131,1.7020514207999664,4.561957928436391,5.88792520610914,0.584056095418145,5.424648669661508,5.175604190590847,5.0,0.0057986884923388,0,1,0,0,0,1,1,0,0,0,0,0,0,1,0
4467,-0.6858315558971301,2,-0.212435566159658,1.543178156543063,0.0,0.0,0.0,-0.0363140904299138,-0.0812149906552395,1.0,0.2998209498573799,1,0,0,0,1,0,0,0,1,0,0,0,0,0,0
4468,0.6369798443604766,2,-0.7523188879881094,0.679815505828451,-0.4024077529142255,-0.5365436705523006,0.0,-0.5048913373230763,-0.6281328648080056,0.0,0.0627363184525249,0,0,0,0,0,1,0,0,0,0,1,0,0,0,0
4469,-0.1184301541098314,0,1.1018754106886857,-0.0936462668380571,1.2759898000856953,1.4026394668951871,0.8960407996572191,1.4852039327510478,1.0777244720005887,1.896040799657219,-0.5818743997626902,0,0,1,0,0,0,0,0,0,0,0,0,0,0,1
4470,-0.4544738842178583,1,-0.6267452892016925,1.8634489885425876,-0.5,-0.6666666666666666,0.0,-0.6057083681168304,-0.6488146655149246,0.0,1.2342359132959024,1,0,0,0,1,0,0,0,1,0,1,0,0,0,0
4471,0.5570430139794152,1,-0.5511507336372629,0.0229435379002337,0.1235931969553997,-0.3333333333333333,1.4943727878215989,-0.2176149868403647,0.0110235946205255,0.0,-0.337728833345431,0,0,0,1,0,1,1,0,0,0,1,0,0,0,1
4472,0.4615384615384615,0,-0.530829174238779,2.0154736889247835,-0.5,-0.6666666666666666,0.0,-0.6057083681168304,-0.6488146655149246,0.0,0.4516437333995998,0,0,0,0,0,0,0,0,0,0,0,0,0,0,0
4473,0.0577471501219054,1,0.2825007372821001,1.9945391629803937,4.093304405259518,5.166191365610152,0.8746435242076144,4.455275764194219,4.745265149159347,5.0,-0.249725787852011,0,0,0,0,0,1,1,0,0,0,0,0,0,1,0
4474,-0.5903022654949933,1,-0.8935900866155401,0.6485411533296341,-0.5,-0.6666666666666666,0.0,-0.6057083681168304,-0.6488146655149246,0.0,-0.6513321129648377,1,0,0,0,1,0,1,0,0,0,0,1,0,0,0
4475,0.4614156704243716,1,0.8424173187711459,1.041381615866101,0.7498859796797736,0.9998479729063648,0.0,0.9542837821515888,0.6547806177128579,0.0004560812809056,-0.4616612526525515,0,1,0,0,0,1,1,0,0,1,0,0,0,0,1
4476,-0.2213073327338273,2,0.5347232536681354,1.812832554256626,0.1956866235387042,0.2609154980516056,0.0,0.2977675488364579,-0.1161214099840387,0.0,1.0674611788876736,0,0,0,0,0,1,0,1,0,0,1,0,1,0,0
4477,0.4049159598086809,0,0.1981003935533079,-0.2010968261960425,0.0551221086722766,0.0,0.2204884346891064,0.0527013498630648,-0.3132464970804904,1.0,1.029981214050419,0,1,0,0,0,1,0,0,0,1,0,0,1,0,0
4478,0.4951725590102535,0,0.4716952124254948,0.2640575079720362,1.6312414422377766,2.174988589650369,0.0,1.9485919572062904,1.096793279916,2.0,0.1649018712856407,0,0,0,0,0,0,1,0,0,0,1,0,1,0,0
4479,-0.6101128826176985,2,-0.370148366416357,-0.1122104555920639,0.0,0.0,0.0,0.0061999334890826,-0.0088804207112555,0.0,0.171443422943744,0,0,0,0,0,0,0,0,1,0,1,0,1,0,0
4480,-0.4709239131886265,0,0.7654328758925365,0.6624003623817382,0.0748007247634762,0.099734299684635,0.0,0.4521498996292005,0.1327918617395759,0.0,-0.8349526196310402,0,0,1,0,0,0,0,0,0,0,1,0,0,0,1
4481,-0.1372413913050149,2,0.0678765675045796,0.9585631956509092,0.0,0.0,0.0,0.0637255273606359,-0.0603862250984822,0.0,-0.7106631259752515,0,1,0,0,0,1,0,0,0,0,0,0,0,0,1
4482,-0.7861858895795086,0,0.2361483312229505,0.1696811907373632,0.1463825711151641,0.0,0.5855302844606567,0.0700530533065155,-0.0411748347478663,0.5855302844606567,-0.1126019777808955,0,0,0,0,0,1,0,0,1,1,0,0,0,0,1
4483,0.9236661077798798,2,-0.4461590419255099,0.3692108881878058,-0.25,-0.3333333333333333,0.0,-0.4077458505801445,-0.5159443126059458,0.7538297005692186,0.7514729617573918,0,0,0,1,0,1,0,0,0,0,0,0,1,0,0
4484,-0.0649972871777474,0,-0.00979170105406,0.0330535962950398,-0.5,-0.6666666666666666,0.0,-0.6057083681168304,-0.6488146655149246,0.0,0.8262775299116303,1,0,0,0,1,0,0,0,1,1,0,0,0,0,0
4485,-0.0755655883855901,1,-1.0627863715581616,1.8815685982346009,0.25,0.3333333333333333,0.0,0.3293180978528565,0.3733007802232713,0.0,-0.7501055612162294,0,0,0,0,0,1,0,0,0,0,0,1,0,0,1
4486,-0.2230437354755336,1,0.1758754362189632,0.133798150657761,-0.3706009246711195,-0.4941345662281593,0.0,-0.5196182538574672,-0.6017198105723087,0.0,-0.5158468651316304,0,0,0,0,0,1,0,0,0,0,0,1,0,0,0
4487,0.1765524620827108,0,-0.1459915310824147,-0.2468588762578594,2.182788314386789,1.9103844191823856,3.0,1.7566966016717982,2.013867683455311,0.0,0.130650163134962,0,0,0,1,0,1,0,0,0,0,0,0,0,1,0
4488,0.8329194779527305,2,-0.5021688720541045,-0.2071886508603337,-0.1571085118547497,-0.2094780158063329,0.0,-0.1883097388280464,-0.0601935446148598,0.0,-0.0615754487718079,0,0,0,1,0,1,0,0,0,1,0,0,0,0,1
4489,0.1143906499601493,1,-0.2904280274065991,-0.0120883471502555,1.0,1.0,1.0,0.8459471411775726,1.033307499982843,1.5181325207253833,-0.4874467164208884,0,0,0,0,0,1,0,0,1,0,0,0,0,0,1
4490,-0.6538461538461539,0,-0.1590098524497164,0.3085035269978669,0.0,0.0,0.0,-0.143536753096352,-0.2115934075813079,0.3617102548595806,0.8625104555574392,0,0,1,0,0,0,0,0,0,1,0,0,1,0,0
4491,0.5267404523547335,0,-0.7948201445399461,-0.5261930385626595,-0.5,-0.6666666666666666,0.0,-0.6057083681168304,-0.6488146655149246,0.0,-0.0984117347855525,0,0,0,0,0,1,0,0,0,0,1,0,0,0,0
4492,-0.4328187889934701,1,0.1252037360713807,0.8907862910565097,0.8419601252033857,1.1226135002711808,0.0,0.976447249981345,0.9232814287646378,1.0,-0.3377664042529251,0,0,0,0,0,1,1,0,0,0,1,0,0,0,1
4493,0.1484119303805656,1,-0.7436811248562074,0.758708472023125,2.5,2.709980457422647,1.8700586277320588,2.710074585922188,2.2898129191766494,0.2598827445358824,0.4615384615384615,0,0,0,0,0,1,0,0,0,0,0,0,0,1,0
4494,0.7646083309658926,1,-0.3767745387259191,-0.2533065882456763,-0.5,-0.6666666666666666,0.0,-0.6057083681168304,-0.6488146655149246,0.0,-0.9230769230769232,1,0,0,0,1,0,0,0,0,0,0,0,0,0,0
4495,-0.7496811404313237,0,1.074313137620531,2.083333333333333,0.0548170366997747,0.0730893822663663,0.0,0.5087938122194757,0.1616964992449871,0.0,-0.4662664389539848,0,0,1,0,0,0,0,0,0,1,0,0,0,0,1
4496,0.1058774828796288,2,-0.5746766192052191,-0.0138367675024008,-0.1771224243731993,-0.2361632324975991,0.0,-0.19816343552946,-0.3147165690894686,0.0,-0.5175981350975389,0,0,0,0,0,1,0,0,0,0,0,0,0,0,1
4497,-0.0794257981362735,2,1.2812725504521325,-0.3620148715492098,0.0,-0.2759702569015801,0.8279107707047406,0.044434235482097,-0.1577353918218621,0.0,0.3606428397831567,0,0,1,0,0,0,0,0,0,0,0,0,1,0,0
4498,0.2191007688246591,0,-0.9517231580462996,1.4755708339332687,0.0,-0.0091933336532988,0.0275800009598966,-0.1313895620138685,0.0491546596898814,0.0,0.8676430763323713,1,0,0,0,1,0,0,0,0,0,0,0,1,0,0
4499,-0.4245893389122867,1,0.2544514418266251,-0.3579378819155353,0.25,0.0,1.0,-0.0942180538058276,0.1299443481066569,0.0,1.1780704606804733,0,0,0,0,0,1,1,0,0,0,0,0,1,0,0
4500,-0.0455153811628357,2,1.3923999968503065,0.3683739581774891,0.5,0.2803249987532462,1.1590250037402612,0.6603676356705718,0.6815756877999757,0.0,-0.7482923053906084,0,0,1,0,0,0,0,0,0,0,0,0,0,0,1
4501,-0.7761613751587749,1,-0.0957791708353606,-0.4290443203365742,0.0900978770640739,-0.2132028305812347,1.0,-0.0137551524621804,0.1110559119660347,1.0,0.413710631757436,0,0,0,0,0,1,1,0,0,0,1,0,0,0,0
4502,-0.7623530805281167,2,1.3660376443230793,0.7760295878897031,-0.2254412519527298,-0.3005883359369731,0.0,-0.1088166926770703,-0.1479406328099931,0.0,0.4659955796268568,0,1,0,0,0,1,0,0,1,0,1,0,1,0,0
4503,-0.6325282849866979,0,0.5479239118581476,0.0327469819275109,-0.25,-0.3333333333333333,0.0,-0.3774175741750311,-0.4713360512409705,0.1964818915650656,0.1765171413344306,0,0,1,0,0,0,0,0,1,0,0,0,1,0,0
4504,0.3367668850521654,1,-0.5969650230284387,-0.015253811790231,-0.2194923764195378,-0.2926565018927171,0.0,-0.208851738595366,-0.1626036651734322,0.1220304943218486,-0.8555408072555268,0,0,0,0,0,1,0,1,0,0,1,0,0,0,1
4505,0.0433125890106047,1,0.5394868691728154,1.781197809524272,0.1874373714291265,0.2499164952388353,0.0,0.3525867282424618,-0.0131699754234084,0.0,-0.898937292308589,0,1,0,0,0,1,0,0,0,0,0,0,0,0,1
4506,0.0230043669598711,2,1.200198574636142,-0.3333333333333333,-0.0373820963097905,-0.3333333333333333,0.8504716147608377,-0.0696346181171405,-0.2008866403577973,0.0,0.3421988581321143,0,0,0,0,0,0,1,0,0,0,0,0,1,0,0
4507,0.7333701733340522,0,0.6297993550872274,-0.0289870716631621,0.5776979577762202,0.4369306103682935,1.0,0.5043986402922213,0.815877432920801,0.3446040844475596,1.3276979577762202,0,1,0,0,0,1,0,0,0,1,0,0,1,0,0
4508,-0.4266374504970853,1,-0.2056540151092517,0.0115717141155271,-0.25,-0.3333333333333333,0.0,-0.2462352464283098,-0.506109702926892,0.0,-0.2739781391243188,0,0,0,0,0,1,0,0,0,0,0,1,0,0,1
4509,-0.7652388231139684,1,-1.0369798690547227,2.083333333333333,-0.2240523502407945,-0.6320698003210594,1.0,-0.5141176834872968,-0.3227540455024567,0.0,-0.623368507618217,0,0,1,0,0,0,0,0,0,0,1,0,0,0,1
4510,0.2632080359260735,1,-0.6617625610467534,-0.4115440435661262,2.035542611675974,2.714056815567965,0.0,2.000537447688165,2.736608511377928,0.8578295532961044,0.4063028812978019,0,0,0,0,0,0,0,0,0,0,0,0,1,0,0
4511,0.4399723009342971,1,1.1017385926379766,-0.5744419438343463,0.3566966739878447,0.4044644493252298,0.2133933479756895,0.4902118491680434,0.2244264071038126,1.0,0.0389420433977056,0,0,0,0,0,0,0,0,0,0,1,0,0,0,1
4512,-0.7055375630896601,2,1.3162696228720825,1.3350438648151275,0.2511403543211959,0.2232358705077297,0.3348538057615946,0.1340871876862673,0.2321435494721136,1.3348538057615946,0.7055375630896601,0,1,0,0,0,1,0,0,0,0,0,0,1,0,0
4513,0.8301562876916748,0,0.7865240884216299,0.942887713333638,0.75,0.7191087600006094,0.8426737199981718,0.9547283908706892,0.6884990226309514,2.6853474399963435,1.2372356523064267,0,0,1,0,0,0,0,0,0,0,0,0,1,0,0
4514,-0.4790243428730024,2,1.057789986377203,2.004083739215285,-0.470281402205732,-0.6270418696076426,0.0,-0.5420963176776926,-0.6433381603066518,0.0,1.4268465285064171,0,0,0,0,0,1,0,1,0,0,0,0,1,0,0
4515,-0.3325842851831843,0,-0.501537519887148,-0.0784457365993024,1.0,1.0,1.0,0.6665907044856679,1.0737151491790964,1.764719141476279,-0.1447968900567799,0,0,0,0,0,1,0,0,0,0,0,1,0,0,1
4516,-0.6422071918084384,0,-1.0706373983010438,1.121708537105064,-0.5,-0.6666666666666666,0.0,-0.6057083681168304,-0.6488146655149246,0.0,1.5521260161269066,0,0,0,1,0,1,0,0,1,0,0,1,0,0,0
4517,-0.5706090763920866,0,1.5263157894736843,1.5573165657415895,0.358831055363809,0.4784414071517454,0.0,0.6153811240997216,0.4634857452007215,0.0,-0.245694410433407,0,0,1,0,0,0,0,0,0,0,0,0,0,0,1
4518,0.2957821846431329,0,1.194954809006283,0.3321829524668398,0.637327442870026,0.8497699238267014,0.0,0.8197500430460142,0.2634751983621921,1.0,0.4111668000277483,0,0,1,0,0,0,1,0,0,0,0,0,1,0,0
4519,0.1009218477174168,0,0.1317962019678238,0.3313526421055777,0.0,0.0,0.0,0.0050796276475028,-0.0168811740310097,0.0,-0.4760012292056601,1,0,0,0,1,0,0,0,0,1,0,0,0,0,1
4520,-0.8117306722533784,0,0.6121044669224746,-0.1966669468235737,-0.5,-0.6666666666666666,0.0,-0.6057083681168304,-0.6488146655149246,0.0,0.21221152229864,1,0,0,0,1,0,0,0,0,0,0,0,0,0,0
4521,0.0579489480377979,1,0.1087750784119714,-0.5833333333333334,1.3766681622456864,0.8355575496609152,3.0,0.5977655349881286,1.7140065622061675,0.4933273510172542,0.5820558838328814,0,0,0,0,0,1,1,0,0,0,0,0,0,0,0
4522,-0.6216043005205495,1,-0.4584558367498248,0.0792542429406346,-0.3468093177945239,-0.462412423726032,0.0,-0.5448419721352394,-0.4443839864300855,0.0,0.0669380775784978,1,0,0,0,1,0,1,0,0,0,0,1,0,0,0
4523,0.286132048616653,0,-0.0954286537549645,0.0521907368907209,-0.25,-0.3333333333333333,0.0,-0.3695089975887359,-0.5568366042713124,0.0,0.8317803401034096,0,0,0,1,0,1,0,0,0,0,0,0,1,0,0
4524,-0.9206058669259992,0,1.5077178405483087,0.1223230225031656,-0.4959845337547485,-0.6613127116729979,0.0,-0.6030198774074675,-0.6414705130272086,0.0160618649810061,0.2400356913351958,1,0,0,0,1,0,0,0,0,0,0,0,0,0,0
4525,-0.825969186216874,2,-0.1396571689855927,0.3386952105152077,-0.5,-0.6666666666666666,0.0,-0.6057083681168304,-0.6488146655149246,0.0,-0.7410550405242811,0,0,0,0,0,1,0,0,0,0,0,0,0,0,0
4526,-0.4420228451883035,0,-0.2301657101959985,0.0468492846350551,1.281095707810331,1.7081276104137748,0.0,0.9746879546723244,1.7231867758760218,2.0,0.1678182228301985,0,0,0,0,0,0,0,0,0,0,0,0,1,0,0
4527,0.6616327938254923,1,-0.0833069223031787,0.0828223667785831,3.9493868401343,4.265849120179066,3.0,3.470399447662672,4.172831837294231,2.595094721074399,1.0471915013111848,0,0,0,0,0,1,0,0,0,1,0,0,0,1,0
4528,-0.0708031093551072,0,-0.161360514252045,0.2602305682895081,0.0,0.0,0.0,0.0375914864429638,0.0480082313834377,0.0,-0.5590904745112737,1,0,0,0,1,0,0,0,0,1,0,0,0,0,1
4529,0.6518274650822349,2,0.594271583701871,-0.1153545189701192,-0.0391804772658994,-0.0522406363545325,0.0,-0.0938899772990459,0.1410377048323606,0.0,0.4675662272716768,0,1,0,0,0,1,0,0,1,0,1,0,1,0,0
4530,0.0337549588756952,1,0.5365804553306207,1.7927023643162927,0.2012428371795512,0.2683237829060683,0.0,0.3669359046525067,0.0020201444885667,0.0,-0.9212384292900444,0,1,0,0,0,1,0,0,0,0,0,0,0,0,1
4531,-0.595070964338392,2,-0.2167348035894498,-0.3333333333333333,-0.1397451585249435,-0.186326878033258,0.0,-0.1885657729872154,-0.3748379788325139,0.0,-0.5045369718538287,0,0,1,0,0,0,1,0,0,0,0,0,0,0,1
4532,-0.153009322875233,2,0.472195532272783,1.415216159650404,-0.3747280299344507,-0.4996373732459342,0.0,-0.5432266018503702,-0.5822530351969593,0.0,1.1145477844136944,0,0,0,0,0,1,0,1,0,1,0,0,1,0,0
4533,-0.3846153846153846,2,-0.2536572958671756,-0.3356936549690203,-0.1469034085183206,-0.1958712113577608,0.0,-0.2513916675250678,-0.3006998572128025,0.0,-0.7442482513958897,0,1,0,0,0,1,0,0,0,0,0,0,0,0,0
4534,-0.2128573289189875,1,0.4816589729463074,2.06392877299557,-0.1335726379734189,-0.1780968506312252,0.0,-0.1288942072129574,-0.1166829453002248,0.0,-0.1949454270687443,0,0,0,0,0,1,0,0,0,1,0,0,0,0,1
4535,-0.0769230769230769,1,-0.1992179984174594,0.4922788059442535,-0.5,-0.6666666666666666,0.0,-0.6057083681168304,-0.6488146655149246,0.0,0.9709387462614856,1,0,0,0,1,0,0,0,1,0,0,0,0,0,0
4536,-0.3296309252470744,0,-0.0915736099685061,0.0645370517219406,0.0,0.0,0.0,0.0373149554218848,0.0339486216773763,0.0,-0.3686441256341862,1,0,0,0,1,0,0,0,0,1,0,0,0,0,1
4537,-0.5995374547624546,1,0.0046496968459688,1.40686092933211,-0.1727913939981648,-0.2303885253308863,0.0,-0.1806100535100738,-0.2293195038961922,0.0,-0.5831477295404379,0,1,0,0,0,1,0,1,0,0,0,0,0,0,1
4538,-0.315326697741818,0,0.810009686971146,-0.4225785462492692,0.2588678193739039,0.3451570924985385,0.0,0.3497194720692836,0.0074214881165831,1.0,0.0968359861056849,0,0,1,0,0,0,0,0,0,1,0,0,1,0,0
4539,0.687750293893523,1,0.1668712362432208,-0.0586474252565832,3.7796230896921,4.0394974529228005,3.0,3.186931854012733,4.234878133645502,1.2369847175368012,1.3344840020595228,0,0,0,0,0,1,0,0,0,1,0,0,0,1,0
4540,0.298810770534558,0,-0.101211930419272,0.0705044463276949,-0.25,-0.3333333333333333,0.0,-0.3710765379439977,-0.5761574886298131,0.0,0.840232821382013,0,0,0,1,0,1,0,0,0,0,0,0,1,0,0
4541,0.2197513622400158,1,1.4962537645922735,0.9108080727199488,3.607205381813299,4.619214351502131,0.5711784727468034,4.506350573432614,3.66480207615429,1.7144107636265984,0.8296607104902617,0,0,0,0,0,0,1,0,0,0,0,0,0,1,0
4542,0.7985513685938167,2,0.145386083338907,2.053625281263238,-0.2381167791719617,-0.6508223722292823,1.0,-0.5370825258569404,-0.1954773933800203,0.0,-0.3076923076923077,0,0,0,0,0,1,0,1,0,0,0,0,0,0,1
4543,-0.4353776097311581,1,-0.2729568916505417,1.7732726176700369,0.6133636911649816,0.8178182548866422,0.0,1.3018084763786877,0.5055356652330055,0.2267273823299632,0.277951053166537,0,1,0,0,0,1,1,0,0,0,0,0,1,0,0
4544,0.4781320485498025,0,-0.3665932546625144,-0.1760351443358393,2.280164744955868,2.0804393198823146,2.879341020176528,1.9312727526966111,1.8224893604188868,0.0,0.4615384615384615,0,0,0,0,0,1,0,0,0,0,0,0,0,1,0
4545,0.232459612416065,0,0.2128394696219838,-0.2836995826901474,-0.25,-0.3333333333333333,0.0,-0.4359465707870005,-0.2495153966518287,0.0,0.972273456195071,0,0,0,1,0,1,1,0,0,0,0,0,1,0,0
4546,-0.0532985408572449,2,0.3783549170651646,-0.5833333333333334,0.5807118968855816,0.4409491958474421,1.0,0.1684169765529132,0.6755392623390061,1.0,-0.6811003711473343,0,0,0,0,0,0,1,0,0,0,0,0,0,0,1
4547,-0.2980746779934457,1,-0.0723668849428839,-0.192729006810354,-0.1562572965213014,-0.2083430620284019,0.0,-0.2630541423213792,-0.1007340866591266,0.0,0.2500044901669547,0,0,0,0,0,1,0,0,1,0,1,0,1,0,0
4548,0.1859424364354346,0,-0.6588396674764962,-0.4979020414918171,-0.25,-0.3333333333333333,0.0,-0.4251769999035536,-0.4460743364018661,0.0,-0.7346423849381838,1,0,0,0,1,0,0,0,0,1,0,0,0,0,1
4549,0.734674434238839,1,1.2847510328487246,0.4532909726835634,0.25,0.3333333333333333,0.0,0.6745483595666861,0.1385675955801578,0.0,-0.5698619532678858,0,0,1,0,0,0,0,0,0,1,0,0,0,0,1
4550,-0.1353731153552515,1,-0.159649481713376,-0.3339647756165557,-0.5,-0.6666666666666666,0.0,-0.6057083681168304,-0.6488146655149246,0.0,-0.7889861212814464,0,1,0,0,0,1,0,0,0,0,0,1,0,0,0
4551,0.466991659683945,0,-1.0828763444553835,-0.1962048232880355,-0.5,-0.6666666666666666,0.0,-0.6057083681168304,-0.6488146655149246,0.0,-0.3985375314222473,0,0,0,0,0,1,0,0,0,0,0,0,0,0,0
4552,-0.5332906852987161,1,0.5860232727491252,0.6096473706413474,3.5782157902137826,4.54190877390342,0.68713683914487,3.933937643614135,4.112488643411181,1.31286316085513,0.6491222678896453,0,1,0,0,0,1,0,0,0,0,0,0,0,1,0
4553,-0.1477360661119516,1,0.8284835996937532,0.1208354448029404,0.25,0.0,1.0,0.2018305370486076,0.0128155922672894,0.0,1.1067859545175411,0,0,0,0,0,1,0,0,0,0,0,0,1,0,0
4554,-0.0884092107227041,1,-0.3260293639558542,-0.4215702823219168,-0.1753401303024231,-0.2337868404032307,0.0,-0.2361479328117344,-0.2100384296536617,0.0,-0.6228676121215857,1,0,0,0,1,0,0,0,0,0,0,0,0,0,1
4555,0.7203302104287725,1,-0.1540854101213766,0.5311116572113145,0.75,0.3333333333333333,2.0,0.4021913058905986,0.6454946767444284,1.0,0.3482416502219377,0,0,0,0,0,1,0,0,0,0,0,0,1,0,0
4556,0.0367623588581018,0,0.0587378869572476,0.3643338847829918,0.4069983456510245,0.5426644608680327,0.0,0.2631726122748732,0.3882871640776667,1.0,-0.5464651016747164,0,0,0,0,0,1,0,0,1,0,0,1,0,0,1
4557,0.2239310722664635,1,-0.1443436957590124,0.0515645985709191,-0.5,-0.6666666666666666,0.0,-0.6057083681168304,-0.6488146655149246,0.0,-1.076540011252371,0,0,0,0,0,1,0,0,0,0,1,0,0,0,0
4558,0.7101649350379474,0,-1.0367094527676364,-0.375,0.0407037624192159,-0.279061650107712,1.0,-0.1715012359765923,0.2560331136593121,0.8371849503231362,0.1985698096029563,0,0,0,0,0,1,0,0,0,0,0,0,1,0,0
4559,-0.8368087197191716,0,0.4249893024853844,0.3415118079530448,-0.5,-0.6666666666666666,0.0,-0.6057083681168304,-0.6488146655149246,0.0,-1.1250900860602366,0,0,0,0,0,0,0,0,0,0,0,1,0,0,0
4560,0.885376756090279,1,0.3517510245496805,1.7565985527824182,0.0,-0.6600681138842485,1.9802043416527455,-0.4818764062796313,-0.279271941246898,0.0,-1.110816386535249,0,0,0,0,0,1,0,0,0,0,0,0,0,0,1
4561,-0.2584793588299299,1,-0.8281460408895566,1.3261647361267577,2.7069884167605456,3.4790905186854144,0.3906821109859392,2.9512278081687477,2.9845902301287333,4.218635778028122,0.3329195128493986,0,0,0,1,0,1,1,0,0,0,0,0,0,1,0
4562,0.6751654519618552,2,0.5812032419738046,-0.0105946070205092,-0.25,-0.3333333333333333,0.0,-0.3949483426495185,-0.2826077262440939,0.0,0.988571839769442,0,0,0,0,0,0,1,0,0,0,0,0,1,0,0
4563,0.3438409817492472,1,1.5263157894736843,-0.2573620449619415,1.044172269771649,1.3922296930288651,0.0,1.5829003924294391,0.7123967740321024,1.0,-0.079093081924902,0,0,1,0,0,0,0,0,0,0,0,0,0,0,0
4564,-0.1578882561054226,2,0.3452701913615594,0.0622970028211831,3.2825027840806174,3.71000371210749,2.0,2.936802123443189,3.860691053516184,3.1300111363224694,0.9049918619181956,0,0,0,0,0,1,0,0,0,1,0,0,0,1,0
4565,-0.4556653443255404,1,0.0526315789473684,1.6169147730338778,1.284729895246405,1.7129731936618733,0.0,1.5223590554376405,1.0134303205905106,0.4305402095071899,0.1762785098862746,0,0,0,0,0,1,0,0,0,0,0,1,1,0,0
4566,0.5056112107266862,1,-0.4556752350964834,0.7673514201843594,0.0305038757537912,0.0406718343383883,0.0,-0.0507071915291556,-0.3717879164131745,1.0,-0.1585390578082756,1,0,0,0,1,0,0,0,0,0,0,0,0,0,1
4567,-0.5536344320532355,0,1.1941092771502118,-0.5011468263783077,0.4013761916539691,0.5351682555386255,0.0,0.2942725126236398,0.2290453353703177,1.0,0.4424842525269866,0,1,0,0,0,1,0,0,0,0,0,0,1,0,0
4568,-0.1430171962028966,1,-1.105263157894737,1.918578963559072,-0.5,-0.6666666666666666,0.0,-0.6057083681168304,-0.6488146655149246,0.0,-0.5484078975390702,0,0,0,0,0,1,0,0,0,0,0,1,0,0,0
4569,0.6604305883191288,2,-0.4995254376218146,0.5925302584876643,-0.1610363101851971,-0.2147150802469295,0.0,-0.2828626567429653,-0.3234948639131773,1.0,0.6134795804843618,0,0,0,1,0,1,0,0,0,0,0,0,1,0,0
4570,-0.1861228983928574,1,0.6139116766691727,-0.433563700808035,-0.2290201160446426,-0.3053601547261901,0.0,-0.3644083711956186,-0.3354430481457909,0.0,0.1057015920206043,0,0,0,0,0,1,0,0,1,1,0,0,0,0,0
4571,0.6666865528609247,1,0.5789269589058931,-0.1112026704638407,0.3333656483990026,0.4444875311986701,0.0,-0.0108076508356341,-0.0323681625138266,1.0,-0.6281355265252251,0,1,0,0,0,1,0,0,0,0,0,0,0,0,1
4572,0.578177801404254,0,-0.2953839617095963,-0.1209221454361747,-0.5,-0.6666666666666666,0.0,-0.6057083681168304,-0.6488146655149246,0.0,0.0409709874238924,0,0,0,0,0,0,0,0,1,1,0,0,0,0,0
4573,0.0963376019425402,1,-0.0379532068049658,-0.4106574089225471,-0.0180277732323587,-0.0480740619529567,0.0721110929294351,0.0150872264585752,-0.4403560131531506,0.0,0.4754059794095068,1,0,0,0,1,0,0,0,0,0,0,1,1,0,0
4574,-0.7386692849414627,2,-0.1658624907209334,-0.281982981213826,-0.1986496478804926,-0.2648661971739902,0.0,-0.1633749623844366,-0.3711226078020623,0.2054014084780293,-0.5305614842893065,0,0,1,0,0,0,1,0,0,0,0,0,0,0,1
4575,0.1590023559446305,2,0.5333716449768628,-0.4402929428033416,0.0953602603533278,0.0,0.3814410414133115,0.0252119111873164,-0.1201660077980598,0.0,1.5983372599077177,0,0,0,0,0,1,1,0,0,1,0,0,1,0,0
4576,0.4827399394384255,2,-0.8966263645246355,0.970300308656025,-0.5,-0.6666666666666666,0.0,-0.6057083681168304,-0.6488146655149246,0.0,1.3475346509987722,0,0,0,1,0,1,0,0,0,0,0,0,0,0,0
4577,0.0471951021391076,0,-0.1019075575457936,-0.0479742404337998,-0.5,-0.6666666666666666,0.0,-0.6057083681168304,-0.6488146655149246,0.0,0.6392902143835386,1,0,0,0,1,0,0,0,1,1,0,0,0,0,0
4578,0.8820748840757083,1,1.4281266960760384,-0.4972477910820173,0.133256626753948,0.1776755023385974,0.0,0.2943584498531953,-0.0512382365835392,1.0,1.6180136235158902,0,0,0,0,0,0,0,0,0,0,0,0,1,0,0
4579,-0.4087182073598555,0,-0.328020100686889,1.0795234492725825,-0.2209522608686385,-0.294603014491518,0.0,-0.3200071132457801,-0.3422924502631527,0.0,-0.6136262073565764,0,1,0,0,0,1,0,0,1,0,0,0,0,0,1
4580,0.2571528985265365,2,-0.7664206203805254,0.0468326489358319,-0.25,-0.3333333333333333,0.0,-0.2772294182074631,-0.3819245955813303,0.0,-0.6131566890357751,0,0,0,0,0,1,0,0,0,0,0,1,0,0,1
4581,-0.1401612909789213,1,0.8233786087079976,1.6579793937621583,-0.0536827971209962,-0.0715770628279949,0.0,-0.0363268459692686,0.0252847399946842,0.7852688115160151,-0.0797559977853817,0,0,0,0,0,1,0,0,0,1,0,0,0,0,1
4582,0.8230345117067566,2,-0.937306398157612,-0.458103605078265,-0.5,-0.6666666666666666,0.0,-0.6057083681168304,-0.6488146655149246,0.0,-0.3835551003612228,0,0,0,0,0,1,1,0,0,0,0,0,0,0,0
4583,0.0051898096931843,0,1.3653774048415912,-0.5672696366639531,0.502409554500407,0.6698794060005426,0.0,0.7404813461501024,0.1845367736092218,1.0,0.1205744250777998,0,0,1,0,0,0,1,0,0,0,0,0,1,0,0
4584,0.1682204027068169,1,0.5352456829254952,1.7740747068820863,-0.168686523518862,-0.224915364691816,0.0,-0.2571841432674759,-0.2274143768604178,0.674746094075448,0.2970470253280052,0,0,0,0,0,1,0,0,0,0,1,0,1,0,0
4585,0.3642866166991024,1,-0.3220571959804092,0.9459624583744292,3.3087275517581483,4.078303402344198,1.0,3.495315798064526,4.0143594938757,4.058727551758149,-0.5271677785080484,0,0,0,0,0,0,1,0,0,0,0,0,0,1,0
4586,0.026836157839446,0,1.401878833647582,0.9156988908115852,-0.5,-0.6666666666666666,0.0,-0.6057083681168304,-0.6488146655149246,0.0,-0.9427543580869608,0,0,1,0,0,0,0,0,0,0,0,0,0,0,0
4587,-0.6900998731251197,2,-0.735029369513256,-0.5402315841979944,-0.5,-0.6666666666666666,0.0,-0.6057083681168304,-0.6488146655149246,0.0,-0.8726931610294922,0,0,0,0,0,1,1,0,0,0,0,0,0,0,0
4588,-0.1017303600608894,2,-0.3579192687315391,0.4978729692386125,1.4124126051438917,1.8832168068585224,0.0,1.8441501928005308,1.3505726942624097,0.0,0.5095481578029937,0,0,0,0,0,1,0,0,0,0,0,1,1,0,0
4589,-0.49207454221016,0,-0.458018685772129,1.4252525792723267,-0.4885521165257867,-0.6590347443505244,0.0228957669484266,-0.6018943828244376,-0.632535575241967,0.0,0.0199688036185784,0,0,0,1,0,1,0,0,0,0,0,1,0,0,0
4590,-0.5424277447080029,1,-0.9294432783523692,0.9557321979932702,-0.474219659397981,-0.632292879197308,0.0,-0.5954652097404087,-0.614411185744268,0.0,-0.7695954034679154,1,0,0,0,1,0,1,0,0,0,0,1,0,0,0
4591,0.2437681324128056,2,0.741872073092981,1.718143537077787,0.6369461735958298,0.6666666666666666,0.5477846943833194,0.6482866379881469,0.4489481357836011,0.0,1.0869644818493616,0,0,0,0,0,1,0,0,0,0,1,0,1,0,0
4592,0.2676121159262388,0,0.3883560459610593,0.881137393779678,-0.239478753520552,-0.3193050046940693,0.0,-0.3410056987705209,-0.5184998619903674,0.0,-0.0032373066090609,0,0,0,0,0,1,0,0,0,0,0,0,0,0,1
4593,-0.3034234289149338,1,-0.0760265566260073,-0.1434759254083176,-0.138873856026465,-0.18516514136862,0.0,-0.2352944229044773,-0.0896556679158966,0.0,0.2393069883239785,0,0,0,0,0,1,0,0,1,0,1,0,1,0,0
4594,0.8700142074636803,1,0.3284599362163882,1.8132717676573853,-0.0474538257430389,-0.6666666666666666,1.810184697027844,-0.4974459181761225,-0.2624460640424168,0.0,-0.9620722552917202,0,0,0,0,0,1,0,1,0,0,0,0,0,0,1
4595,-0.0924621358084033,1,1.2811860083820676,-0.3401819358410491,1.25,1.4726055899691368,0.5821832300925898,1.493235852828492,1.2367888659701098,1.0,0.3587974200142446,0,0,1,0,0,0,0,0,0,0,1,0,1,0,0
4596,-0.2158969893018708,0,-0.4748527826183017,2.083333333333333,-0.25,-0.5985198086834843,0.7955594260504532,-0.4997770915391499,-0.4293827921691198,0.0,-0.7211982187136533,0,0,0,0,0,0,1,0,0,0,1,0,0,0,1
4597,-0.1474989411233166,1,1.418978498642686,-0.419950710482414,-0.1200739342763789,-0.1600985790351719,0.0,0.1498518393434066,-0.1468584733056804,0.0,0.4676013116598413,0,0,1,0,0,0,0,0,0,0,0,0,1,0,0
4598,-0.2692307692307692,1,0.0896753225447688,0.325638521391768,1.555531663434261,1.7407088845790146,1.0,1.4444604852308165,1.7702554134364354,2.0,1.1110964082672374,0,1,0,0,0,1,0,0,0,0,0,0,1,0,0
4599,-0.0306683112199448,2,0.2670472951615101,-0.0283075532201291,-0.5,-0.6666666666666666,0.0,-0.6057083681168304,-0.6488146655149246,0.0,0.4513156911318132,0,0,1,0,0,0,0,0,0,0,1,0,0,0,0
4600,-0.330655440804777,0,-0.1903962933630056,-0.5013991615940132,0.1208025152179604,0.1610700202906139,0.0,-0.0165394627922518,-0.0195772000979359,1.0,0.7955649742465285,0,0,0,0,0,1,0,1,0,0,0,1,1,0,0
4601,0.1268920444689494,0,0.068378587168036,-0.260826609634939,-0.25,-0.3333333333333333,0.0,-0.3732974461062864,-0.2417176425207124,0.0,0.7822518338902628,0,0,0,1,0,1,1,0,0,0,0,0,1,0,0
4602,0.8662616109475054,1,1.3902580683216577,-0.4801167451931308,0.1846497644206075,0.2461996858941433,0.0,0.3036342288240252,0.0163586113465789,1.0,1.574527122413332,0,0,0,0,0,0,0,0,0,0,0,0,1,0,0
4603,-0.0287704362559147,1,1.1265644619805748,0.2417322885782072,0.3625984328673108,0.1501312438230811,1.0,0.3128608545677311,0.4571569662317195,0.0,1.0422774052715966,0,0,0,0,0,0,0,0,0,0,0,0,1,0,0
4604,-0.4296749252024289,1,0.7331928132766125,2.083333333333333,0.5775552876879697,0.6666666666666666,0.3102211507518788,0.6327939940248632,0.4981682253500141,0.0,1.0968550305378837,0,1,0,0,0,1,0,0,0,0,1,0,1,0,0
4605,0.1864794112085443,1,-0.2631578947368421,-0.3336497247919007,0.1780290432138845,0.2373720576185127,0.0,0.1395393834285083,-0.0720892700990778,0.0,-1.0049521201369616,1,0,0,0,1,0,0,0,0,1,0,0,0,0,1
4606,0.8067999348574239,0,1.5263157894736843,0.8046597318297282,2.5,2.6030935591609308,2.190719322517208,2.865214705932408,2.7662712487148364,1.0,0.8103694261969592,0,0,1,0,0,0,0,0,0,0,0,0,0,1,0
4607,0.4937185352044873,0,1.5263157894736843,0.4193886347447221,2.5,2.942629799059074,1.1721106028227777,3.3886185966946845,2.476266506140933,0.8278893971772223,0.9089195267522008,0,0,1,0,0,0,0,1,0,0,0,0,0,1,0
4608,0.5568713636524294,2,-0.4910368352982593,0.8098319318703958,-0.4813805519629702,-0.6418407359506269,0.0,-0.5971613620752955,-0.6262833284527429,0.0,0.3887025574700988,0,0,0,0,0,1,0,0,0,0,1,0,0,0,0
4609,-0.4536537571331995,1,-1.0261394575471952,0.5341670524228022,0.7670835262114011,1.0227780349485347,0.0,0.9745967413514688,0.8048132157399084,0.0683341048456042,0.6660253442901523,0,0,0,0,0,1,1,0,0,0,0,1,1,0,0
4610,-0.3894856635685715,0,1.1638949476288056,-0.2964168335394712,0.3924063125773017,0.5232084167697355,0.0,0.125084989461743,0.3062782640871265,1.4303747496907933,1.012168105567057,0,1,0,0,0,1,0,0,0,0,0,0,1,0,0
4611,0.8612151905888803,2,-0.0275976104104214,0.1539915615689768,-0.25,-0.3333333333333333,0.0,-0.3750080594063709,-0.2588264235922863,0.0,0.8093086624402135,1,0,0,0,1,0,1,0,0,0,0,0,1,0,0
4612,0.6103974298086108,2,-0.3816771963152867,1.4535527922894778,0.7709888941658707,0.8473259294439137,0.5419777883317413,0.8433780423805315,0.8685299604694531,0.5419777883317413,-0.2469145339737466,0,0,0,1,0,1,0,0,1,0,1,0,0,0,1
4613,0.7753113436669982,1,1.5263157894736843,-0.1770912578572856,1.2269761866917743,1.3026349155890324,1.0,1.7371777874355034,1.4368109502781337,2.0,0.0156740142160533,0,0,1,0,0,0,0,0,0,0,0,1,0,0,0
4614,-0.4761169485130441,2,0.707716893888068,-0.5088965026877846,0.5,0.4822069946244308,0.5533790161267074,0.3369851265595104,0.5506075038340748,0.5533790161267074,-0.6448805800243668,0,0,0,0,0,1,1,0,0,0,1,0,0,0,1
4615,0.0340037694537769,0,0.6991191482976162,2.083333333333333,0.3395920227931613,0.3333333333333333,0.3583680911726454,0.3275806618955891,0.2307832069935571,1.0,0.3265932062227493,0,0,0,0,0,1,0,0,0,0,0,0,1,0,0
4616,-0.3233686393069621,1,0.068221457316289,0.8148701943690673,1.1481038445047462,1.4320692296698307,0.2962076890094923,1.2073875270032914,1.2624060193237896,1.2962076890094925,0.5355443761611479,0,1,0,0,0,1,0,0,0,0,0,0,1,0,0
4617,0.3436887113001322,2,-0.6449200195302359,-0.5211233642562069,-0.5,-0.6666666666666666,0.0,-0.6057083681168304,-0.6488146655149246,0.0,-0.5452102069453844,0,0,0,0,0,1,1,0,0,0,0,0,0,0,0
4618,0.4209853768154359,0,-0.0134020991639499,-0.2704466763237459,-0.1409149927571905,-0.1878866570095874,0.0,-0.109441736164493,-0.5003401984516842,1.0,0.843348471566967,0,0,0,0,0,1,0,0,0,1,0,0,1,0,0
4619,-0.0541629884333445,2,-0.2809647329493935,-0.4518831114761503,2.112671618734728,2.6666666666666665,0.4506864749389131,1.8100582774547276,2.549747958437527,0.5493135250610869,0.5021607028634699,1,0,0,0,1,0,0,0,0,1,0,0,1,0,0
4620,-0.4621603121637215,0,-0.6496901093423425,0.0723636876574706,-0.25,-0.3333333333333333,0.0,-0.3066682046855331,-0.4407597617127992,0.0,-1.0882926049513164,0,0,0,1,0,1,0,0,0,0,0,0,0,0,1
4621,0.4615384615384615,0,-0.767555629859201,-0.375,-0.5,-0.6666666666666666,0.0,-0.6057083681168304,-0.6488146655149246,0.0,0.7724961065874512,0,0,0,0,0,1,0,0,1,0,0,0,0,0,0
4622,-0.0793132410574887,2,0.0216894480497977,0.6357317581496396,-0.1314390548897837,-0.1752520731863782,0.0,-0.0610944538850051,-0.2774991158586791,0.0,-0.352506505605048,0,1,0,0,0,1,0,0,0,0,0,0,0,0,1
4623,0.7981683909926445,2,-0.3026566122716711,1.3230950291023236,0.3128567248713135,0.417142299828418,0.0,0.3451061591566316,0.0800431762608672,0.0,0.7118677460350586,0,0,0,0,0,1,1,0,0,0,1,0,1,0,0
4624,0.3063725076261547,1,-0.1059005845520738,0.0835015431456861,-0.2505046294370585,-0.3340061725827446,0.0,-0.3726460034262464,-0.5898112493457062,0.0,0.8464643873458821,0,0,0,1,0,1,0,0,0,0,0,0,0,0,0
4625,-0.1890345549394508,0,1.034103058800751,-0.3476785341024994,-0.25,-0.3333333333333333,0.0,-0.3339522855426973,-0.2334525593026555,0.0,-0.2324803866103298,0,0,0,0,0,1,0,0,0,0,0,1,0,0,1
4626,0.7290878047296775,0,0.6500630591722372,2.083333333333333,0.2207334896439578,0.0,0.8829339585758313,-0.0968116325997816,0.4511478247807821,1.0,1.4934361379137813,0,0,0,0,0,1,0,0,0,0,0,0,1,0,0
4627,-0.4159478492240327,0,-0.4393291702648862,-0.2422768366593688,-0.3877288137472633,-0.5169717516630177,0.0,-0.4504342791969168,-0.6227807672534205,0.0,-0.1185971311614246,1,0,0,0,1,0,0,0,0,0,0,0,0,0,0
4628,-0.5698510668681666,0,0.2771137021905109,0.8707527169206148,1.0969354623095389,1.3333333333333333,0.3877418492381553,1.123299651914262,1.1764888335231691,0.6122581507618446,-0.0203969493553621,0,1,0,0,0,1,1,0,0,0,0,1,0,0,0
4629,0.0018698140388982,0,-0.6617805254015992,1.398209171009071,-0.5,-0.6666666666666666,0.0,-0.6057083681168304,-0.6488146655149246,0.0,-0.95463595185156,0,0,0,0,0,0,1,0,0,0,1,0,0,0,0
4630,-0.2514373193543265,1,-0.5564947195668584,0.9913440730177736,-0.5,-0.6666666666666666,0.0,-0.6057083681168304,-0.6488146655149246,0.0,-0.3367780147641826,0,1,0,0,0,1,0,0,0,0,0,0,0,0,0
4631,0.9517722726727794,0,-0.6785834701272524,-0.3277648923134268,2.501670532305972,3.0022273764079626,1.0,2.481601798754314,2.941581658246608,2.006682129223888,-0.4145957590619886,0,0,0,0,0,1,1,0,0,0,0,1,0,1,0
4632,-0.5978693088588726,0,0.0693106866050541,1.836659433095788,-0.1930752537913357,-0.3333333333333333,0.2276989848346571,-0.4827256062863229,-0.2244240819070263,0.0,0.2395268840321022,1,0,0,0,1,0,0,1,0,0,0,0,1,0,0
4633,0.4999369939906332,1,0.9673531420631668,0.2032188527014526,3.437397615234779,3.791598410156519,2.374795230469558,4.174919482304317,4.0289625081539535,1.0,1.0720129998501635,0,0,0,0,0,0,0,0,0,0,0,0,0,1,0
4634,-0.6339483697143148,0,-0.2434971157343325,-0.4276854995634659,0.25,0.0,1.0,0.085053503606791,0.4352611998534432,1.626445198952318,0.2738717078131941,0,0,0,1,0,1,0,0,0,0,0,0,1,0,0
4635,-0.1480205064139529,0,-0.900051467832885,1.433496314804136,-0.262622236103102,-0.3501629814708026,0.0,-0.4110562438219302,-0.4177022711421313,0.0,-0.7113504059952277,0,0,0,1,0,1,0,0,0,0,0,0,0,0,0
4636,-0.6734594725821967,2,-0.2435519248307515,-0.0849910478561862,-0.3431283570539302,-0.4575044760719068,0.0,-0.4066536315559682,-0.481147651804642,0.0,-0.2375853079796102,0,0,1,0,0,0,0,0,0,0,1,0,0,0,0
4637,-0.1186503116509686,2,1.3646351349646442,-0.0280559689813619,0.096403378216412,-0.2047954957114506,1.0,0.0800420146599104,-0.112836715766326,0.0,0.367017463517792,0,0,1,0,0,0,0,0,0,0,0,0,1,0,0
4638,-0.6129333515158931,1,0.9362671394132192,-0.5363555949511015,1.0477996454400855,0.7303995272534476,2.0,1.1340651054622042,0.842122633310769,1.0,-1.0720205491856325,0,0,0,0,0,1,0,0,0,0,0,0,0,0,1
4639,-0.3443895779397324,1,0.828845239508495,-0.5642495864537402,0.729004962555117,0.486003308370078,1.458009925110234,0.5070349397500572,0.7215667843963682,1.0,-0.8893111279227732,0,0,0,0,0,1,0,0,0,0,1,0,0,0,1
4640,0.1024551298373619,0,0.1274968116287075,-0.2309640165982678,0.2650871221766229,0.0,1.0603484887064918,-0.0066259420499178,0.5245258924619064,0.0,-0.2228088548411601,0,0,0,0,0,0,0,0,0,0,0,1,0,0,0
4641,-0.2562096569392274,2,0.807292048398952,2.083333333333333,0.110241846736652,0.1469891289822027,0.0,-0.0126657976736571,0.2795882357169247,0.0,0.4127913857809964,0,1,0,0,0,1,0,1,0,0,0,0,1,0,0
4642,0.3158156808877707,2,-0.6213582780480434,0.7211793359010676,0.1371370448179483,0.1828493930905977,0.0,0.0995592505809456,0.0941730329448299,0.7257259103641033,0.382189754363313,0,0,0,1,0,1,0,0,0,0,1,0,1,0,0
4643,-0.7521246610630203,0,0.6653413837832716,1.7165303116466957,0.0,0.0,0.0,0.0895173894205285,0.0092338677870978,0.6172490208487257,-0.4050386121771191,0,1,0,0,0,1,0,0,0,0,0,1,0,0,1
4644,0.1988257047191927,1,-0.2242416721141414,1.81188357274095,-0.065147942542172,-0.0868639233895627,0.0,-0.2901991296811692,0.0126625916432582,0.0,0.1354301361668221,0,0,0,0,0,1,1,0,0,0,1,0,1,0,0
4645,0.2555385996891389,1,0.4662458660994814,0.9585562539839798,-0.25,-0.3333333333333333,0.0,-0.140418611567285,-0.5728712373038258,0.0,-0.1318975279978874,0,1,0,0,0,1,0,0,0,0,0,0,0,0,1
4646,0.536725074554611,0,-0.436836332881867,1.3331243145297218,2.5837513709405564,3.1116684945874087,1.0,2.6276108700046814,2.57598989539552,1.6649945162377735,0.3713446774486314,0,0,0,0,0,0,0,0,0,0,0,0,0,1,0
4647,0.0580691551813713,0,-1.052837853362435,1.8964048853584128,-0.5,-0.6666666666666666,0.0,-0.6057083681168304,-0.6488146655149246,0.0,-0.2110108750537724,0,0,0,1,0,1,0,0,0,0,0,0,0,0,0
4648,0.0868144240420647,0,0.5083079237926864,-0.0774010573502189,0.8714124874531581,0.8285499832708776,1.0,1.0442420349859791,0.4720580179851274,0.0,-0.4955845999423485,0,0,1,0,0,0,0,0,0,1,0,0,0,0,1
4649,-0.048863324673776,0,-0.0983125014309564,0.3267812484895459,0.0,0.0,0.0,0.0346137239875094,0.0436720758391631,0.0,-0.5503145606387412,1,0,0,0,1,0,0,0,0,1,0,0,0,0,1
4650,0.3546109980411344,1,-0.1132629416465178,0.0174477266568517,4.997371692703181,5.589866940581077,3.2198859490694947,4.761274402153259,5.607153072985051,3.2198859490694947,-0.0600087731485003,0,0,0,0,0,1,0,0,0,0,0,0,0,1,0
4651,0.8396691296452807,0,0.237147783561479,1.1048926526251794,0.2921506573056752,0.0562008764075669,1.0,0.536692517210491,0.2255823887974814,0.0843013146113503,-0.1352855255001656,0,0,1,0,0,0,0,0,1,0,0,0,0,0,1
4652,-0.3076923076923077,1,-1.003783851995362,1.126497774748164,-0.5,-0.6666666666666666,0.0,-0.6057083681168304,-0.6488146655149246,0.0,-0.5013825613059977,0,0,0,0,0,1,0,0,0,0,0,0,0,0,0
4653,-0.8130261682378811,1,-0.0088377765731865,0.2162353585938713,0.5346700935462273,0.379560124728303,1.0,0.68055812301802,0.2441127338602451,0.8613196258150908,-0.1911831776651678,0,0,0,0,0,1,1,0,0,0,0,0,0,0,1
4654,-0.394568641173166,1,0.6366571648315302,0.0031682075778808,0.5456869221582947,0.3942492295443929,1.0,0.4568557938505945,0.3073043644297034,0.1827476886331788,-0.8246743215052115,0,0,0,0,0,1,0,1,0,0,1,0,0,0,1
4655,0.3963628254724086,1,0.2294741927958138,-0.0234846654712033,3.115455204303668,3.658182403825483,1.487273605738224,2.6543688976160933,3.0173054780456336,4.487273605738224,-0.182376980422067,1,0,0,0,1,0,0,0,0,0,0,1,0,1,0
4656,0.0295269077159702,0,-0.6842105263157895,1.973737088325643,-0.3595962450076903,-0.4794616600102537,0.0,-0.4256506746497871,-0.5578264561178544,0.0,-0.1654228946000039,0,0,0,0,0,1,0,0,0,0,0,0,0,0,0
4657,-0.3483102193125711,2,-0.1074270972750712,0.2470409768321941,0.0,0.0,0.0,-0.0133647895451005,-0.0012148802736942,0.0,0.1539899120567355,0,0,0,0,0,0,0,0,1,0,1,0,1,0,0
4658,0.2636207786126611,2,0.497807573812017,1.6015658028421846,0.5781210365893784,0.7708280487858379,0.0,0.7304203370572385,0.3314586484853947,0.0,-0.3157079737307027,0,1,0,0,0,1,0,0,0,0,1,0,0,0,1
4659,-0.2307692307692307,1,0.5657902870535112,2.083333333333333,-0.3632810085309889,-0.4843746780413184,0.0,-0.4020594397570424,-0.3846933620992171,0.0,-0.5096147902301265,0,0,0,0,0,1,0,0,0,1,0,0,0,0,0
4660,-0.7818970951776029,2,-0.5231509010139535,1.4598366553517057,0.0823311186544186,0.0,0.3293244746176744,-0.009416737147902,0.0111703501951749,1.3293244746176744,0.384152823994347,0,0,0,0,0,0,0,0,1,0,0,0,1,0,0
4661,0.5618054264189022,1,-0.2051261627587212,0.0626807574711316,4.224349273103926,4.632465697471901,3.0,3.8506907059606497,4.494148254337661,3.0,0.6509010064714871,0,0,0,1,0,1,0,0,1,1,0,0,0,1,0
4662,0.215075025712417,0,-0.6606160005861609,-0.5,-0.1989938335653553,-0.2653251114204737,0.0,-0.3098965152225479,-0.2248574974153301,0.0,0.0973684877863139,1,0,0,0,1,0,0,1,0,0,0,0,0,0,0
4663,0.0266158390507845,2,1.1903145457557476,0.14242478969944,0.0865014769150497,-0.3333333333333333,1.346005907660199,-0.0464417592992533,-0.0537835722834834,0.0,0.5339269396239761,0,0,0,0,0,0,1,0,0,0,0,0,1,0,0
4664,0.8357943152563103,0,-0.6842105263157895,-0.3409012680632776,2.4091847832406685,2.878913044320892,1.0,2.4782523469707702,2.791906718279165,1.6367391329626746,-0.3322617063175917,0,0,0,1,0,1,1,0,0,0,0,1,0,1,0
4665,0.8499871391238454,1,-0.0842222590449129,2.047903508085046,3.474990711589444,4.633320948785926,0.0,3.7818250753470113,2.712903948242231,3.1000371536422247,-0.1249892826032045,0,0,0,0,0,1,0,0,0,0,0,0,0,1,0
4666,-0.2689124605023369,0,-0.7214647185998668,-0.375,0.2278803233313291,-0.0294929022248944,1.0,-0.1721658173009344,0.4747740490337139,0.0884787066746835,0.2273662035894352,0,0,0,0,0,1,0,0,0,0,0,0,1,0,0
4667,-0.3528417867667013,1,-0.0526315789473684,0.6408506184146114,0.75,0.6666666666666666,1.0,0.8448764409018138,0.622269419048435,1.0,0.9037858100973654,0,0,0,1,0,1,0,0,1,0,0,0,1,0,0
4668,-0.7561705581797725,0,-0.1962288215862772,0.4413550589670376,0.0,0.0,0.0,-0.1249215510229072,-0.1930816496240575,0.0,-0.5573768164391831,0,0,0,1,0,1,0,1,0,0,0,1,0,0,1
4669,0.2667979698103135,0,0.0977726965212284,-0.4596510996860801,0.0,0.0,0.0,0.0900808837013204,-0.4351512181158501,1.0,1.0378533386064246,0,1,0,0,0,1,0,0,0,0,0,0,1,0,0
4670,0.3403306482282846,2,0.7813531401537283,1.2946404494379355,0.7307137078651045,0.3076182771534727,2.0,0.3210492899155539,1.1298529249608114,0.922854831460418,-0.7631854796887028,0,0,0,0,0,0,0,0,0,0,0,0,0,0,1
4671,-0.3743655713669322,1,-0.628106285376892,-0.3824026429016601,0.2055841425900395,-0.0296105716066403,0.9111682851800792,-0.1936090986157197,0.4418972212611946,0.0,0.2376024396015323,0,0,0,0,0,1,0,0,1,0,0,0,1,0,0
4672,0.7803953207118348,1,-0.5279972826081016,-0.3131655910323735,-0.5,-0.6666666666666666,0.0,-0.6057083681168304,-0.6488146655149246,0.0,-0.9230769230769232,1,0,0,0,1,0,0,0,0,0,0,0,0,0,0
4673,0.091214344475992,0,-0.6357788347933626,0.5250761565249824,0.3561928826062632,0.4749238434750176,0.0,0.3376015479799967,0.4069613090784707,1.0,-0.2134088147134737,0,0,0,0,0,1,0,0,1,0,0,0,0,0,1
4674,-0.2260076486494595,0,0.1206350678050166,-0.3359125236482094,-0.25,-0.3333333333333333,0.0,-0.2976999641588885,-0.2744141645531425,0.2153443813825526,0.6869760586742388,1,0,0,0,1,0,0,0,0,0,0,0,1,0,0
4675,0.9001117011466646,1,-0.3676567816280841,0.6834543429088866,0.3507260574533201,0.4676347432710934,0.0,0.3102574649814516,0.2617745307799799,0.0,-0.4977659770667075,0,0,0,1,0,1,0,0,1,0,1,0,0,0,1
4676,0.6830163737470122,2,-0.4097057707385984,2.083333333333333,-0.0538975889916577,-0.071863451988877,0.0,-0.2509622073017399,-0.0640019069815455,0.0,-0.1256753157380282,1,0,0,0,1,0,0,1,0,0,1,0,0,0,0
4677,-0.6440154147557862,1,0.1652104232038896,-0.4069499020436952,0.3430500979563048,0.3333333333333333,0.3722003918252192,0.1737293095175515,0.5121395826632876,1.6277996081747808,-0.1869616138125421,1,0,0,0,1,0,0,0,0,0,0,0,0,0,1
4678,-0.2307692307692307,1,0.3857135762571775,2.083333333333333,-0.4167412820486504,-0.5556550427315339,0.0,-0.4816908596111057,-0.4879708729316858,0.0,-0.6412093096582163,0,0,0,0,0,1,0,0,0,1,0,0,0,0,0
4679,-0.0871304850005205,1,-1.105263157894737,2.006642872120392,-0.5,-0.6666666666666666,0.0,-0.6057083681168304,-0.6488146655149246,0.0,-0.5636497278669909,0,0,0,0,0,1,0,0,0,0,0,1,0,0,0
4680,-0.3109068769918843,0,0.4903689643423468,0.3535069969201073,0.0,0.0,0.0,0.245580217532494,0.0440980925402656,0.3832842396422014,-0.799379744766761,0,0,1,0,0,0,1,0,0,0,0,0,0,0,1
4681,-0.8666344245856907,2,0.4237890559349859,-0.3365828372561292,0.0,0.0,0.0,0.208852099333045,-0.1530152244311257,1.0,-0.3636348825031099,0,0,0,0,0,0,0,0,0,1,0,0,0,0,1
4682,-0.634648351048157,0,1.4666726815947515,0.9576305557072716,0.4291738093937673,0.5722317458583565,0.0,0.491894123232324,0.4950687303333677,0.0,-0.1262809524009588,0,0,0,0,0,0,0,0,0,0,0,0,0,0,1
4683,-0.535917212184063,1,-0.1354494214060134,-0.1201028366904607,0.5533076241607182,0.4044101655476242,1.0,0.3913742378589496,0.4901218137692431,1.0,0.4086507093434166,0,0,0,1,0,1,0,0,1,0,0,0,1,0,0
4684,0.8535517104114336,2,-0.4122723137006215,-0.2932615686047343,-0.25,-0.3333333333333333,0.0,-0.4516264128578267,-0.3839502538896259,0.0,0.3851061236732516,0,0,0,0,0,1,0,0,0,0,0,0,1,0,0
4685,-0.0728738596071312,1,-0.1863596389280512,0.1070023013634009,-0.5,-0.6666666666666666,0.0,-0.6057083681168304,-0.6488146655149246,0.0,-1.1174786225452806,0,0,0,0,0,1,0,0,0,0,1,0,0,0,0
4686,0.7307692307692307,0,0.3796353225970381,0.4038720045410732,-0.5,-0.6666666666666666,0.0,-0.6057083681168304,-0.6488146655149246,0.0,-0.693340667710665,1,0,0,0,1,0,0,1,0,0,0,0,0,0,0
4687,-0.7151064056638964,1,-0.2735498169757879,-0.3364184352480204,-0.25,-0.3333333333333333,0.0,-0.2885715498526724,-0.3802555498261245,0.0123404076587482,-0.5394108005891345,0,0,1,0,0,0,0,0,0,0,1,0,0,0,1
4688,-0.4182495085681219,0,-0.6096311306235498,-0.1337731403329834,-0.25,-0.3333333333333333,0.0,-0.2512528537606216,-0.5111811317304024,0.0,-1.1907511466743823,0,0,0,1,0,1,0,0,0,0,0,0,0,0,1
4689,0.5953141476908104,2,-0.2346586809573103,-0.0764191563648161,-0.1353712654527758,-0.1804950206037011,0.0,-0.0227319333352818,-0.4085726361793127,0.7707425309055517,0.0592878869927347,0,0,0,0,0,1,1,0,0,1,0,0,0,0,1
4690,-0.5883672248490635,0,0.2024979396426754,0.9354202913693674,0.0,0.0,0.0,-0.029335225138269,-0.0417931055001365,0.0,0.0223090306594587,1,0,0,0,1,0,0,1,0,0,0,0,0,0,1
4691,-0.105500012189816,0,0.0585766488853706,0.1262952927258624,0.8968912974579301,0.8625217299439067,1.0,1.110639733373211,0.4894208262320064,0.2062174050841398,-0.5190116966757548,0,0,1,0,0,0,0,0,0,0,0,0,0,0,1
4692,-0.0925997451134134,0,1.3050263275493568,0.8581927153157639,-0.5,-0.6666666666666666,0.0,-0.6057083681168304,-0.6488146655149246,0.0,-0.9692956698542629,0,0,1,0,0,0,0,0,0,0,0,0,0,0,0
4693,-0.6793188990590503,1,1.2629420086612817,2.083333333333333,0.5831966054854785,0.5554644036569856,0.6663932109709568,0.2959356074538582,0.2619248781509251,1.666393210970957,0.7306430204481339,0,0,0,0,0,1,0,0,0,1,0,0,1,0,0
4694,0.2411389732770914,0,-0.7185228144199006,-0.4325966736989055,-0.25,-0.3782688842007296,0.1348066526021889,-0.4066871459067883,-0.2492955110328562,0.0,0.1996600032456487,1,0,0,0,1,0,0,0,0,0,0,0,0,0,0
4695,0.8331164899873573,1,0.2230165612768635,-0.1525428641529705,-0.0211857037705442,-0.0282476050273923,0.0,0.2252139236721134,-0.2246731718632105,1.0,-0.0990879201765044,0,0,0,0,0,1,1,0,0,0,0,0,0,0,1
4696,0.1984208850902944,1,0.7693160632448258,1.6892474087789986,-0.25,-0.3333333333333333,0.0,-0.2634104665095361,-0.3977141761130689,0.8598238353912759,0.3846153846153846,0,0,0,0,0,1,0,1,0,0,0,0,1,0,0
4697,0.0061465401783332,1,0.3499958343122075,1.2975013191344678,-0.0087519787017014,-0.0116693049356018,0.0,0.0660913042086148,-0.147197458576454,0.0,-0.7598055613981678,0,1,0,0,0,1,0,1,0,0,0,0,0,0,1
4698,-0.5466394867305728,1,-0.8545186044771775,0.8644777875042547,-0.4468433362512763,-0.5957911150017019,0.0,-0.5845879285560851,-0.5778778910872202,0.0,-0.647454884813387,1,0,0,0,1,0,1,0,0,0,0,1,0,0,0
4699,-0.520182081980407,1,-0.7024954244467827,-0.0561422110203695,-0.5,-0.6666666666666666,0.0,-0.6057083681168304,-0.6488146655149246,0.0,0.8892547590194613,0,0,0,0,0,1,0,0,0,0,0,0,0,0,0
4700,-0.5821728353215374,0,0.4343449557702921,0.2390512167425937,-0.0315692699544437,-0.0420923599392583,0.0,-0.052189745260785,-0.0585692437671597,0.0,-0.0728521614333317,0,0,0,0,0,1,0,0,1,1,0,0,0,0,1
4701,-0.3322290101032591,0,-0.4491747453266752,1.498541925872323,-0.25,-0.3333333333333333,0.0,-0.3154374708831098,-0.4187153143194712,0.0,-0.5563723014920451,0,0,0,0,0,1,0,0,0,0,1,0,0,0,1
4702,-0.7693737542202885,0,0.8070827650829386,0.625,0.2084107835359896,0.2778810447146528,0.0,0.5992168476417643,0.0254617759487588,0.0,-0.4805904995323317,0,0,1,0,0,0,0,0,0,0,0,0,0,0,1
4703,0.4809222158050827,1,-0.5258372798878613,1.395904362099979,0.1248579424667088,-0.0003788200887764,0.5005682301331646,-0.047047290158971,-0.1667135569980772,0.0,-0.3461101361436027,0,0,0,1,0,1,0,0,0,0,0,1,0,0,1
4704,0.5401795553928412,2,-1.0563184741683087,0.1587138684848451,-0.1162436238502667,-0.4883248318003557,1.0,-0.4021811721676037,-0.148137782719086,0.0,0.8765325758617848,0,0,0,0,0,1,0,0,0,0,1,0,1,0,0
4705,-0.5713697064563974,0,0.8058001112704567,-0.405080756694514,0.2860969080334168,0.3814625440445557,0.0,0.2731250443657089,-0.0991670333138231,1.0,0.1055140388669106,0,1,0,0,0,1,0,0,0,0,0,0,1,0,0
4706,0.5489191872890324,0,-0.3583244387914936,0.1170068473765991,-0.5,-0.6666666666666666,0.0,-0.6057083681168304,-0.6488146655149246,0.0,-0.0175462408065504,0,0,0,0,0,1,0,0,1,0,0,0,0,0,0
4707,-0.441679320384545,1,-1.044146274912313,1.0940903681250382,-0.5,-0.6666666666666666,0.0,-0.6057083681168304,-0.6488146655149246,0.0,-0.7394420574998943,0,0,0,0,0,0,0,0,0,0,0,1,0,0,0
4708,0.076916913979109,2,0.4736673435217721,1.6874365730349972,0.0,0.0,0.0,-0.082397772245301,-0.1320681396000416,0.0,-0.7500030814719839,0,1,0,0,0,1,0,0,0,0,0,0,0,0,1
4709,0.1837102196706005,1,-0.0939525112681951,-0.0330720715314917,-0.25,-0.3333333333333333,0.0,-0.3808948757608074,-0.4974524404871873,0.0,0.7304372306669195,0,0,0,1,0,1,0,0,0,0,0,0,1,0,0
4710,0.1006217076495328,0,1.21113399995819,0.1596322582439645,7.598845400079439,8.065896933386293,6.1976908001588775,7.930594141291879,8.147853434299515,4.401154599920561,0.1460206230860891,0,0,0,0,0,0,0,1,0,0,0,0,0,1,0
4711,0.7608623215737431,0,0.4416426410767716,0.473718151316888,0.1997253181393331,0.0,0.7989012725573326,-0.0513277573248845,0.0191785027424232,1.0,1.0077345664401025,0,1,0,0,0,1,0,0,0,1,0,0,1,0,0
4712,-0.4917530567743476,0,-0.0526315789473684,0.2568993258175594,-0.5,-0.6666666666666666,0.0,-0.6057083681168304,-0.6488146655149246,0.0,1.2812343820137706,0,1,0,0,0,1,1,0,0,0,0,0,0,0,0
4713,0.7364065382362465,1,-0.5088787222008896,1.6884219053197709,0.7038164289898279,0.8025442859932186,0.4076328579796557,0.6370871100949904,0.2543069360056764,0.0,0.649442581934814,0,0,0,1,0,1,1,0,0,0,1,0,1,0,0
4714,0.0816114550701749,2,1.0398002282289946,-0.3333333333333333,-0.1326186144890343,-0.3333333333333333,0.4695255420438626,-0.1965347903227127,-0.2754744115779364,0.0,0.4301094902975702,0,0,0,0,0,0,1,0,0,0,0,0,1,0,0
4715,0.0881622361512809,0,-0.3654409184839297,-0.5416666666666666,-0.0070778186006669,-0.0094370914675559,0.0,-0.0616675855550819,-0.1403040448170357,0.9716887255973322,0.9891110483066662,0,0,0,0,0,1,0,1,0,0,0,0,1,0,0
4716,-0.1480599906636837,1,-0.063685755237699,-0.3445674356786807,-0.25,-0.3333333333333333,0.0,-0.4042298912415065,-0.2506239803279403,0.0,0.4207850343549209,0,0,0,1,0,1,0,0,0,0,0,0,1,0,0
4717,-0.5673728980366067,2,0.1843889841001867,0.3450432533908761,0.3594809593094858,0.4793079457459811,0.0,0.2486018509336914,0.5351005684071513,0.0,0.3738062276391912,0,0,0,0,0,1,1,0,0,0,0,0,1,0,0
4718,-0.9173784627475086,1,-0.3153010555269284,0.2021600013098009,0.1435199960705971,0.095679997380398,0.2870399921411942,0.1497962837022494,-0.1554945116311454,0.2870399921411942,-0.428061541484156,0,0,0,0,0,1,1,0,0,0,1,0,0,0,1
4719,0.8850574028191582,1,0.3587431803805344,1.7538308244327052,0.0,-0.6628358422339615,1.9885075267018848,-0.4827566230371362,-0.2782359358179815,0.0,-1.1127325061619735,0,0,0,0,0,1,0,0,0,0,0,0,0,0,1
4720,-0.131106817739582,0,0.7894736842105263,1.76308768316578,0.0,0.0,0.0,-0.0111407333019289,0.0315685814223493,1.0,0.4489267345424267,0,0,0,0,0,1,0,0,1,1,0,0,0,0,0
4721,-0.1338668234044099,0,-1.0932674005935368,2.083333333333333,-0.0189932823935667,-0.358657709858089,1.0,-0.3800265612812707,-0.0565737610778795,0.0,0.3715022898115134,0,0,0,0,0,0,0,0,1,0,0,0,1,0,0
4722,0.6358346494991216,1,0.205002364862789,0.2587462556339174,0.0279701541372809,0.0372935388497079,0.0,-0.1381105375246921,-0.0615829207561163,0.0,-0.9741813961809714,0,0,0,0,0,1,0,0,0,0,0,1,0,0,1
4723,0.0063170723917734,1,1.0172888297038012,0.7793483755027084,0.6208939029453473,0.827858537260463,0.0,0.7890876385117983,0.4944541309518602,1.0,-0.4517833008953525,0,1,0,0,0,1,1,0,0,0,0,0,0,0,1
4724,-0.3928260622157367,0,0.2891759643823195,-0.1039309718026696,0.0533694044022882,0.0711592058697176,0.0,0.0087406293821459,-0.2115341614260032,0.0,-0.7389799083695828,0,0,0,0,0,1,0,0,0,0,0,1,0,0,1
4725,0.6481010057847052,0,-0.1427713967158201,-0.0464557243733236,4.192531307520117,4.942531307520117,1.9425313075201167,3.922794444758043,5.0173613791759735,4.057468692479883,-0.1396982929722583,0,0,0,0,0,0,0,0,0,0,0,0,0,1,0
4726,-0.5472090952590779,1,0.8021226272947976,2.083333333333333,0.6866941598834295,0.6666666666666666,0.746776639533718,0.7503184055114075,0.8950444696864744,0.0,0.962530264758856,0,1,0,0,0,1,0,0,0,0,1,0,1,0,0
4727,-0.1086217168444857,2,-0.2569611681356644,0.1047879192583476,-0.5,-0.6666666666666666,0.0,-0.6057083681168304,-0.6488146655149246,0.0,-0.2273877814991659,0,0,0,1,0,1,0,0,0,0,0,0,0,0,0
4728,-0.4116643736045956,0,0.402302637152052,1.13222966290851,0.0433779774510593,0.0578373032680791,0.0,0.2454039875598367,0.0985259298528683,0.0,-0.4399381850677639,0,0,0,0,0,1,0,0,0,0,0,0,0,0,1
4729,-0.6656531417437248,2,-0.42588350364458,-0.1884240333927779,0.0,0.0,0.0,0.010350501605271,-0.0105066306850898,0.0,0.1751461068854791,0,0,0,0,0,0,0,0,1,0,1,0,1,0,0
4730,0.1456548093757945,1,1.1758036201488418,0.375,3.2985388668455418,3.7961036449214447,1.805844532617833,4.588971796781661,3.988328342422051,1.0,0.824875240805487,0,0,0,0,0,0,0,0,0,0,0,0,0,1,0
4731,0.2726003250846139,2,-0.3149511152899525,-0.3306785317515163,0.2460177976272744,0.3280237301696992,0.0,0.5373034053478815,0.1276196083735787,0.0079644047454511,0.0006126465188808,0,0,0,0,0,1,1,0,0,1,0,0,0,0,1
4732,0.8163968013026763,2,-0.4300090320602555,1.9418853121648427,0.25,0.3333333333333333,0.0,0.0220936210334811,0.3355765415988295,0.0,0.0508095960919709,1,0,0,0,1,0,0,0,0,0,1,0,0,0,1
4733,-0.1748635413899001,1,-0.2110653375971274,0.5128931958275285,0.8608266273792938,1.147768836505725,0.0,1.1513125232344343,0.6858377922249026,0.4433065095171753,0.2648697315013212,0,1,0,0,0,1,1,0,0,0,0,0,1,0,0
4734,-0.6930607042003181,0,0.3806894242458558,-0.2864025547941764,-0.1116549530335631,-0.1488732707114174,0.0,-0.0348882487241729,0.0526054696229361,0.0,-0.2576652762312994,0,0,0,0,0,1,0,0,0,1,0,0,0,0,1
4735,-0.3024345011685882,1,-0.869962815446805,-0.25,-0.4362794377712794,-0.5817059170283725,0.0,-0.5145645250253124,-0.5537016811804335,0.0,0.2111629039296244,0,0,0,1,0,1,0,0,0,1,0,0,0,0,0
4736,-0.0068946158396109,0,-0.6810656138275459,-0.5107278819649824,-0.3143672917898946,-0.4191563890531928,0.0,-0.4407764933341894,-0.35861545721027,0.0,0.2208665704938623,1,0,0,0,1,0,0,0,0,0,0,0,0,0,0
4737,-0.2692307692307692,1,-0.0891293038999476,-0.2405761290165008,2.1925231451435634,2.5900308601914177,1.0,2.488062181512349,2.162513532895778,2.0,1.5030911662421929,0,1,0,0,0,1,0,0,0,0,0,0,1,0,0
4738,0.1293530389513144,0,-1.091856400268088,2.004518775742827,-0.5,-0.6666666666666666,0.0,-0.6057083681168304,-0.6488146655149246,0.0,-0.111213437775852,0,0,0,1,0,1,0,0,0,0,0,0,0,0,0
4739,-0.5769230769230769,1,0.0328912964237232,0.5533820120859761,-0.25,-0.3333333333333333,0.0,-0.3763400074072021,-0.3555699538473195,0.0,0.8040808816197758,1,0,0,0,1,0,1,0,0,0,0,0,0,0,0
4740,0.0591254785053882,2,0.2517863096713281,-0.0180050096870638,3.358030058122383,3.738686705414922,2.2160601162447664,2.922580911683972,3.996505528841796,2.567879767510467,1.0831000447095256,0,0,0,0,0,1,0,0,0,1,0,0,0,1,0
4741,-0.8808680146591494,0,-0.4611948635188921,0.4620440144517973,0.0,0.0,0.0,-0.145467957288729,-0.1451764051238306,0.1906756017147376,-0.4688721385274899,0,0,0,1,0,1,0,1,0,0,0,0,0,0,1
4742,0.4970300154787179,0,0.0787103088720857,0.2621192443538271,0.5,0.6666666666666666,0.0,0.410313687940486,0.3169404817884717,1.2136422669385185,-0.4036729180219088,0,0,0,0,0,1,0,0,0,0,0,0,0,0,1
4743,0.5543615702674082,1,1.4930412316971606,-0.1446305670410085,1.0919458505615127,1.1225944674153503,1.0,1.515025726775438,1.35355163221019,1.3677834022460509,0.3952518674166511,0,0,1,0,0,0,0,0,1,0,0,0,0,0,0
4744,-0.5384615384615384,0,0.3221347647736348,-0.1520898746960546,0.0,0.0,0.0,0.0336337278093396,0.1677157856387602,0.0,0.0,0,0,0,0,0,1,0,0,0,1,0,0,0,0,1
4745,0.8082120655384406,0,0.4782102640382879,-0.0411035956666894,0.432125311454533,0.5761670819393774,0.0,0.4226743791789405,0.1462967055747402,0.7285012458181321,0.1153846153846153,0,0,0,0,0,1,0,0,0,0,0,0,1,0,0
4746,0.5107029185234173,0,0.5378208903435684,0.4878557268595667,1.5761623072829876,2.101549743043984,0.0,2.004444194847446,0.9465609053322944,1.76821640971065,0.2190519527256942,0,1,0,0,0,1,1,0,0,0,0,0,1,0,0
4747,0.7620734758601511,1,-0.2556886044249004,1.091478617018143,0.25,0.3333333333333333,0.0,0.2356505485295382,0.0908212716229086,0.0,-0.5871168719328874,0,0,0,1,0,1,0,0,1,0,1,0,0,0,1
4748,-0.0509580424626043,0,0.0323280933542169,-0.3202251100991969,-0.2258896108581325,-0.3011861478108434,0.0,-0.2637941432714842,-0.2749342800881152,0.0,0.6501368632089435,1,0,0,0,1,0,1,0,0,0,0,0,1,0,0
4749,-0.5228129209364532,0,0.8257598366339407,2.083333333333333,0.7305898060028047,0.6407864080037395,1.0,0.7754380945581002,1.1058175310702811,0.0776407759887812,0.8278778944697367,0,1,0,0,0,1,0,0,0,0,1,0,1,0,0
4750,-0.4888956629796313,2,-0.0768337624356119,-0.3190726063544132,0.0427821809367603,0.0570429079156804,0.0,0.0863966895452149,-0.2956278422005683,0.0,-0.4549565875481907,0,0,1,0,0,0,0,0,0,1,0,0,0,0,1
4751,0.7155553730704887,1,-0.4100589789649783,-0.30231456769962,0.4127774812395441,-0.1162966916806078,2.0,0.0617636723985256,-0.0403422365092381,0.0,-0.6815376403556607,0,0,0,1,0,1,0,0,0,0,0,0,0,0,1
4752,-0.7574767140039317,1,-0.4049681349527486,-0.4637331823361729,0.3696001509971605,0.3333333333333333,0.4784006039886418,0.2231354088529711,0.0169418603149449,0.4784006039886418,0.7306456195485092,0,0,0,1,0,1,0,0,1,0,0,1,1,0,0
4753,0.7728933476662048,2,-0.0324496367923435,0.1518381221171697,-0.25,-0.3333333333333333,0.0,-0.4280711981877,-0.3076702482098009,0.2055143663515093,0.3008483640540783,0,0,0,0,0,1,0,0,0,1,0,0,1,0,0
4754,-0.5060090203757803,2,-1.0078960395982917,1.2528667749492095,-0.5,-0.6666666666666666,0.0,-0.6057083681168304,-0.6488146655149246,0.0,-0.4704325733059253,0,0,0,0,0,1,0,0,1,0,0,1,0,0,0
4755,-0.3912200500419117,2,0.0381003737033281,0.5718852465940196,0.4914139349455148,0.655218579927353,0.0,0.8081799414420361,0.2573167564220076,1.0,-0.600802858450362,0,0,1,0,0,0,0,0,0,1,0,0,0,0,1
4756,0.7188762536009403,2,0.611079173663065,-0.1022463736717601,-0.5,-0.6666666666666666,0.0,-0.6057083681168304,-0.6488146655149246,0.0,0.4643210684951286,0,0,0,0,0,0,0,1,0,0,0,0,0,0,0
4757,-0.2429280199436284,0,0.9795416398621948,-0.4309139891972012,-0.0427419675916038,-0.0569892901221384,0.0,-0.1545672608326217,-0.0746923409862988,0.0,-0.4314515758558417,0,0,0,0,0,1,0,0,0,0,0,1,0,0,1
4758,0.8056536871532446,0,-0.584526750949015,1.9439780470374304,-0.0066255167519552,-0.0088340223359403,0.0,-0.1950886656809358,-0.0938334827078333,0.0,0.6107977191717233,0,0,0,1,0,1,0,1,0,0,0,1,0,0,0
4759,-0.1028087692516993,1,1.495163906435931,-0.2997213981771208,2.897971444429328,3.4319809629528857,1.2959428888586566,4.186658480367648,2.845681711443396,1.7040571111413434,0.5325868290447129,0,0,1,0,0,0,0,0,0,0,0,0,0,1,0
4760,0.8284927217795168,2,-0.877553361571605,-0.4876689096390496,-0.5,-0.6666666666666666,0.0,-0.6057083681168304,-0.6488146655149246,0.0,-0.5200103521802291,0,0,0,0,0,1,1,0,0,0,0,0,0,0,0
4761,-0.3867487709385461,0,-0.4924013454988548,0.5643686248229118,-0.5,-0.6666666666666666,0.0,-0.6057083681168304,-0.6488146655149246,0.0,-0.4093990167508369,0,0,0,0,0,1,0,0,0,1,0,0,0,0,0
4762,-0.1367746748064862,0,1.1750684979145425,-0.2036548712526132,0.0,0.0,0.0,-0.1255944657897167,0.01599072363003,0.2780707724843205,-0.9271926609699812,0,0,1,0,0,0,0,0,0,0,0,1,0,0,1
4763,-0.4113873978623871,0,0.979618387310766,-0.3556986435420863,-0.25,-0.3333333333333333,0.0,-0.2574051723386775,-0.1931520058631383,0.0,-0.3403090835465782,0,0,0,0,0,1,0,0,1,0,0,0,0,0,1
4764,0.1202877927827675,1,-0.3717758582197883,-0.2925519625857775,-0.25,-0.5035411836764432,0.5106235510293298,-0.4222687416145371,-0.3989949942194637,0.0,0.8232456938744628,1,0,0,0,1,0,0,0,0,0,0,0,1,0,0
4765,-0.3732274645644756,0,-0.8643341288003064,1.1490688146997576,-0.5,-0.6666666666666666,0.0,-0.6057083681168304,-0.6488146655149246,0.0,-1.0168026437330349,1,0,0,0,1,0,1,0,0,0,0,0,0,0,0
4766,-0.447355150595339,1,-0.2825666360274309,0.1467434034193022,0.1945303883292221,0.1729159007370863,0.2593738511056295,0.2463631146116612,0.1958948720506437,0.0,-0.3376200597429573,0,0,0,0,0,1,1,0,0,1,0,0,0,0,1
4767,0.4457275844984957,1,-0.1629589899002262,0.2157430997467406,-0.25,-0.3333333333333333,0.0,-0.2799933940761598,-0.3557705147641718,0.0,-0.6801976155794303,0,0,0,0,0,1,0,0,0,0,1,0,0,0,1
4768,0.5057392358045132,2,-0.9372981855765744,0.219865685289475,-0.25,-0.3333333333333333,0.0,-0.2886566021745205,-0.4810743209896447,0.0,-0.4795427277304802,0,0,0,0,0,1,0,0,0,0,0,0,0,0,1
4769,-0.31576074982744,0,-0.285322926926822,-0.5394650404573316,0.3026419514512022,0.0701892686016029,1.0,0.2216996871972309,0.7124620369105438,2.0,-0.0040948603207482,0,0,0,1,0,1,0,0,0,0,0,0,0,0,0
4770,0.8803984633099827,2,-0.6628196507389316,-0.171234998080852,-0.25,-0.3333333333333333,0.0,-0.3327166142057414,-0.2341788024987352,0.0,0.0114148723853788,0,0,0,0,0,1,0,1,0,1,0,0,0,0,1
4771,0.3091463435401728,0,-0.508897006249571,0.1478541235992841,2.364657597460683,2.3057535932284874,2.5413696101572687,2.236798078791394,2.0054396198016127,0.0,0.4615384615384615,0,0,0,0,0,1,0,0,0,0,0,0,0,1,0
4772,-0.0329707906138588,0,0.484340553138437,-0.1036662249045684,0.1636925115825069,0.2182566821100091,0.0,-0.0485149804326118,-0.1277572137280375,1.6547700463300274,1.2651127083450096,0,1,0,0,0,1,0,0,0,0,0,0,1,0,0
4773,-0.137915349016468,0,0.7894736842105263,1.858974498648592,0.0,0.0,0.0,-0.0235616101592789,0.0116559636020909,1.0,0.6599912041258946,0,0,0,0,0,1,0,0,1,1,0,0,0,0,0
4774,0.0666313024927949,1,0.2275862446382466,-0.5833333333333334,1.4331034662031672,0.9108046216042228,3.0,0.6293487427231489,1.5004634752285573,0.2675861351873314,0.755702972932822,0,0,0,0,0,1,1,0,0,0,0,0,0,0,0
4775,0.5500658728592369,0,0.6066657857542552,-0.32076197106916,0.2795843794168218,0.3727791725557624,0.0,0.0369738918438296,0.081643595307101,0.1183375176672872,0.1153846153846153,0,0,0,0,0,1,0,0,0,0,0,0,1,0,0
4776,-0.1200575150418371,0,0.8612887459612261,0.2375389781345298,0.1892523044561173,-0.0404984636959218,0.8785046089122346,0.1540510671582038,-0.0656744476429462,0.0,1.0255211806936375,0,0,0,0,0,1,0,0,0,0,0,0,1,0,0
4777,-0.0510547840859612,0,-0.9898860809960148,-0.1634535811708731,-0.5,-0.6666666666666666,0.0,-0.6057083681168304,-0.6488146655149246,0.0,0.6649325650620606,0,0,0,0,0,1,0,0,1,0,0,1,0,0,0
4778,0.0494520116581514,1,0.1885338846093578,0.108184088193509,3.6455359518944497,4.139285397474067,2.164287615155597,3.383466699694882,4.2930291109567325,1.0,1.0471161522743755,0,0,0,0,0,1,0,0,0,0,0,0,0,1,0
4779,0.5561770957966494,2,-0.078248201194451,2.083333333333333,-0.279603759793983,-0.3728050130586439,0.0,-0.3290282107037205,-0.4498044123372485,0.0,0.588560208882125,1,0,0,0,1,0,1,0,0,0,0,0,0,0,0
4780,-0.5022873712384825,2,-0.7818454956440442,0.4646842782599818,0.6970264173899727,0.9293685565199636,0.0,0.8155044753521424,0.7890445835059657,0.0,0.6271094367876587,0,0,0,0,0,1,1,0,0,0,0,0,1,0,0
4781,0.5316531744950477,1,0.0513705218801517,1.4740831254389433,-0.4222493763168299,-0.5629991684224399,0.0,-0.44907824015978,-0.6008165839782944,0.0,-0.1923076923076923,0,1,0,0,0,1,0,0,0,0,0,0,0,0,0
4782,-0.6666259891049997,1,0.2018239660046056,0.4652226935796872,-0.2082672322956246,-0.2776896430608328,0.0,-0.1953003129048162,-0.1896676626273564,0.0,-0.8010278165216332,0,0,0,0,0,1,0,0,1,0,0,0,0,0,1
4783,0.6173140053771256,0,1.500660054471122,0.3434887284385142,2.6827971118932563,3.1624863216828945,1.243729482524342,3.7886565637498646,2.91738146863031,1.0,1.0882266777819078,0,0,1,0,0,0,0,0,0,0,0,0,0,1,0
4784,0.1208002458036023,0,0.2461056836114249,1.508216566808953,-0.25,-0.5774664003794308,0.7323992011382925,-0.4337567250745794,-0.5344085561230972,0.0,0.1457227082176734,0,1,0,0,0,1,1,0,0,0,0,0,0,0,0
4785,-0.2544298335823341,1,-0.2999701927656228,0.2770951320302742,-0.25,-0.3333333333333333,0.0,-0.3714189485588708,-0.4981602899713658,0.0,-0.4359874551168869,0,0,0,0,0,1,0,0,0,0,0,1,0,0,1
4786,-0.0388366444300559,0,-0.4342426077473074,1.1980944512663283,-0.5,-0.6666666666666666,0.0,-0.6057083681168304,-0.6488146655149246,0.0,0.1537523773540244,0,0,0,1,0,1,0,0,0,0,0,0,0,0,0
4787,0.9450735463019462,1,-0.2707276004053264,0.0649321040014075,0.2140438980746996,0.2853918640995995,0.0,0.2494877211075429,0.2401507624933736,0.0,-0.5443838726370699,0,0,0,1,0,1,0,0,0,0,1,0,0,0,1
4788,0.7291823083020847,1,-0.054803157060305,2.075310558638318,-0.5,-0.6666666666666666,0.0,-0.6057083681168304,-0.6488146655149246,0.0,-0.0026448707785766,0,0,0,0,0,1,0,0,0,0,0,0,0,0,0
4789,0.0544129164218258,1,-0.5403882924890926,0.3037728180701294,2.3963160432581323,2.6666666666666665,1.585264173032529,2.7913023516683277,2.043736510932737,0.414735826967471,0.1903650362135766,0,0,0,0,0,1,0,0,0,0,0,0,0,1,0
4790,-0.1425955456843778,1,-1.105263157894737,1.91924338255795,-0.5,-0.6666666666666666,0.0,-0.6057083681168304,-0.6488146655149246,0.0,-0.5485228931350298,0,0,0,0,0,1,0,0,0,0,0,1,0,0,0
4791,-0.2071382590719384,0,0.6977401661708912,0.0672668860054,0.25,0.3333333333333333,0.0,-0.0389070377586542,0.0562977030339363,2.0,1.2560838059919184,0,1,0,0,0,1,0,0,0,0,0,0,1,0,0
4792,0.6524255584956106,1,-0.3080135833443945,-0.4300425627900816,0.0,0.0,0.0,0.0129859792492062,0.0275810420874402,0.0,-0.3542390411392146,0,0,0,1,0,1,0,0,0,1,0,0,0,0,1
4793,0.6017599374835597,2,-1.0433541832018418,0.3331916177418806,-0.147033814895626,-0.5293784198608347,1.0,-0.4373465357107908,-0.1631738218820371,0.0,0.9049542906728856,0,0,0,0,0,1,0,0,0,0,1,0,1,0,0
4794,-0.3394418171408005,1,0.0511180502123145,0.4982026846271235,-0.25,-0.3333333333333333,0.0,-0.4189678220604515,-0.5511105552482766,0.0,-0.3188284976232031,0,0,0,0,0,1,0,0,0,0,0,0,0,0,1
4795,-0.1232179668374109,2,0.5448593267871104,-0.5069581566685766,0.5509167844431713,0.4012223792575616,1.0,0.1824991593973793,0.5054169907947632,1.0,-0.7151025278636396,0,0,0,0,0,1,1,0,0,0,0,0,0,0,1
4796,-0.4356750832761589,0,-0.8983881062020217,0.1415385909591059,-0.5,-0.6666666666666666,0.0,-0.6057083681168304,-0.6488146655149246,0.0,-1.0,0,0,0,0,0,1,0,0,0,0,0,1,0,0,0
4797,-0.1456224372084035,2,0.0666617749738713,-0.0944405718543148,-0.25,-0.3333333333333333,0.0,-0.4417055828560935,-0.4160780162031616,0.0,-0.0558967209577196,0,0,0,0,0,1,0,0,0,0,1,0,0,0,1
4798,-0.2576293250329002,2,-0.4816220407669629,-0.0325816493276883,-0.143852346821537,-0.1918031290953827,0.0,-0.1184199599063078,-0.370724178210473,0.0,0.3018915855933732,0,0,0,0,0,1,1,0,0,1,0,0,1,0,0
4799,-0.0598911727133619,0,0.0994364538229922,-0.1231548770439475,3.2721414754726297,4.02214147547263,1.0221414754726297,4.566881562756128,4.119497644371227,4.97785852452737,-0.5290939911461952,0,0,0,0,0,0,0,0,0,0,0,0,0,1,0
4800,-0.36983843543431,0,0.2198269911231648,-0.0444558837021729,2.513721452810998,3.0,1.0548858112439912,2.844098989870246,2.434539870677639,2.0,-0.6669757794258502,0,0,0,0,0,1,0,0,0,0,0,0,0,1,0
4801,-0.2528083911438123,2,-0.0892961721693363,0.3005621214637684,0.151686364391305,0.2022484858550733,0.0,0.189977078007884,0.0461346877380707,0.0,0.013827971331103,0,1,0,0,0,1,0,0,1,0,1,0,0,0,0
4802,-0.3842849038639916,0,0.0494659212234986,0.629654270582118,-0.0021481248840544,-0.1680987499227029,0.495703750231891,-0.2506028177947192,-0.0167776334801112,0.0,-0.6347806249910811,0,1,0,0,0,1,0,0,1,0,1,0,0,0,1
4803,0.6897356628618581,1,-0.1578947368421052,-0.030521205734718,4.233281808602077,4.955418156272206,2.0668727655916914,3.8606660391674463,5.011961454716764,3.9331272344083086,-0.0433677909012549,0,0,0,0,0,0,0,0,0,0,0,0,0,1,0
4804,0.6782528227501912,2,-0.7599523981710962,-0.1362144492920809,-0.3597738913127071,-0.4796985217502761,0.0,-0.3962427195160703,-0.6169444836000086,0.0,-0.4053189833084571,1,0,0,0,1,0,0,0,0,0,0,0,0,0,0
4805,-0.3061873515592593,1,-0.5655611796586755,0.9803433167791652,-0.5,-0.6666666666666666,0.0,-0.6057083681168304,-0.6488146655149246,0.0,-0.3559360610186602,0,1,0,0,0,1,0,0,0,1,0,0,0,0,0
4806,-0.7110659708752506,2,-0.0204966939372965,-0.2692977386778977,-0.25,-0.3333333333333333,0.0,-0.3365537248562568,-0.4423825664605957,0.0,-0.3020224197337761,0,0,0,0,0,0,0,0,0,0,1,0,0,0,1
4807,-0.4527472484616939,0,0.0721804863145133,1.5107142300020209,0.0,-0.2952380766673401,0.8857142300020205,0.0344609729810213,-0.1936023328155768,0.8857142300020205,-0.6208791423069151,0,0,1,0,0,0,0,0,0,0,1,0,0,0,1
4808,0.4026454432028358,2,-0.2476630043485351,0.7304000810382731,-0.25,-0.3333333333333333,0.0,-0.4615804592967734,-0.5183281215917299,0.2351990275407227,0.7579075801008526,0,0,0,1,0,1,0,0,0,0,0,0,1,0,0
4809,-0.4756512212436621,0,0.6224037066322066,0.7186548301856298,0.0894488625389202,0.1192651500518937,0.0,0.3185096759183373,-0.1620019251974897,0.0,-0.421665647106403,0,0,1,0,0,0,0,0,1,0,0,0,0,0,1
4810,-0.8846153846153846,0,-0.1507859792909438,-0.4982033538229283,0.8864933606527934,0.9243289071018624,0.7729867213055868,0.6614186751052205,0.3657838679960992,1.2270132786944132,-0.3652748486784056,1,0,0,0,1,0,0,0,0,1,0,0,0,0,1
4811,-0.1239643253696498,0,-0.3556426391383371,-0.5428683572714009,-0.25,-0.3333333333333333,0.0,-0.189707187685867,-0.3800748632306363,0.0,-0.544064381300883,0,0,0,0,0,1,1,0,0,0,0,0,0,0,1
4812,0.385061395236186,1,0.0594289348887234,-0.0656737982326545,-0.138244651325509,-0.2588297675503394,0.2235106973489818,-0.3147245231334034,-0.4571171792286488,0.2235106973489818,0.7859778891752741,0,0,0,1,0,1,0,0,0,1,0,0,1,0,0
4813,0.3740270240147352,0,-0.2075429994166718,-0.2869430824097304,-0.1528341505541617,-0.2037788674055489,0.0,-0.1824488239927855,-0.3871207745757732,1.0,0.8118964300871856,0,0,0,0,0,1,0,0,0,0,0,0,1,0,0
4814,0.2417007645674012,0,-1.060202811271845,-0.5476121290682983,-0.5,-0.6666666666666666,0.0,-0.6057083681168304,-0.6488146655149246,0.0,-0.3736838508172141,0,0,0,0,0,1,0,0,0,0,1,0,0,0,0
4815,0.650809335682524,1,-0.1740533811885196,-0.1361473169356118,-0.3366232196772658,-0.4488309595696876,0.0,-0.3924603478124531,-0.4419554193283894,0.0,-1.0007592045409075,0,0,0,1,0,1,0,0,0,0,1,0,0,0,0
4816,-0.3854377211472958,0,-0.8260238032243685,0.9770297642064808,-0.5,-0.6666666666666666,0.0,-0.6057083681168304,-0.6488146655149246,0.0,1.0345998037477249,0,0,0,1,0,1,0,0,1,0,0,0,0,0,0
4817,-0.0241321988808184,0,0.0510830462197873,-0.0106197642417732,3.25,4.0,1.0,4.450195781783103,4.081782302899216,4.885619764241773,-0.5384615384615384,0,0,0,0,0,0,0,0,0,0,0,0,0,1,0
4818,-0.2309919886877419,0,0.0291212223942426,0.6759125191993488,0.6945248848039067,0.592699846405209,1.0,0.7204185001517418,0.5565297967400983,0.7780995392156271,0.7609188940421892,0,0,0,1,0,1,0,0,0,0,0,0,1,0,0
4819,0.5222378547409907,1,-0.0376126986794065,2.083333333333333,-0.428660318727181,-0.5715470916362414,0.0,-0.5451586317686979,-0.5589810328918913,0.0,0.1097533558043368,0,0,0,0,0,1,0,0,0,0,0,0,0,0,0
4820,-0.3820796574794928,2,-0.090032593176603,1.35251353809291,-0.0592182725296215,-0.078957696706162,0.0,-0.1805442490093715,-0.033860908867509,0.8815634549407569,0.2631721954393012,1,0,0,0,1,0,0,0,1,0,1,0,0,0,0
4821,0.3226115045469145,1,1.4493351031891266,0.5765126102225278,3.384341740148352,4.024911307062272,1.4626330394065925,4.687593753533999,3.810939363787932,1.2686834802967035,0.8639474245925612,0,0,0,0,0,0,1,0,0,0,0,0,0,1,0
4822,-0.7925172754573957,0,-0.8503371949927216,-0.4254540968243572,-0.4243188547634642,-0.5657584730179523,0.0,-0.545952308686463,-0.5445651409506899,0.0,0.6958394714292911,0,0,0,0,0,1,0,1,0,0,0,0,0,0,0
4823,-0.6819819977498903,1,1.1041522972329112,-0.5519734044136735,0.876319147035918,0.5017588627145573,2.0,0.9065690439177564,0.7785304499493227,1.0,-0.8105335474619773,0,0,0,0,0,0,0,0,0,0,1,0,0,0,1
4824,0.7611665957616871,0,0.6107807502683194,0.1065204876715582,0.5174723758496778,0.3566298344662371,1.0,0.3956180006893339,0.6906979337173071,0.4650552483006444,1.2674723758496778,0,1,0,0,0,1,0,0,0,1,0,0,1,0,0
4825,0.1823733392911638,0,0.8814916507533712,1.68267177067803,-0.2185426705392565,-0.2913902273856753,0.0,-0.2183447849893488,-0.36114556216782,1.0,0.4814071675715184,0,0,0,0,0,1,0,0,0,0,0,0,1,0,0
4826,-0.4159133038670909,1,-0.4718755394020573,-0.1560423499092725,-0.25,-0.3333333333333333,0.0,-0.2557140097795644,-0.5636374726835259,0.0,-1.0970922133463843,0,0,0,0,0,1,0,0,0,0,0,1,0,0,1
4827,0.0712893175383441,1,-0.4622847275791973,0.9848721700000708,-0.5,-0.6666666666666666,0.0,-0.6057083681168304,-0.6488146655149246,0.0,0.3111232215382658,0,0,0,1,0,1,0,1,0,0,0,0,0,0,0
4828,-0.851616735402848,2,-0.2331043389348935,1.10114766252469,-0.1786228049703721,-0.2381637399604961,0.0,-0.2685223452897387,-0.4073291835072855,0.0,0.7308245591988622,1,0,0,0,1,0,0,0,0,0,0,1,1,0,0
4829,0.8281375921836536,2,-0.8814410960947398,-0.4857452909947902,-0.5,-0.6666666666666666,0.0,-0.6057083681168304,-0.6488146655149246,0.0,-0.5111321122836473,0,0,0,0,0,1,1,0,0,0,0,0,0,0,0
4830,0.0868107194455855,1,0.5420697835380303,1.040786517049222,0.8776404488523345,1.170187265136446,0.0,1.0186702330801067,0.7039768081494369,1.0,0.4771132246659983,0,0,0,0,0,0,1,0,0,0,0,0,1,0,0
4831,0.3313311992657969,1,0.3495367113343775,0.7030738094400621,-0.25,-0.3333333333333333,0.0,-0.3722321207870179,-0.499024563207938,0.0,-0.2346016245767712,0,0,0,0,0,1,0,1,0,0,0,0,0,0,1
4832,0.7527918485221499,1,0.4122095049909537,-0.0486674752154949,0.1011421641010043,0.1348562188013391,0.0,0.109594478142626,-0.136809783547194,1.0,-0.3954706082797043,0,0,0,0,0,1,1,0,0,0,0,0,0,0,1
4833,0.0937829255322214,1,1.3988567299232872,-0.0065231557118713,0.75,1.0,0.0,1.146782037050982,0.4618891155566991,1.0,-0.2416077048751093,0,0,1,0,0,0,0,1,0,0,0,0,0,0,0
4834,-0.2604903609457797,1,1.1101880938324091,-0.3711010923826762,1.2466580791851511,1.3288774389135347,1.0,1.3148543458372992,1.5206395301896718,1.0,0.4266759147236834,0,0,1,0,0,0,0,0,0,0,1,0,1,0,0
4835,0.233966506257105,1,0.648768951250432,0.0567101272595101,1.5451303817785305,1.9235940968903944,0.4097392364429391,1.993143577280557,1.1342934744937214,2.0,-0.7446555020857017,0,0,1,0,0,0,0,0,0,0,0,0,0,0,1
4836,-0.4690136855291751,0,1.5263157894736843,-0.4536102249042522,1.4119435582375854,1.8825914109834476,0.0,1.49070711367907,1.021211519960151,1.0,0.1197444077806902,0,0,1,0,0,0,0,0,0,0,0,0,0,0,0
4837,-0.7656519237015557,1,-0.4573596519720082,-0.4993538195572253,-0.2461229173433519,-0.3281638897911359,0.0,-0.2435363022574395,-0.2097925744996906,0.0,-0.6508637825718092,1,0,0,0,1,0,0,0,0,0,1,0,0,0,1
4838,0.808993317065242,1,-0.141331146900919,1.3694250051516306,3.4297795087034397,4.479412023209171,0.2808819651862437,4.12486153801747,2.93887600992247,2.719118034813756,-0.2186650688891331,0,0,0,0,0,0,0,0,0,0,0,0,0,1,0
4839,0.1279731441780861,2,-0.2303226801122015,-0.0536466646743037,-0.1980109101776525,-0.5280290938070733,0.7920436407106101,-0.4325423276860332,-0.232670734542446,0.0,-0.2307692307692307,0,0,0,1,0,1,0,0,0,1,0,0,0,0,1
4840,-0.6632408569087466,2,-0.7169542705165108,-0.5171751664694069,-0.4895036427726029,-0.6666666666666666,0.0419854289095882,-0.6027890469262828,-0.63511369053723,0.0,-0.8571633734052692,0,0,0,1,0,1,1,0,0,1,0,0,0,0,0
4841,-0.3550146603418841,1,0.7412084021232552,-0.1728092303561307,0.25,0.0,1.0,0.1070325536995488,0.0629491998552949,0.0,1.2981200414990173,0,0,0,0,0,1,0,0,0,0,0,0,1,0,0
4842,-0.3252660642036956,1,-0.6745912069621877,-0.3712358433596275,-0.5,-0.6666666666666666,0.0,-0.6057083681168304,-0.6488146655149246,0.0,0.0490057923683712,0,0,0,0,0,1,0,0,0,0,0,1,0,0,0
4843,-0.6273948516660607,0,0.4480966800388021,0.1846173081797417,-0.0642296150921549,-0.0856394867895399,0.0,-0.0698878262543268,-0.0854021984056863,0.0,-0.1482221886742037,0,0,0,0,0,1,0,0,1,1,0,0,0,0,1
4844,-0.398087277320014,0,-0.6715979253254346,-0.3995795262140462,-0.0380180290591628,-0.0506907054122171,0.0,-0.0168532132361159,-0.1704381770198261,1.0,-0.5292446377378176,0,0,0,1,0,1,0,0,0,0,0,0,0,0,1
4845,0.646833048820131,2,-0.7893980521389145,0.6477925913345739,-0.3863962956672869,-0.5151950608897159,0.0,-0.4883508064251791,-0.6247397083053431,0.0,0.003617091694598,0,0,0,0,0,1,0,0,0,0,1,0,0,0,0
4846,-0.4174484130834281,0,0.5914633972223768,-0.3363821095798097,0.2408536712605707,0.3211382283474277,0.0,0.0604827010626162,0.0489911778681288,0.0,-0.7586773129929664,0,0,0,0,0,1,0,0,0,0,0,1,0,0,1
4847,0.6247239010746566,0,-0.9525812030030952,1.1369815475735217,-0.5,-0.6666666666666666,0.0,-0.6057083681168304,-0.6488146655149246,0.0,-0.0984266483823581,0,0,0,0,0,1,0,0,1,0,1,0,0,0,0
4848,0.0582064696240352,1,-0.493667689893461,0.2174694827198655,2.371657947443772,2.6666666666666665,1.4866317897750845,2.806786196475874,1.9831503459603168,0.5133682102249155,0.1258746317760168,0,0,0,0,0,1,0,0,0,0,0,0,0,1,0
4849,0.4966823858331539,0,-0.1160454039369868,-0.0058403832728853,-0.5,-0.6666666666666666,0.0,-0.6057083681168304,-0.6488146655149246,0.0,-1.0318263101278462,0,0,0,1,0,1,0,0,0,0,1,0,0,0,0
4850,0.2639429675102317,0,1.3435143926591722,0.6284973301535599,0.9421128910087376,0.9228171880116504,1.0,1.5758149477716443,1.0915697596451903,2.231548435965049,1.3165980167678866,0,0,1,0,0,0,0,1,0,0,0,0,1,0,0
4851,-0.5879719346775182,0,0.1203826474534459,0.5866972931179368,-0.25,-0.3333333333333333,0.0,-0.3544615851544437,-0.3540466942758155,0.0574540603230947,0.9164476084242584,1,0,0,0,1,0,0,0,0,0,1,0,1,0,0
4852,0.1769125296795225,1,0.0481223626190407,-0.0488062591865188,0.75,0.3476125183730377,1.9571624448808864,0.0018228152168713,0.6767223737081252,1.0,0.4533004701694013,0,0,0,0,0,1,0,0,0,0,1,0,1,0,0
4853,-0.19432484758101,1,0.0291375320914108,1.5684732215350694,0.1384032774342013,0.1845377032456017,0.0,0.0197477481657897,0.1197333102686771,0.5536131097368052,-0.0377891533704325,1,0,0,0,1,0,0,0,0,0,0,0,0,0,1
4854,0.2234592420668416,2,-0.2973674968070879,-0.3274997073222445,0.2324991219667335,0.309998829288978,0.0,0.4978494279687959,0.1129810367074773,0.0,-0.0457715271639276,0,1,0,0,0,1,0,0,0,0,0,0,0,0,1
4855,-0.9054434813143352,1,0.6272073142976091,0.7160181903702527,0.3176913142715892,0.3333333333333333,0.270765257086357,0.4418676118543959,0.4633734072399425,0.0,-0.4623685450788489,0,1,0,0,0,1,0,0,1,0,0,0,0,0,1
4856,-0.703881047329239,0,-0.0912917354779097,0.2861363119600059,0.0978977660299955,0.0,0.3915910641199822,-0.2016157739061471,0.1047585027720208,0.0,-0.4281818658830715,0,1,0,0,0,1,0,0,1,0,0,0,0,0,1
4857,0.6610094394261059,2,-1.0308806038455165,0.5010652065790948,-0.1766585658668991,-0.5688780878225321,1.0,-0.4711808544471216,-0.177640731656664,0.0,0.9323002146463684,0,0,0,0,0,1,0,0,0,0,1,0,1,0,0
4858,0.6733167384762999,1,1.5066062947385257,-0.1875866000053305,1.1563799000079955,1.2085065333439944,1.0,1.604684467712668,1.3975837304978338,1.625519600031983,0.1870803230510906,0,0,1,0,0,0,0,0,1,0,0,0,0,0,0
4859,-0.6371621842932091,0,-0.1568338554423038,0.5634196776614366,0.0,0.0,0.0,-0.0981098663155263,-0.1755370813301801,0.0,-0.2508489332259415,1,0,0,0,1,0,0,1,0,0,0,0,0,0,1
4860,-0.2097381842157287,1,-0.0144679756118782,2.043554969956704,-0.0113298197402236,-0.0151064263202982,0.0,-0.0235503706383504,-0.0806831804284977,0.0,-0.1660474981817793,0,1,0,0,0,1,0,0,0,1,0,0,0,0,1
4861,-0.6115935220088218,1,-0.3184703172629539,1.3708470984509231,0.5874862348824099,0.7833149798432133,0.0,0.6809878236230775,0.6682496767979396,1.0,-0.978873684081334,0,0,0,0,0,0,1,0,0,0,0,0,0,0,1
4862,0.5823624305952262,0,-0.5109008409147056,1.02988140037701,-0.5,-0.6666666666666666,0.0,-0.6057083681168304,-0.6488146655149246,0.0,0.7338749703617989,0,0,0,1,0,1,0,0,0,0,0,1,0,0,0
4863,-0.3514492158285133,1,-0.0925501618084683,-0.2054143743060765,-0.0948066342951122,-0.1264088457268163,0.0,-0.2300388737268919,-0.4897380085154004,0.0,0.8660348518739153,1,0,0,0,1,0,0,0,1,1,0,0,1,0,0
4864,-0.0055786449400642,0,0.0697616223625199,0.2473963154264828,3.2078419265554925,3.887578470814647,1.16863229377803,4.291930776500073,3.9734672161852873,5.16863229377803,-0.4087443894015153,0,0,0,0,0,0,0,0,0,0,0,0,0,1,0
4865,0.4696779816826796,0,-0.531774814039498,-0.3881395412708388,-0.4605813761874835,-0.6141085015833113,0.0,-0.5867473740032997,-0.6270226247086961,0.0,-0.2245438813269687,1,0,0,0,1,0,0,0,1,1,0,0,0,0,0
4866,-0.1481590397280784,0,-0.1971832796188667,-0.0349193451651629,0.5633794218103831,0.4178392290805107,1.0,0.4056603602645116,0.8087713809204118,2.6267588436207663,0.6646791994297612,0,0,0,0,0,1,0,0,0,0,0,0,1,0,0
4867,-0.4412325107082786,0,0.9608522333297256,1.146349369438732,0.1840056598019054,0.2453408797358739,0.0,0.7241638168629649,0.1620953920994174,0.0,-0.8766127723991206,0,0,1,0,0,0,1,0,0,0,1,0,0,0,1
4868,-0.0751429239511763,1,0.9221230705737092,-0.0694833839963087,1.2261570994317357,1.3015427992423136,1.0,1.4179400559488682,1.0693970351848348,2.0,-0.6061603527096245,0,0,0,0,0,0,0,0,1,0,0,1,0,0,1
4869,0.7148186798870343,2,-1.0452387164169978,0.4268392903671382,-0.2759196451835691,-0.3678928602447588,0.0,-0.3742236272034673,-0.6013274380041579,0.0,-0.4042966947068217,0,0,0,0,0,1,0,0,0,0,1,0,0,0,0
4870,0.6388745650271651,1,-0.1655775258413231,0.114862986737143,4.036493247746285,4.381990996995047,3.0,3.6030242611367487,4.209608609952975,3.0,0.9110093492743748,0,0,0,1,0,1,0,0,1,1,0,0,0,1,0
4871,-0.3321789558604801,1,-0.0455678259341298,0.8766369489219616,0.8547462266562227,1.1396616355416302,0.0,0.8362776656511094,0.8479501715171056,1.0,-0.6538461538461539,0,0,0,0,0,1,1,0,0,0,0,0,0,0,1
4872,0.1227191211458341,0,-0.2009018758956606,0.1449408519782525,2.643482255593476,3.1913096741246343,1.0,2.3716446272819542,3.009527154230025,2.573929022373903,0.3053714514745692,0,0,0,0,0,1,1,0,0,0,0,1,0,1,0
4873,0.0769230769230769,0,0.4326571236822948,0.1381895859705033,-0.25,-0.3333333333333333,0.0,-0.2726440386260228,-0.3903543243017217,0.0,0.6079950220516553,0,0,0,0,0,1,0,0,0,0,0,0,1,0,0
4874,-0.2155909981746899,1,-0.1282516014986756,-0.119731702372903,-0.119731702372903,-0.1596422698305373,0.0,-0.2289910604391328,-0.3686473044867863,0.0,0.8997936172099255,1,0,0,0,1,0,0,0,0,1,0,0,1,0,0
4875,-0.6423233070069793,0,-0.4235025869188202,-0.1227221335380501,-0.0875507477726825,-0.1167343303635767,0.0,0.1985925251522312,-0.3693173714529633,0.0,-0.6616321497341833,0,0,0,0,0,0,0,0,1,0,1,0,0,0,1
4876,0.4739433301990972,1,-0.1052631578947368,0.1693683537058682,-0.3306316462941318,-0.4408421950588423,0.0,-0.3873602321376695,-0.4667505939624028,0.0,-0.7778948404525104,0,0,0,0,0,1,0,0,0,0,1,0,0,0,0
4877,-0.2441140824424987,0,0.1288941428685082,-0.3261048720103132,-0.25,-0.3333333333333333,0.0,-0.3023872021351751,-0.2716529483643372,0.2414981190836093,0.6909997106282476,1,0,0,0,1,0,0,0,0,0,0,0,1,0,0
4878,0.345591220812397,0,-0.5224662476637695,-0.3284572470407747,-0.25,-0.6666666666666666,1.0,-0.554943835659865,-0.5925970580224789,0.0,0.6442815230415198,1,0,0,0,1,0,0,0,0,0,0,0,0,0,0
4879,0.822241273103591,2,-0.0867321949922924,1.4166666666666667,0.5518105749422195,0.6666666666666666,0.2072422997688783,0.5937737233675467,0.3148723468095739,0.0,0.9085279576656398,0,0,0,0,0,1,0,0,0,0,1,0,1,0,0
4880,-0.3026015891987166,0,-0.0216723099649152,2.083333333333333,0.1783089670208342,0.2377452893611122,0.0,0.2454095477856926,-0.0880912307330192,0.0,-0.3023189382980765,1,0,0,0,1,0,0,0,0,0,0,0,0,0,1
4881,-0.0384615384615384,0,-1.0406968602772455,1.8788733908779447,-0.5,-0.6666666666666666,0.0,-0.6057083681168304,-0.6488146655149246,0.0,-0.4353738859924232,0,0,0,0,0,1,0,0,0,0,0,1,0,0,0
4882,0.2687481477240317,1,-0.1230271606872837,0.1958386843527972,-0.25,-0.3333333333333333,0.0,-0.3302316445218192,-0.5953933031325729,0.3375160530583918,0.7033585929368342,0,0,0,0,0,1,0,0,0,1,0,0,1,0,0
4883,0.535316309292025,1,0.9237580292501544,-0.1921728900442402,0.8367406649336396,1.0,0.3469626597345584,1.4811832782629697,0.7727516479553116,0.3469626597345584,0.3406722013955314,0,0,1,0,0,0,0,0,1,0,0,0,1,0,0
4884,0.4116035893989996,0,-1.0090666029994164,1.969363080570523,-0.3476887880824093,-0.6666666666666666,0.6092448476703629,-0.5608485612992605,-0.5734996291583234,0.0,1.3298327732975728,0,0,0,0,0,1,0,0,0,0,0,0,0,0,0
4885,-0.2893832068819594,0,0.77277064487477,-0.021831807455456,0.25,0.3333333333333333,0.0,0.4262782830611421,0.1641157591961855,2.0,0.5432942583050695,0,1,0,0,0,1,0,0,0,0,0,0,1,0,0
4886,-0.834955573141123,0,0.7299107202811284,1.78206381038948,-0.12911550983308,-0.1721540131107733,0.0,-0.1485743141074514,-0.2071278669746478,0.74176898033384,-0.2964940346795846,0,1,0,0,0,1,0,1,0,0,0,1,0,0,0
4887,-0.1902262471124664,1,0.4110836045912867,-0.0527058787537936,3.848647060623103,4.131529414164137,3.0,4.092146921431625,3.78864577325172,2.0,-0.126615379908807,0,0,0,0,0,0,0,0,0,0,0,0,0,1,0
4888,0.353963999858731,1,-0.2262889123129209,-0.0374361667431873,3.891709222171208,4.188945629561611,3.0,3.470744842804696,3.82223755320227,2.5668368886848336,0.3784342732295837,0,0,0,0,0,1,0,0,0,0,0,0,0,1,0
4889,-0.7642889774893452,1,0.1849445442688472,-0.0577274898262946,0.6128486585277024,0.4085657723518016,1.2256973170554049,0.8100200258032308,0.3138329430869951,1.0,-0.3621821388203737,0,0,0,0,0,1,0,0,0,0,1,0,0,0,1
4890,0.1740711365147472,0,0.8792194689408782,1.692565228986593,-0.2131462387345856,-0.2841949849794475,0.0,-0.2142526823792321,-0.3530905369805429,1.0,0.4980115731243517,0,0,0,0,0,1,0,0,0,0,0,0,1,0,0
4891,0.4262991845858185,0,0.2522110994902675,0.5781376552811917,0.75,0.6666666666666666,1.0,0.7535277392068948,0.8129357563788564,3.0,1.1169957461390632,0,0,0,0,0,0,0,0,0,0,0,0,1,0,0
4892,0.8964565786304775,0,-0.5188144629857246,-0.3937665103193185,2.3791336460280297,2.8388448613707062,1.0,2.307837372366784,2.630442777477862,2.2417327079439406,-0.4695639822969117,0,0,0,0,0,0,1,0,0,0,0,1,0,1,0
4893,0.6454855106035504,2,-0.5711404425072637,-0.4043057006365008,-0.5,-0.6666666666666666,0.0,-0.6057083681168304,-0.6488146655149246,0.0,-0.6900460075586496,0,0,0,0,0,1,1,0,0,0,0,0,0,0,0
4894,-0.5654067573845551,0,0.7944842890631291,2.083333333333333,0.0,0.0,0.0,0.2667883149845036,0.051892792620315,0.0,-0.3084748236615023,0,0,1,0,0,0,1,0,0,0,0,0,0,0,0
4895,0.2917308043864816,1,-0.7301170125174574,-0.1675463555401819,-0.25,-0.3333333333333333,0.0,-0.1929317732334643,-0.4882645712208515,0.287222323783169,-0.6153846153846154,0,0,1,0,0,0,0,0,0,0,0,0,0,0,1
4896,-0.6145863112837924,0,1.1401037966566536,-0.4772980011971615,1.3068940035914849,1.613788007182969,0.3862119928170306,1.3797380415046865,1.0661072758150485,1.0,0.0830244607096573,0,0,0,0,0,0,0,0,0,0,0,0,0,0,1
4897,0.1247558842280252,0,-0.4487603006974275,-0.1028737662102527,-0.5,-0.6666666666666666,0.0,-0.6057083681168304,-0.6488146655149246,0.0,0.1628648151739628,0,0,0,0,0,1,0,0,1,1,0,0,0,0,0
4898,0.0226982258433596,2,-0.3098822802897332,-0.4875996061009341,0.2036568052293721,0.2715424069724961,0.0,-0.0103225707355544,0.427403692105237,0.0,-0.6225143376570197,0,0,0,0,0,1,0,0,0,0,0,0,0,0,1
4899,-0.661520870382346,0,-0.2002046129211334,0.1164475101800605,-0.1499428287426245,-0.1999237716568326,0.0,0.0349792104152917,-0.3124045835137822,0.0,-0.7768175299863838,0,0,0,0,0,0,0,0,1,0,1,0,0,0,1
4900,0.6295677091273453,1,-0.0453428266961522,2.083333333333333,-0.4653784268067233,-0.6205045690756312,0.0,-0.5763232196074946,-0.6052178673293225,0.0,0.053263958758887,0,0,0,0,0,1,0,0,0,0,0,0,0,0,0
4901,0.8076923076923077,2,-1.049953532557232,-0.3968933933627624,-0.4671599099558564,-0.6228798799411419,0.0,-0.5834709565370567,-0.6273310246913444,0.0,0.0606278585430343,0,0,0,1,0,1,0,0,0,0,0,0,0,0,0
